job_id,company,title,url,found_date,matched,source
greenhouse:figma:5364702004,Figma,"Account Executive, Emerging Enterprise (Berlin, Germany)",https://boards.greenhouse.io/figma/jobs/5364702004?gh_jid=5364702004,2026-08-12,no
greenhouse:figma:5426468004,Figma,"Account Executive, Enterprise",https://boards.greenhouse.io/figma/jobs/5426468004?gh_jid=5426468004,2026-08-12,no
greenhouse:figma:5579204004,Figma,"Account Executive, Enterprise (Bengaluru, India)",https://boards.greenhouse.io/figma/jobs/5579204004?gh_jid=5579204004,2026-08-12,no
greenhouse:figma:5783812004,Figma,"Account Executive, Enterprise (Berlin, Germany)",https://boards.greenhouse.io/figma/jobs/5783812004?gh_jid=5783812004,2026-08-12,no
greenhouse:figma:5428656004,Figma,"Account Executive, Enterprise (Paris, France) ",https://boards.greenhouse.io/figma/jobs/5428656004?gh_jid=5428656004,2026-08-12,no
greenhouse:figma:5753209004,Figma,"Account Executive, Enterprise (Singapore)",https://boards.greenhouse.io/figma/jobs/5753209004?gh_jid=5753209004,2026-08-12,no
greenhouse:figma:5803515004,Figma,"Account Executive, Enterprise (Sydney or Melbourne, Australia)",https://boards.greenhouse.io/figma/jobs/5803515004?gh_jid=5803515004,2026-08-12,no
greenhouse:figma:5806875004,Figma,"Account Executive, Enterprise (Tokyo, Japan) ",https://boards.greenhouse.io/figma/jobs/5806875004?gh_jid=5806875004,2026-08-12,no
greenhouse:figma:5422236004,Figma,"Account Executive, Mid-Market",https://boards.greenhouse.io/figma/jobs/5422236004?gh_jid=5422236004,2026-08-12,no
greenhouse:figma:5415515004,Figma,"Account Executive, Mid-Market (London, United Kingdom)",https://boards.greenhouse.io/figma/jobs/5415515004?gh_jid=5415515004,2026-08-12,no
greenhouse:figma:5844225004,Figma,"Account Executive, Mid-Market (Paris, France)",https://boards.greenhouse.io/figma/jobs/5844225004?gh_jid=5844225004,2026-08-12,no
greenhouse:figma:6117206004,Figma,"Account Executive, Mid-Market (Sydney, Australia)",https://boards.greenhouse.io/figma/jobs/6117206004?gh_jid=6117206004,2026-08-12,no
greenhouse:figma:5694259004,Figma,"Account Executive, SMB ",https://boards.greenhouse.io/figma/jobs/5694259004?gh_jid=5694259004,2026-08-12,no
greenhouse:figma:5985397004,Figma,"Account Executive, SMB (Berlin, Germany)",https://boards.greenhouse.io/figma/jobs/5985397004?gh_jid=5985397004,2026-08-12,no
greenhouse:figma:5647851004,Figma,"Account Executive, SMB (London, United Kingdom)",https://boards.greenhouse.io/figma/jobs/5647851004?gh_jid=5647851004,2026-08-12,no
greenhouse:figma:5675771004,Figma,"Account Executive, SMB (Paris, France)",https://boards.greenhouse.io/figma/jobs/5675771004?gh_jid=5675771004,2026-08-12,no
greenhouse:figma:5729844004,Figma,"Account Executive, SMB (Tokyo, Japan) ",https://boards.greenhouse.io/figma/jobs/5729844004?gh_jid=5729844004,2026-08-12,no
greenhouse:figma:5558737004,Figma,"Account Executive, Strategic",https://boards.greenhouse.io/figma/jobs/5558737004?gh_jid=5558737004,2026-08-12,no
greenhouse:figma:5565921004,Figma,"Account Executive, Strategic (Paris, France) ",https://boards.greenhouse.io/figma/jobs/5565921004?gh_jid=5565921004,2026-08-12,no
greenhouse:figma:5756182004,Figma,"Account Executive, Strategic (Tokyo, Japan)",https://boards.greenhouse.io/figma/jobs/5756182004?gh_jid=5756182004,2026-08-12,no
greenhouse:figma:5707966004,Figma,AI Applied Scientist,https://boards.greenhouse.io/figma/jobs/5707966004?gh_jid=5707966004,2026-08-12,no
greenhouse:figma:5633324004,Figma,Associate Solutions Consultant,https://boards.greenhouse.io/figma/jobs/5633324004?gh_jid=5633324004,2026-08-12,no
greenhouse:figma:6119180004,Figma,Business Operations,https://boards.greenhouse.io/figma/jobs/6119180004?gh_jid=6119180004,2026-08-12,no
greenhouse:figma:5832782004,Figma,"Business Recruiter (São Paulo, Brazil)",https://boards.greenhouse.io/figma/jobs/5832782004?gh_jid=5832782004,2026-08-12,no
greenhouse:figma:6123890004,Figma,"Community Support Specialist (Tokyo, Japan)",https://boards.greenhouse.io/figma/jobs/6123890004?gh_jid=6123890004,2026-08-12,no
greenhouse:figma:6014642004,Figma,"Compensation Partner, Engineering",https://boards.greenhouse.io/figma/jobs/6014642004?gh_jid=6014642004,2026-08-12,no
greenhouse:figma:6037719004,Figma,Content Support Engineer,https://boards.greenhouse.io/figma/jobs/6037719004?gh_jid=6037719004,2026-08-12,no
greenhouse:figma:6018708004,Figma,Corporate Counsel,https://boards.greenhouse.io/figma/jobs/6018708004?gh_jid=6018708004,2026-08-12,no
greenhouse:figma:5817899004,Figma,Customer Enablement Manager,https://boards.greenhouse.io/figma/jobs/5817899004?gh_jid=5817899004,2026-08-12,no
greenhouse:figma:6133181004,Figma,"Customer Enablement Manager (Berlin, Germany)",https://boards.greenhouse.io/figma/jobs/6133181004?gh_jid=6133181004,2026-08-12,no
greenhouse:figma:6102903004,Figma,"Customer Enablement Manager, French Speaking (London, United Kingdom)",https://boards.greenhouse.io/figma/jobs/6102903004?gh_jid=6102903004,2026-08-12,no
greenhouse:figma:6130557004,Figma,"Customer Enablement Manager (London, United Kingdom)",https://boards.greenhouse.io/figma/jobs/6130557004?gh_jid=6130557004,2026-08-12,no
greenhouse:figma:5976498004,Figma,"Customer Enablement Manager (Paris, France)   ",https://boards.greenhouse.io/figma/jobs/5976498004?gh_jid=5976498004,2026-08-12,no
greenhouse:figma:6099277004,Figma,"Customer Enablement Manager (Tokyo, Japan)",https://boards.greenhouse.io/figma/jobs/6099277004?gh_jid=6099277004,2026-08-12,no
greenhouse:figma:6104028004,Figma,"Customer Success Manager (São Paulo, Brazil)",https://boards.greenhouse.io/figma/jobs/6104028004?gh_jid=6104028004,2026-08-12,no
greenhouse:figma:5220003004,Figma,Data Engineer,https://boards.greenhouse.io/figma/jobs/5220003004?gh_jid=5220003004,2026-08-12,no
greenhouse:figma:5976930004,Figma,"Data Scientist, Core Data -  PhD (2026)",https://boards.greenhouse.io/figma/jobs/5976930004?gh_jid=5976930004,2026-08-12,no
greenhouse:figma:6013304004,Figma,"Data Scientist, Finance",https://boards.greenhouse.io/figma/jobs/6013304004?gh_jid=6013304004,2026-08-12,no
greenhouse:figma:5692764004,Figma,"Designer Advocate - Figma Weave (New York, United States)",https://boards.greenhouse.io/figma/jobs/5692764004?gh_jid=5692764004,2026-08-12,no
greenhouse:figma:6122399004,Figma,"Designer Advocate (London, United Kingdom)",https://boards.greenhouse.io/figma/jobs/6122399004?gh_jid=6122399004,2026-08-12,no
greenhouse:figma:6114301004,Figma,"Designer Advocate, Partnerships",https://boards.greenhouse.io/figma/jobs/6114301004?gh_jid=6114301004,2026-08-12,no
greenhouse:figma:6022151004,Figma,"Designer Advocate (São Paulo, Brazil)",https://boards.greenhouse.io/figma/jobs/6022151004?gh_jid=6022151004,2026-08-12,no
greenhouse:figma:6092343004,Figma,"Director, Business Operations",https://boards.greenhouse.io/figma/jobs/6092343004?gh_jid=6092343004,2026-08-12,no
greenhouse:figma:6019394004,Figma,"Director, Business Systems",https://boards.greenhouse.io/figma/jobs/6019394004?gh_jid=6019394004,2026-08-12,no
greenhouse:figma:5841222004,Figma,"Director, Communications ",https://boards.greenhouse.io/figma/jobs/5841222004?gh_jid=5841222004,2026-08-12,no
greenhouse:figma:6130865004,Figma,"Director, Data Science",https://boards.greenhouse.io/figma/jobs/6130865004?gh_jid=6130865004,2026-08-12,no
greenhouse:figma:5996614004,Figma,"Director, Enterprise Sales",https://boards.greenhouse.io/figma/jobs/5996614004?gh_jid=5996614004,2026-08-12,no
greenhouse:figma:6130524004,Figma,"Director, Enterprise Sales (London, United Kingdom)",https://boards.greenhouse.io/figma/jobs/6130524004?gh_jid=6130524004,2026-08-12,no
greenhouse:figma:5728495004,Figma,"Director, Federal Sales",https://boards.greenhouse.io/figma/jobs/5728495004?gh_jid=5728495004,2026-08-12,no
greenhouse:figma:5850497004,Figma,"Director, IT",https://boards.greenhouse.io/figma/jobs/5850497004?gh_jid=5850497004,2026-08-12,no
greenhouse:figma:6018024004,Figma,"Director, Mid-Market Sales",https://boards.greenhouse.io/figma/jobs/6018024004?gh_jid=6018024004,2026-08-12,no
greenhouse:figma:6002024004,Figma,"Director, Product - Enterprise ",https://boards.greenhouse.io/figma/jobs/6002024004?gh_jid=6002024004,2026-08-12,no
greenhouse:figma:6112112004,Figma,"Director, Research - AI Evals",https://boards.greenhouse.io/figma/jobs/6112112004?gh_jid=6112112004,2026-08-12,no
greenhouse:figma:5820284004,Figma,"Director, Solutions Consulting (United States)",https://boards.greenhouse.io/figma/jobs/5820284004?gh_jid=5820284004,2026-08-12,no
greenhouse:figma:5835172004,Figma,"Director, Technical Revenue Accounting",https://boards.greenhouse.io/figma/jobs/5835172004?gh_jid=5835172004,2026-08-12,no
greenhouse:figma:5813967004,Figma,Distribution Partner Manager,https://boards.greenhouse.io/figma/jobs/5813967004?gh_jid=5813967004,2026-08-12,no
greenhouse:figma:6100732004,Figma,"Employment Counsel (London, United Kingdom) ",https://boards.greenhouse.io/figma/jobs/6100732004?gh_jid=6100732004,2026-08-12,no
greenhouse:figma:5615966004,Figma,"Enterprise Solutions Consultant (Bengaluru, India)",https://boards.greenhouse.io/figma/jobs/5615966004?gh_jid=5615966004,2026-08-12,no
greenhouse:figma:6105678004,Figma,"Enterprise Support Specialist, Korean Speaking (London, United Kingdom)",https://boards.greenhouse.io/figma/jobs/6105678004?gh_jid=6105678004,2026-08-12,no
greenhouse:figma:6126728004,Figma,"Events Manager - Figma Weave (New York, United States)",https://boards.greenhouse.io/figma/jobs/6126728004?gh_jid=6126728004,2026-08-12,no
greenhouse:figma:6132356004,Figma,"Executive Assistant, Chief People Officer",https://boards.greenhouse.io/figma/jobs/6132356004?gh_jid=6132356004,2026-08-12,no
greenhouse:figma:6115082004,Figma,"Executive Assistant, Design ",https://boards.greenhouse.io/figma/jobs/6115082004?gh_jid=6115082004,2026-08-12,no
greenhouse:figma:5969046004,Figma,"Executive Assistant, People",https://boards.greenhouse.io/figma/jobs/5969046004?gh_jid=5969046004,2026-08-12,no
greenhouse:figma:6007619004,Figma,Field Enablement Manager (United States),https://boards.greenhouse.io/figma/jobs/6007619004?gh_jid=6007619004,2026-08-12,no
greenhouse:figma:6110219004,Figma,Forward Deployed Engineer ,https://boards.greenhouse.io/figma/jobs/6110219004?gh_jid=6110219004,2026-08-12,no
greenhouse:figma:6015630004,Figma,Governance Risk and Compliance,https://boards.greenhouse.io/figma/jobs/6015630004?gh_jid=6015630004,2026-08-12,no
greenhouse:figma:5810842004,Figma,"Head of Marketing, LATAM (São Paulo, Brazil)",https://boards.greenhouse.io/figma/jobs/5810842004?gh_jid=5810842004,2026-08-12,yes
greenhouse:figma:6122269004,Figma,"Inside Sales Representative, French or German Speaker (London, United Kingdom) ",https://boards.greenhouse.io/figma/jobs/6122269004?gh_jid=6122269004,2026-08-12,no
greenhouse:figma:5983820004,Figma,"Manager, Data Science - AI Product",https://boards.greenhouse.io/figma/jobs/5983820004?gh_jid=5983820004,2026-08-12,no
greenhouse:figma:6118332004,Figma,"Manager, Distribution Partnerships",https://boards.greenhouse.io/figma/jobs/6118332004?gh_jid=6118332004,2026-08-12,no
greenhouse:figma:5996930004,Figma,"Manager, Enterprise Sales",https://boards.greenhouse.io/figma/jobs/5996930004?gh_jid=5996930004,2026-08-12,no
greenhouse:figma:6104574004,Figma,"Manager, Enterprise Support (Singapore)",https://boards.greenhouse.io/figma/jobs/6104574004?gh_jid=6104574004,2026-08-12,no
greenhouse:figma:6004606004,Figma,"Manager, Figma for Education (International)",https://boards.greenhouse.io/figma/jobs/6004606004?gh_jid=6004606004,2026-08-12,no
greenhouse:figma:6132269004,Figma,"Manager, HRIS",https://boards.greenhouse.io/figma/jobs/6132269004?gh_jid=6132269004,2026-08-12,no
greenhouse:figma:6010992004,Figma,"Manager, Inside Sales (London, United Kingdom)",https://boards.greenhouse.io/figma/jobs/6010992004?gh_jid=6010992004,2026-08-12,no
greenhouse:figma:6110744004,Figma,"Manager, Mid-Market Sales (Berlin, Germany)",https://boards.greenhouse.io/figma/jobs/6110744004?gh_jid=6110744004,2026-08-12,no
greenhouse:figma:6104919004,Figma,"Manager, Product - Code",https://boards.greenhouse.io/figma/jobs/6104919004?gh_jid=6104919004,2026-08-12,no
greenhouse:figma:5790585004,Figma,"Manager, Product Design",https://boards.greenhouse.io/figma/jobs/5790585004?gh_jid=5790585004,2026-08-12,no
greenhouse:figma:6015609004,Figma,"Manager, Security Operations",https://boards.greenhouse.io/figma/jobs/6015609004?gh_jid=6015609004,2026-08-12,no
greenhouse:figma:5838098004,Figma,"Manager, Software Engineering - AI Product ",https://boards.greenhouse.io/figma/jobs/5838098004?gh_jid=5838098004,2026-08-12,no
greenhouse:figma:6099616004,Figma,"Manager, Software Engineering - AI Product (London, United Kingdom)",https://boards.greenhouse.io/figma/jobs/6099616004?gh_jid=6099616004,2026-08-12,no
greenhouse:figma:5722244004,Figma,"Manager, Software Engineering - Billing",https://boards.greenhouse.io/figma/jobs/5722244004?gh_jid=5722244004,2026-08-12,no
greenhouse:figma:6135721004,Figma,"Manager, Software Engineering - Data Platform",https://boards.greenhouse.io/figma/jobs/6135721004?gh_jid=6135721004,2026-08-12,no
greenhouse:figma:6008752004,Figma,"Manager, Software Engineering - DevEx AI Tools",https://boards.greenhouse.io/figma/jobs/6008752004?gh_jid=6008752004,2026-08-12,no
greenhouse:figma:6105734004,Figma,"Manager, Software Engineering - Figma Weave (Tel Aviv, Israel)",https://boards.greenhouse.io/figma/jobs/6105734004?gh_jid=6105734004,2026-08-12,no
greenhouse:figma:6010279004,Figma,"Manager, Software Engineering - Growth Platform ",https://boards.greenhouse.io/figma/jobs/6010279004?gh_jid=6010279004,2026-08-12,no
greenhouse:figma:5778796004,Figma,"Manager, Software Engineering - Interaction Design",https://boards.greenhouse.io/figma/jobs/5778796004?gh_jid=5778796004,2026-08-12,no
greenhouse:figma:5807963004,Figma,"Manager, Software Engineering - Observability",https://boards.greenhouse.io/figma/jobs/5807963004?gh_jid=5807963004,2026-08-12,no
greenhouse:figma:6092906004,Figma,"Manager, Software Engineering - Payload",https://boards.greenhouse.io/figma/jobs/6092906004?gh_jid=6092906004,2026-08-12,no
greenhouse:figma:6111591004,Figma,"Manager, Solutions Consulting (London, United Kingdom)",https://boards.greenhouse.io/figma/jobs/6111591004?gh_jid=6111591004,2026-08-12,no
greenhouse:figma:6134908004,Figma,"Manager, Solutions Consulting (Tokyo, Japan)",https://boards.greenhouse.io/figma/jobs/6134908004?gh_jid=6134908004,2026-08-12,no
greenhouse:figma:5697641004,Figma,"Manager, Solutions Consulting (United States)",https://boards.greenhouse.io/figma/jobs/5697641004?gh_jid=5697641004,2026-08-12,no
greenhouse:figma:5620034004,Figma,"Manager, Strategic Sales",https://boards.greenhouse.io/figma/jobs/5620034004?gh_jid=5620034004,2026-08-12,no
greenhouse:figma:6013495004,Figma,Marketing Engineer,https://boards.greenhouse.io/figma/jobs/6013495004?gh_jid=6013495004,2026-08-12,no
greenhouse:figma:6117563004,Figma,Motion Designer ,https://boards.greenhouse.io/figma/jobs/6117563004?gh_jid=6117563004,2026-08-12,no
greenhouse:figma:6051050004,Figma,"Onboarding Manager, Customer Experience (Tokyo, Japan)",https://boards.greenhouse.io/figma/jobs/6051050004?gh_jid=6051050004,2026-08-12,no
greenhouse:figma:5978282004,Figma,"People Partner, Japan & APAC (Singapore)",https://boards.greenhouse.io/figma/jobs/5978282004?gh_jid=5978282004,2026-08-12,no
greenhouse:figma:5711913004,Figma,"Product Designer, AI Models",https://boards.greenhouse.io/figma/jobs/5711913004?gh_jid=5711913004,2026-08-12,no
greenhouse:figma:6126976004,Figma,"Product Designer, CMS",https://boards.greenhouse.io/figma/jobs/6126976004?gh_jid=6126976004,2026-08-12,no
greenhouse:figma:5711468004,Figma,"Product Designer, Design, Dev, & AI Tools",https://boards.greenhouse.io/figma/jobs/5711468004?gh_jid=5711468004,2026-08-12,no
greenhouse:figma:5991320004,Figma,"Product Designer - Figma Weave (Tel Aviv, Israel)",https://boards.greenhouse.io/figma/jobs/5991320004?gh_jid=5991320004,2026-08-12,no
greenhouse:figma:5711595004,Figma,"Product Designer, Growth & Monetization",https://boards.greenhouse.io/figma/jobs/5711595004?gh_jid=5711595004,2026-08-12,no
greenhouse:figma:6119781004,Figma,"Product Manager, Acquisition",https://boards.greenhouse.io/figma/jobs/6119781004?gh_jid=6119781004,2026-08-12,no
greenhouse:figma:5989185004,Figma,"Product Manager, AI Growth",https://boards.greenhouse.io/figma/jobs/5989185004?gh_jid=5989185004,2026-08-12,no
greenhouse:figma:6092802004,Figma,"Product Manager, CMS",https://boards.greenhouse.io/figma/jobs/6092802004?gh_jid=6092802004,2026-08-12,no
greenhouse:figma:5505263004,Figma,"Product Manager, Design Tools",https://boards.greenhouse.io/figma/jobs/5505263004?gh_jid=5505263004,2026-08-12,no
greenhouse:figma:6100482004,Figma,"Product Manager, Developer Platform",https://boards.greenhouse.io/figma/jobs/6100482004?gh_jid=6100482004,2026-08-12,no
greenhouse:figma:5991338004,Figma,"Product Manager - Figma Weave (Tel-Aviv, Israel)",https://boards.greenhouse.io/figma/jobs/5991338004?gh_jid=5991338004,2026-08-12,no
greenhouse:figma:6009558004,Figma,"Product Marketing Manager, Audience & Messaging",https://boards.greenhouse.io/figma/jobs/6009558004?gh_jid=6009558004,2026-08-12,yes
greenhouse:figma:6105673004,Figma,"Product Marketing Manager - Figma Weave (Tel Aviv, Israel) ",https://boards.greenhouse.io/figma/jobs/6105673004?gh_jid=6105673004,2026-08-12,yes
greenhouse:figma:5989134004,Figma,"Product Marketing Manager, Monetization",https://boards.greenhouse.io/figma/jobs/5989134004?gh_jid=5989134004,2026-08-12,yes
greenhouse:figma:5822583004,Figma,Product Partner Manager ,https://boards.greenhouse.io/figma/jobs/5822583004?gh_jid=5822583004,2026-08-12,no
greenhouse:figma:6130540004,Figma,"Program Manager, Scale Onboarding (London, United Kingdom) ",https://boards.greenhouse.io/figma/jobs/6130540004?gh_jid=6130540004,2026-08-12,no
greenhouse:figma:6014235004,Figma,"Recruiter (Berlin, Germany)",https://boards.greenhouse.io/figma/jobs/6014235004?gh_jid=6014235004,2026-08-12,no
greenhouse:figma:6019700004,Figma,"Recruiter (Paris, France)",https://boards.greenhouse.io/figma/jobs/6019700004?gh_jid=6019700004,2026-08-12,no
greenhouse:figma:5651744004,Figma,"Researcher, Core Product Strategy",https://boards.greenhouse.io/figma/jobs/5651744004?gh_jid=5651744004,2026-08-12,no
greenhouse:figma:5998224004,Figma,"Sales Operations Manager, New Business",https://boards.greenhouse.io/figma/jobs/5998224004?gh_jid=5998224004,2026-08-12,no
greenhouse:figma:6123146004,Figma,Sales Operations Manager (Singapore),https://boards.greenhouse.io/figma/jobs/6123146004?gh_jid=6123146004,2026-08-12,no
greenhouse:figma:5829751004,Figma,Security Engineer,https://boards.greenhouse.io/figma/jobs/5829751004?gh_jid=5829751004,2026-08-12,no
greenhouse:figma:6119198004,Figma,Senior Accountant,https://boards.greenhouse.io/figma/jobs/6119198004?gh_jid=6119198004,2026-08-12,no
greenhouse:figma:5565447004,Figma,"Senior Account Executive, SMB",https://boards.greenhouse.io/figma/jobs/5565447004?gh_jid=5565447004,2026-08-12,no
greenhouse:figma:5988684004,Figma,"Senior Account Executive, UK Government (London, United Kingdom)",https://boards.greenhouse.io/figma/jobs/5988684004?gh_jid=5988684004,2026-08-12,no
greenhouse:figma:6105538004,Figma,"Senior Analyst, SEC Reporting & Technical Accounting",https://boards.greenhouse.io/figma/jobs/6105538004?gh_jid=6105538004,2026-08-12,no
greenhouse:figma:6124232004,Figma,"Senior Manager, Enterprise Sales (London, United Kingdom)",https://boards.greenhouse.io/figma/jobs/6124232004?gh_jid=6124232004,2026-08-12,no
greenhouse:figma:5753194004,Figma,"Senior Manager, Enterprise Sales (Tokyo, Japan)",https://boards.greenhouse.io/figma/jobs/5753194004?gh_jid=5753194004,2026-08-12,no
greenhouse:figma:6104505004,Figma,Senior Product Counsel,https://boards.greenhouse.io/figma/jobs/6104505004?gh_jid=6104505004,2026-08-12,no
greenhouse:figma:6139275004,Figma,Senior Revenue Analyst ,https://boards.greenhouse.io/figma/jobs/6139275004?gh_jid=6139275004,2026-08-12,no
greenhouse:figma:6003308004,Figma,"Senior Sales Enablement Manager (Tokyo, Japan) ",https://boards.greenhouse.io/figma/jobs/6003308004?gh_jid=6003308004,2026-08-12,no
greenhouse:figma:6050054004,Figma,Senior Solutions Consultant (Singapore),https://boards.greenhouse.io/figma/jobs/6050054004?gh_jid=6050054004,2026-08-12,no
greenhouse:figma:5835673004,Figma,"Senior Technical Revenue Analyst (Dublin, Ireland) ",https://boards.greenhouse.io/figma/jobs/5835673004?gh_jid=5835673004,2026-08-12,no
greenhouse:figma:5691886004,Figma,Software Engineer - AI Platforms,https://boards.greenhouse.io/figma/jobs/5691886004?gh_jid=5691886004,2026-08-12,no
greenhouse:figma:5551730004,Figma,Software Engineer - AI Product,https://boards.greenhouse.io/figma/jobs/5551730004?gh_jid=5551730004,2026-08-12,no
greenhouse:figma:5551697004,Figma,"Software Engineer - AI Product (London, United Kingdom)",https://boards.greenhouse.io/figma/jobs/5551697004?gh_jid=5551697004,2026-08-12,no
greenhouse:figma:5552530004,Figma,Software Engineer - C++,https://boards.greenhouse.io/figma/jobs/5552530004?gh_jid=5552530004,2026-08-12,no
greenhouse:figma:5551686004,Figma,Software Engineer - Data Infrastructure,https://boards.greenhouse.io/figma/jobs/5551686004?gh_jid=5551686004,2026-08-12,no
greenhouse:figma:5790627004,Figma,Software Engineer - Developer Experience,https://boards.greenhouse.io/figma/jobs/5790627004?gh_jid=5790627004,2026-08-12,no
greenhouse:figma:5552549004,Figma,Software Engineer - Distributed Systems,https://boards.greenhouse.io/figma/jobs/5552549004?gh_jid=5552549004,2026-08-12,no
greenhouse:figma:6073106004,Figma,"Software Engineer - Figma Weave (Tel Aviv, Israel) ",https://boards.greenhouse.io/figma/jobs/6073106004?gh_jid=6073106004,2026-08-12,no
greenhouse:figma:5691911004,Figma,Software Engineer - Full Stack,https://boards.greenhouse.io/figma/jobs/5691911004?gh_jid=5691911004,2026-08-12,no
greenhouse:figma:5552522004,Figma,Software Engineer - Graphics & Media,https://boards.greenhouse.io/figma/jobs/5552522004?gh_jid=5552522004,2026-08-12,no
greenhouse:figma:5552560004,Figma,Software Engineer - Growth & Monetization,https://boards.greenhouse.io/figma/jobs/5552560004?gh_jid=5552560004,2026-08-12,no
greenhouse:figma:6131089004,Figma,Software Engineer Intern (Winter 2027),https://boards.greenhouse.io/figma/jobs/6131089004?gh_jid=6131089004,2026-08-12,no
greenhouse:figma:5551532004,Figma,Software Engineer - Machine Learning,https://boards.greenhouse.io/figma/jobs/5551532004?gh_jid=5551532004,2026-08-12,no
greenhouse:figma:6100023004,Figma,Software Engineer - Mobile Web,https://boards.greenhouse.io/figma/jobs/6100023004?gh_jid=6100023004,2026-08-12,no
greenhouse:figma:5551649004,Figma,Software Engineer - Production Engineering,https://boards.greenhouse.io/figma/jobs/5551649004?gh_jid=5551649004,2026-08-12,no
greenhouse:figma:5781928004,Figma,"Software Engineer - Production Engineering (London, United Kingdom)",https://boards.greenhouse.io/figma/jobs/5781928004?gh_jid=5781928004,2026-08-12,no
greenhouse:figma:6102379004,Figma,Software Engineer - Traffic,https://boards.greenhouse.io/figma/jobs/6102379004?gh_jid=6102379004,2026-08-12,no
greenhouse:figma:5783377004,Figma,Solutions Consultant,https://boards.greenhouse.io/figma/jobs/5783377004?gh_jid=5783377004,2026-08-12,no
greenhouse:figma:5735853004,Figma,"Solutions Consultant (Berlin, Germany)",https://boards.greenhouse.io/figma/jobs/5735853004?gh_jid=5735853004,2026-08-12,no
greenhouse:figma:5981822004,Figma,"Solutions Consultant, Federal",https://boards.greenhouse.io/figma/jobs/5981822004?gh_jid=5981822004,2026-08-12,no
greenhouse:figma:5735493004,Figma,"Solutions Consultant (London, United Kingdom)",https://boards.greenhouse.io/figma/jobs/5735493004?gh_jid=5735493004,2026-08-12,no
greenhouse:figma:6111166004,Figma,"Solutions Consultant, Payload",https://boards.greenhouse.io/figma/jobs/6111166004?gh_jid=6111166004,2026-08-12,no
greenhouse:figma:5993635004,Figma,"Solutions Consultant (Sydney, Australia)",https://boards.greenhouse.io/figma/jobs/5993635004?gh_jid=5993635004,2026-08-12,no
greenhouse:figma:5792631004,Figma,Strategic Finance,https://boards.greenhouse.io/figma/jobs/5792631004?gh_jid=5792631004,2026-08-12,no
greenhouse:figma:6123582004,Figma,"Strategic Program Manager - Figma Weave (New York, United States)",https://boards.greenhouse.io/figma/jobs/6123582004?gh_jid=6123582004,2026-08-12,no
greenhouse:figma:5802956004,Figma,"Support Engineer, AI Infrastructure",https://boards.greenhouse.io/figma/jobs/5802956004?gh_jid=5802956004,2026-08-12,no
greenhouse:figma:6113161004,Figma,"Technical Account Manager, Mandarin Speaking (Singapore)",https://boards.greenhouse.io/figma/jobs/6113161004?gh_jid=6113161004,2026-08-12,no
greenhouse:figma:6006175004,Figma,"Technical Account Manager (Tokyo, Japan)",https://boards.greenhouse.io/figma/jobs/6006175004?gh_jid=6006175004,2026-08-12,no
greenhouse:figma:5837760004,Figma,Technical Program Manager - AI Performance,https://boards.greenhouse.io/figma/jobs/5837760004?gh_jid=5837760004,2026-08-12,no
greenhouse:figma:6009613004,Figma,Technical Program Manager - Data,https://boards.greenhouse.io/figma/jobs/6009613004?gh_jid=6009613004,2026-08-12,no
greenhouse:figma:6020719004,Figma,Technical Program Manager - Infrastructure,https://boards.greenhouse.io/figma/jobs/6020719004?gh_jid=6020719004,2026-08-12,no
greenhouse:figma:6111625004,Figma,Technical Quality Specialist ,https://boards.greenhouse.io/figma/jobs/6111625004?gh_jid=6111625004,2026-08-12,no
greenhouse:figma:6008343004,Figma,Voice of the Customer Program Manager,https://boards.greenhouse.io/figma/jobs/6008343004?gh_jid=6008343004,2026-08-12,no
greenhouse:klaviyo:7776857003,Klaviyo,"Account Executive Commercial, Spanish Speaker",https://www.klaviyo.com/careers/jobs/7776857003?gh_jid=7776857003,2026-08-12,no
greenhouse:klaviyo:7602229003,Klaviyo," Account Executive, Large Enterprise ",https://www.klaviyo.com/careers/jobs/7602229003?gh_jid=7602229003,2026-08-12,no
greenhouse:klaviyo:7588382003,Klaviyo," Account Executive, Large Enterprise ",https://www.klaviyo.com/careers/jobs/7588382003?gh_jid=7588382003,2026-08-12,no
greenhouse:klaviyo:7519959003,Klaviyo," Account Executive, Large Enterprise ",https://www.klaviyo.com/careers/jobs/7519959003?gh_jid=7519959003,2026-08-12,no
greenhouse:klaviyo:7529251003,Klaviyo," Account Executive, Large Enterprise ",https://www.klaviyo.com/careers/jobs/7529251003?gh_jid=7529251003,2026-08-12,no
greenhouse:klaviyo:7602247003,Klaviyo," Account Executive, Large Enterprise ",https://www.klaviyo.com/careers/jobs/7602247003?gh_jid=7602247003,2026-08-12,no
greenhouse:klaviyo:7602220003,Klaviyo," Account Executive, Large Enterprise ",https://www.klaviyo.com/careers/jobs/7602220003?gh_jid=7602220003,2026-08-12,no
greenhouse:klaviyo:7602227003,Klaviyo," Account Executive, Large Enterprise ",https://www.klaviyo.com/careers/jobs/7602227003?gh_jid=7602227003,2026-08-12,no
greenhouse:klaviyo:7602221003,Klaviyo," Account Executive, Large Enterprise ",https://www.klaviyo.com/careers/jobs/7602221003?gh_jid=7602221003,2026-08-12,no
greenhouse:klaviyo:7624149003,Klaviyo,"Account Executive, Mid-Enterprise",https://www.klaviyo.com/careers/jobs/7624149003?gh_jid=7624149003,2026-08-12,no
greenhouse:klaviyo:7817729003,Klaviyo,"Account Executive, Mid-Enterprise",https://www.klaviyo.com/careers/jobs/7817729003?gh_jid=7817729003,2026-08-12,no
greenhouse:klaviyo:7720001003,Klaviyo,"Account Executive, Mid-Enterprise",https://www.klaviyo.com/careers/jobs/7720001003?gh_jid=7720001003,2026-08-12,no
greenhouse:klaviyo:7624146003,Klaviyo,"Account Executive, Mid-Enterprise",https://www.klaviyo.com/careers/jobs/7624146003?gh_jid=7624146003,2026-08-12,no
greenhouse:klaviyo:7801432003,Klaviyo,AI Enablement Program Manager,https://www.klaviyo.com/careers/jobs/7801432003?gh_jid=7801432003,2026-08-12,no
greenhouse:klaviyo:7737707003,Klaviyo,Analytics Engineer,https://www.klaviyo.com/careers/jobs/7737707003?gh_jid=7737707003,2026-08-12,no
greenhouse:klaviyo:7742938003,Klaviyo,Business Development Representative,https://www.klaviyo.com/careers/jobs/7742938003?gh_jid=7742938003,2026-08-12,no
greenhouse:klaviyo:7577985003,Klaviyo,Commercial Account Executive,https://www.klaviyo.com/careers/jobs/7577985003?gh_jid=7577985003,2026-08-12,no
greenhouse:klaviyo:7577984003,Klaviyo,Commercial Account Executive,https://www.klaviyo.com/careers/jobs/7577984003?gh_jid=7577984003,2026-08-12,no
greenhouse:klaviyo:7807681003,Klaviyo,Commercial Account Executive - Greater China Region,https://www.klaviyo.com/careers/jobs/7807681003?gh_jid=7807681003,2026-08-12,no
greenhouse:klaviyo:7776017003,Klaviyo,Commercial Account Executive (Spanish and/or Portuguese Speaking),https://www.klaviyo.com/careers/jobs/7776017003?gh_jid=7776017003,2026-08-12,no
greenhouse:klaviyo:7728408003,Klaviyo,Commercial Manager,https://www.klaviyo.com/careers/jobs/7728408003?gh_jid=7728408003,2026-08-12,no
greenhouse:klaviyo:7798572003,Klaviyo,"Customer Support Specialist, Bilingual English & Japanese",https://www.klaviyo.com/careers/jobs/7798572003?gh_jid=7798572003,2026-08-12,no
greenhouse:klaviyo:7785582003,Klaviyo,"Customer Support Specialist, German (Weekend Shift)",https://www.klaviyo.com/careers/jobs/7785582003?gh_jid=7785582003,2026-08-12,no
greenhouse:klaviyo:7818147003,Klaviyo,"Demand Generation Manager,Asia",https://www.klaviyo.com/careers/jobs/7818147003?gh_jid=7818147003,2026-08-12,no
greenhouse:klaviyo:7806128003,Klaviyo,"Director, Events",https://www.klaviyo.com/careers/jobs/7806128003?gh_jid=7806128003,2026-08-12,no
greenhouse:klaviyo:7806434003,Klaviyo,"Director, Events",https://www.klaviyo.com/careers/jobs/7806434003?gh_jid=7806434003,2026-08-12,no
greenhouse:klaviyo:7768263003,Klaviyo,"Director of Engineering, Infrastructure",https://www.klaviyo.com/careers/jobs/7768263003?gh_jid=7768263003,2026-08-12,no
greenhouse:klaviyo:7762361003,Klaviyo,"Director of Sales, Commercial (Europe)",https://www.klaviyo.com/careers/jobs/7762361003?gh_jid=7762361003,2026-08-12,no
greenhouse:klaviyo:7766942003,Klaviyo,"Director, Product Management - Channel Infrastructure & Mobile",https://www.klaviyo.com/careers/jobs/7766942003?gh_jid=7766942003,2026-08-12,no
greenhouse:klaviyo:7746935003,Klaviyo,"Director, Professional Services, EMEA",https://www.klaviyo.com/careers/jobs/7746935003?gh_jid=7746935003,2026-08-12,no
greenhouse:klaviyo:7453448003,Klaviyo,"Engineering Manager, Customer Agent",https://www.klaviyo.com/careers/jobs/7453448003?gh_jid=7453448003,2026-08-12,no
greenhouse:klaviyo:7570250003,Klaviyo,Engineering Manager - Data Automation,https://www.klaviyo.com/careers/jobs/7570250003?gh_jid=7570250003,2026-08-12,no
greenhouse:klaviyo:7807934003,Klaviyo,"Enterprise Enablement Partner, EMEA",https://www.klaviyo.com/careers/jobs/7807934003?gh_jid=7807934003,2026-08-12,no
greenhouse:klaviyo:7790310003,Klaviyo,Executive Business Partner,https://www.klaviyo.com/careers/jobs/7790310003?gh_jid=7790310003,2026-08-12,no
greenhouse:klaviyo:7806991003,Klaviyo,Finance Deal Desk Manager,https://www.klaviyo.com/careers/jobs/7806991003?gh_jid=7806991003,2026-08-12,no
greenhouse:klaviyo:7808689003,Klaviyo,Global Onboarding Lead,https://www.klaviyo.com/careers/jobs/7808689003?gh_jid=7808689003,2026-08-12,no
greenhouse:klaviyo:7710838003,Klaviyo,"Hospitality Partner Account Manager, Mid-Enterprise",https://www.klaviyo.com/careers/jobs/7710838003?gh_jid=7710838003,2026-08-12,no
greenhouse:klaviyo:7709951003,Klaviyo,"Hospitality Partner Account Manager, Mid-Enterprise",https://www.klaviyo.com/careers/jobs/7709951003?gh_jid=7709951003,2026-08-12,no
greenhouse:klaviyo:7710839003,Klaviyo,"Hospitality Partner Account Manager, Mid-Enterprise",https://www.klaviyo.com/careers/jobs/7710839003?gh_jid=7710839003,2026-08-12,no
greenhouse:klaviyo:7684381003,Klaviyo,HRIS Manager (Workday),https://www.klaviyo.com/careers/jobs/7684381003?gh_jid=7684381003,2026-08-12,no
greenhouse:klaviyo:7685123003,Klaviyo,Inbound Growth Specialist,https://www.klaviyo.com/careers/jobs/7685123003?gh_jid=7685123003,2026-08-12,no
greenhouse:klaviyo:7635660003,Klaviyo,Integrated Marketing Lead - K:Service,https://www.klaviyo.com/careers/jobs/7635660003?gh_jid=7635660003,2026-08-12,yes
greenhouse:klaviyo:7635994003,Klaviyo,Integrated Marketing Lead - K:Service,https://www.klaviyo.com/careers/jobs/7635994003?gh_jid=7635994003,2026-08-12,yes
greenhouse:klaviyo:7702330003,Klaviyo,"Lead Data Science Analyst, GTM Strategic Analytics and Insights",https://www.klaviyo.com/careers/jobs/7702330003?gh_jid=7702330003,2026-08-12,no
greenhouse:klaviyo:7687789003,Klaviyo,"Lead Data Science Analyst, GTM Strategic Analytics and Insights",https://www.klaviyo.com/careers/jobs/7687789003?gh_jid=7687789003,2026-08-12,no
greenhouse:klaviyo:7724065003,Klaviyo," Lead GTM Data Operations Analyst, AI Workflows",https://www.klaviyo.com/careers/jobs/7724065003?gh_jid=7724065003,2026-08-12,no
greenhouse:klaviyo:7724068003,Klaviyo,"Lead GTM Data Operations Analyst, AI Workflows",https://www.klaviyo.com/careers/jobs/7724068003?gh_jid=7724068003,2026-08-12,no
greenhouse:klaviyo:7718967003,Klaviyo,"Lead GTM Data Operations Analyst, AI Workflows",https://www.klaviyo.com/careers/jobs/7718967003?gh_jid=7718967003,2026-08-12,no
greenhouse:klaviyo:7822352003,Klaviyo,Lead People Systems Engineer,https://www.klaviyo.com/careers/jobs/7822352003?gh_jid=7822352003,2026-08-12,no
greenhouse:klaviyo:7727703003,Klaviyo,Lead People Systems Engineer,https://www.klaviyo.com/careers/jobs/7727703003?gh_jid=7727703003,2026-08-12,no
greenhouse:klaviyo:7728815003,Klaviyo,"Lead Product Manager, Core Data",https://www.klaviyo.com/careers/jobs/7728815003?gh_jid=7728815003,2026-08-12,no
greenhouse:klaviyo:7806009003,Klaviyo,Lead Project Manager,https://www.klaviyo.com/careers/jobs/7806009003?gh_jid=7806009003,2026-08-12,no
greenhouse:klaviyo:7740028003,Klaviyo,"Lead Security Engineer, Enterprise Security",https://www.klaviyo.com/careers/jobs/7740028003?gh_jid=7740028003,2026-08-12,no
greenhouse:klaviyo:7742054003,Klaviyo,"Lead Security Engineer, Enterprise Security",https://www.klaviyo.com/careers/jobs/7742054003?gh_jid=7742054003,2026-08-12,no
greenhouse:klaviyo:7783906003,Klaviyo,Lead Security Governance & Risk Engineer,https://www.klaviyo.com/careers/jobs/7783906003?gh_jid=7783906003,2026-08-12,no
greenhouse:klaviyo:7774822003,Klaviyo,"Lead Software Engineer, Messaging Infrastructure",https://www.klaviyo.com/careers/jobs/7774822003?gh_jid=7774822003,2026-08-12,no
greenhouse:klaviyo:7806007003,Klaviyo,"Lead Software Engineer, Platform Engineering",https://www.klaviyo.com/careers/jobs/7806007003?gh_jid=7806007003,2026-08-12,no
greenhouse:klaviyo:7800316003,Klaviyo,"Manager, Customer Success - Mid-Enterprise (Northern) ",https://www.klaviyo.com/careers/jobs/7800316003?gh_jid=7800316003,2026-08-12,no
greenhouse:klaviyo:7802659003,Klaviyo,"Manager, Workplace Experience",https://www.klaviyo.com/careers/jobs/7802659003?gh_jid=7802659003,2026-08-12,no
greenhouse:klaviyo:7818148003,Klaviyo,"Marketing Manager Emerging Markets,Asia",https://www.klaviyo.com/careers/jobs/7818148003?gh_jid=7818148003,2026-08-12,yes
greenhouse:klaviyo:7617363003,Klaviyo,Marketing Operations Lead,https://www.klaviyo.com/careers/jobs/7617363003?gh_jid=7617363003,2026-08-12,yes
greenhouse:klaviyo:7608379003,Klaviyo,Marketing Operations Lead,https://www.klaviyo.com/careers/jobs/7608379003?gh_jid=7608379003,2026-08-12,yes
greenhouse:klaviyo:7728381003,Klaviyo,Mid Enterprise Account Executive,https://www.klaviyo.com/careers/jobs/7728381003?gh_jid=7728381003,2026-08-12,no
greenhouse:klaviyo:7718462003,Klaviyo,MM Account Executive,https://www.klaviyo.com/careers/jobs/7718462003?gh_jid=7718462003,2026-08-12,no
greenhouse:klaviyo:7802850003,Klaviyo,"Order to Cash Track Lead, Finance Engineering",https://www.klaviyo.com/careers/jobs/7802850003?gh_jid=7802850003,2026-08-12,no
greenhouse:klaviyo:7737859003,Klaviyo,Outbound BDR Manager - Southern Europe,https://www.klaviyo.com/careers/jobs/7737859003?gh_jid=7737859003,2026-08-12,no
greenhouse:klaviyo:7641196003,Klaviyo,Outbound Business Development Representative,https://www.klaviyo.com/careers/jobs/7641196003?gh_jid=7641196003,2026-08-12,no
greenhouse:klaviyo:7748290003,Klaviyo,Outbound Business Development Representative - Central (German speaking),https://www.klaviyo.com/careers/jobs/7748290003?gh_jid=7748290003,2026-08-12,no
greenhouse:klaviyo:7817694003,Klaviyo,"Partner Account Manager, Commercial",https://www.klaviyo.com/careers/jobs/7817694003?gh_jid=7817694003,2026-08-12,no
greenhouse:klaviyo:7803031003,Klaviyo,"Partner Account Manager, Commercial",https://www.klaviyo.com/careers/jobs/7803031003?gh_jid=7803031003,2026-08-12,no
greenhouse:klaviyo:7802896003,Klaviyo,"Partner Account Manager, Commercial",https://www.klaviyo.com/careers/jobs/7802896003?gh_jid=7802896003,2026-08-12,no
greenhouse:klaviyo:7821524003,Klaviyo,"Partner Account Manager (Mid-Enterprise), Northern Europe",https://www.klaviyo.com/careers/jobs/7821524003?gh_jid=7821524003,2026-08-12,no
greenhouse:klaviyo:7811983003,Klaviyo,"Partner Account Manager, Mid-Enterprise - Southern Europe",https://www.klaviyo.com/careers/jobs/7811983003?gh_jid=7811983003,2026-08-12,no
greenhouse:klaviyo:7662735003,Klaviyo,Presales Project Manager - AI Strategy,https://www.klaviyo.com/careers/jobs/7662735003?gh_jid=7662735003,2026-08-12,no
greenhouse:klaviyo:7728345003,Klaviyo,"Principal, APAC Partner Enablement",https://www.klaviyo.com/careers/jobs/7728345003?gh_jid=7728345003,2026-08-12,no
greenhouse:klaviyo:7777760003,Klaviyo,"Principal Commercial Sales Enablement Partner, EMEA",https://www.klaviyo.com/careers/jobs/7777760003?gh_jid=7777760003,2026-08-12,no
greenhouse:klaviyo:7780642003,Klaviyo,"Principal Enablement Partner, BDR",https://www.klaviyo.com/careers/jobs/7780642003?gh_jid=7780642003,2026-08-12,no
greenhouse:klaviyo:7678193003,Klaviyo,"Principal Enablement Partner, BDR",https://www.klaviyo.com/careers/jobs/7678193003?gh_jid=7678193003,2026-08-12,no
greenhouse:klaviyo:7559750003,Klaviyo,"Principal Engineer, Core Infrastructure",https://www.klaviyo.com/careers/jobs/7559750003?gh_jid=7559750003,2026-08-12,no
greenhouse:klaviyo:7559751003,Klaviyo,"Principal Engineer, Data Infrastructure",https://www.klaviyo.com/careers/jobs/7559751003?gh_jid=7559751003,2026-08-12,no
greenhouse:klaviyo:7774157003,Klaviyo,"Principal Engineer, Security",https://www.klaviyo.com/careers/jobs/7774157003?gh_jid=7774157003,2026-08-12,no
greenhouse:klaviyo:7554273003,Klaviyo,"Principal Software Engineer, Enterprise Scalability",https://www.klaviyo.com/careers/jobs/7554273003?gh_jid=7554273003,2026-08-12,no
greenhouse:klaviyo:7503712003,Klaviyo,Product Designer,https://www.klaviyo.com/careers/jobs/7503712003?gh_jid=7503712003,2026-08-12,no
greenhouse:klaviyo:7802849003,Klaviyo,"Product Leader, Finance Engineering",https://www.klaviyo.com/careers/jobs/7802849003?gh_jid=7802849003,2026-08-12,no
greenhouse:klaviyo:7827030003,Klaviyo,"Product Leader, Finance Engineering",https://www.klaviyo.com/careers/jobs/7827030003?gh_jid=7827030003,2026-08-12,no
greenhouse:klaviyo:7798763003,Klaviyo,"Product Manager, Checkout Experience",https://www.klaviyo.com/careers/jobs/7798763003?gh_jid=7798763003,2026-08-12,no
greenhouse:klaviyo:7694788003,Klaviyo,"Product Owner, GTM Sales Systems",https://www.klaviyo.com/careers/jobs/7694788003?gh_jid=7694788003,2026-08-12,no
greenhouse:klaviyo:7827823003,Klaviyo,Recruiting Coordinator (Contract),https://www.klaviyo.com/careers/jobs/7827823003?gh_jid=7827823003,2026-08-12,no
greenhouse:klaviyo:7738446003,Klaviyo,Renewal Specialist,https://www.klaviyo.com/careers/jobs/7738446003?gh_jid=7738446003,2026-08-12,no
greenhouse:klaviyo:7502768003,Klaviyo,Senior AI Engineer - Customer Agent,https://www.klaviyo.com/careers/jobs/7502768003?gh_jid=7502768003,2026-08-12,no
greenhouse:klaviyo:7812185003,Klaviyo,"Senior Brand Designer, EMEA",https://www.klaviyo.com/careers/jobs/7812185003?gh_jid=7812185003,2026-08-12,no
greenhouse:klaviyo:7786392003,Klaviyo,Senior Customer Success Manager - Commercial,https://www.klaviyo.com/careers/jobs/7786392003?gh_jid=7786392003,2026-08-12,no
greenhouse:klaviyo:7802701003,Klaviyo,Senior Engineering Manager - Customer Agent,https://www.klaviyo.com/careers/jobs/7802701003?gh_jid=7802701003,2026-08-12,no
greenhouse:klaviyo:7748320003,Klaviyo,Senior Financial Analyst – R&D,https://www.klaviyo.com/careers/jobs/7748320003?gh_jid=7748320003,2026-08-12,no
greenhouse:klaviyo:7817147003,Klaviyo,"Senior HR Business Partner (GTM), EMEA",https://www.klaviyo.com/careers/jobs/7817147003?gh_jid=7817147003,2026-08-12,no
greenhouse:klaviyo:7688488003,Klaviyo,Senior Integrations Engineer,https://www.klaviyo.com/careers/jobs/7688488003?gh_jid=7688488003,2026-08-12,no
greenhouse:klaviyo:7766993003,Klaviyo,Senior Lead AI Software Engineer,https://www.klaviyo.com/careers/jobs/7766993003?gh_jid=7766993003,2026-08-12,no
greenhouse:klaviyo:7517734003,Klaviyo,"Senior Lead Product Manager, Enterprise",https://www.klaviyo.com/careers/jobs/7517734003?gh_jid=7517734003,2026-08-12,no
greenhouse:klaviyo:7453469003,Klaviyo,"Senior Lead Program Manager, Technical Programs",https://www.klaviyo.com/careers/jobs/7453469003?gh_jid=7453469003,2026-08-12,no
greenhouse:klaviyo:7809608003,Klaviyo,Senior Lead Software Engineer - Data Platform,https://www.klaviyo.com/careers/jobs/7809608003?gh_jid=7809608003,2026-08-12,no
greenhouse:klaviyo:7709950003,Klaviyo,"Senior Manager, Partner Sales",https://www.klaviyo.com/careers/jobs/7709950003?gh_jid=7709950003,2026-08-12,no
greenhouse:klaviyo:7710022003,Klaviyo,"Senior Manager, Partner Sales",https://www.klaviyo.com/careers/jobs/7710022003?gh_jid=7710022003,2026-08-12,no
greenhouse:klaviyo:7710023003,Klaviyo,"Senior Manager, Partner Sales",https://www.klaviyo.com/careers/jobs/7710023003?gh_jid=7710023003,2026-08-12,no
greenhouse:klaviyo:7503717003,Klaviyo,Senior Product Designer,https://www.klaviyo.com/careers/jobs/7503717003?gh_jid=7503717003,2026-08-12,no
greenhouse:klaviyo:7636105003,Klaviyo,Senior Product Designer,https://www.klaviyo.com/careers/jobs/7636105003?gh_jid=7636105003,2026-08-12,no
greenhouse:klaviyo:7806008003,Klaviyo,"Senior Product Manager, AI Analytics",https://www.klaviyo.com/careers/jobs/7806008003?gh_jid=7806008003,2026-08-12,no
greenhouse:klaviyo:7809609003,Klaviyo,"Senior Product Manager, ML Modeling & Platform",https://www.klaviyo.com/careers/jobs/7809609003?gh_jid=7809609003,2026-08-12,no
greenhouse:klaviyo:7708059003,Klaviyo,"Senior Product Manager, Platform Integrity",https://www.klaviyo.com/careers/jobs/7708059003?gh_jid=7708059003,2026-08-12,no
greenhouse:klaviyo:7709682003,Klaviyo,"Senior Product Manager, Profiles Platform",https://www.klaviyo.com/careers/jobs/7709682003?gh_jid=7709682003,2026-08-12,no
greenhouse:klaviyo:7664279003,Klaviyo,Senior Product Marketing Manager - Verticals,https://www.klaviyo.com/careers/jobs/7664279003?gh_jid=7664279003,2026-08-12,yes
greenhouse:klaviyo:7664280003,Klaviyo,Senior Product Marketing Manager - Verticals,https://www.klaviyo.com/careers/jobs/7664280003?gh_jid=7664280003,2026-08-12,yes
greenhouse:klaviyo:7805298003,Klaviyo,Senior Recruiter,https://www.klaviyo.com/careers/jobs/7805298003?gh_jid=7805298003,2026-08-12,no
greenhouse:klaviyo:7702922003,Klaviyo,Senior Recruiter (Contract),https://www.klaviyo.com/careers/jobs/7702922003?gh_jid=7702922003,2026-08-12,no
greenhouse:klaviyo:7836335003,Klaviyo,Senior Recruiter (Contract),https://www.klaviyo.com/careers/jobs/7836335003?gh_jid=7836335003,2026-08-12,no
greenhouse:klaviyo:7660012003,Klaviyo,Senior Security Engineer - Detection and Response,https://www.klaviyo.com/careers/jobs/7660012003?gh_jid=7660012003,2026-08-12,no
greenhouse:klaviyo:7659972003,Klaviyo,Senior Security Engineer - Detection and Response,https://www.klaviyo.com/careers/jobs/7659972003?gh_jid=7659972003,2026-08-12,no
greenhouse:klaviyo:7749877003,Klaviyo,"Senior Software Engineer, Agent Platform",https://www.klaviyo.com/careers/jobs/7749877003?gh_jid=7749877003,2026-08-12,no
greenhouse:klaviyo:7767542003,Klaviyo,"Senior Software Engineer, Composer AI Product",https://www.klaviyo.com/careers/jobs/7767542003?gh_jid=7767542003,2026-08-12,no
greenhouse:klaviyo:7695230003,Klaviyo,Senior Software Engineer - Customer Agent,https://www.klaviyo.com/careers/jobs/7695230003?gh_jid=7695230003,2026-08-12,no
greenhouse:klaviyo:7780009003,Klaviyo,"Senior Software Engineer, Customer Agent",https://www.klaviyo.com/careers/jobs/7780009003?gh_jid=7780009003,2026-08-12,no
greenhouse:klaviyo:7711217003,Klaviyo,Senior Software Engineer - Developer Infrastructure,https://www.klaviyo.com/careers/jobs/7711217003?gh_jid=7711217003,2026-08-12,no
greenhouse:klaviyo:7751100003,Klaviyo,Senior Software Engineer - Flows AI,https://www.klaviyo.com/careers/jobs/7751100003?gh_jid=7751100003,2026-08-12,no
greenhouse:klaviyo:7696724003,Klaviyo,Senior Software Engineer - Growth,https://www.klaviyo.com/careers/jobs/7696724003?gh_jid=7696724003,2026-08-12,no
greenhouse:klaviyo:7777369003,Klaviyo,Senior Software Engineer - Infrastructure Security,https://www.klaviyo.com/careers/jobs/7777369003?gh_jid=7777369003,2026-08-12,no
greenhouse:klaviyo:7783904003,Klaviyo,"Senior Software Engineer, Platform Engineering",https://www.klaviyo.com/careers/jobs/7783904003?gh_jid=7783904003,2026-08-12,no
greenhouse:klaviyo:7597868003,Klaviyo,"Senior Software Engineer - Profiles, Lists and Segments",https://www.klaviyo.com/careers/jobs/7597868003?gh_jid=7597868003,2026-08-12,no
greenhouse:klaviyo:7806004003,Klaviyo,"Senior Software Engineer, Reliability ",https://www.klaviyo.com/careers/jobs/7806004003?gh_jid=7806004003,2026-08-12,no
greenhouse:klaviyo:7636622003,Klaviyo,Senior Solution Architect - Professional Services,https://www.klaviyo.com/careers/jobs/7636622003?gh_jid=7636622003,2026-08-12,no
greenhouse:klaviyo:7792538003,Klaviyo,"Senior Systems Engineering Manager, Corporate IT",https://www.klaviyo.com/careers/jobs/7792538003?gh_jid=7792538003,2026-08-12,no
greenhouse:klaviyo:7811667003,Klaviyo,Software Engineer - Advanced Reporting,https://www.klaviyo.com/careers/jobs/7811667003?gh_jid=7811667003,2026-08-12,no
greenhouse:klaviyo:7659484003,Klaviyo,Software Engineer II - Growth,https://www.klaviyo.com/careers/jobs/7659484003?gh_jid=7659484003,2026-08-12,no
greenhouse:klaviyo:7774824003,Klaviyo,"Software Engineer II, Messaging Infrastructure",https://www.klaviyo.com/careers/jobs/7774824003?gh_jid=7774824003,2026-08-12,no
greenhouse:klaviyo:7792539003,Klaviyo,Software Engineer II (Mobile Developer - Android/Kotlin) - Mobile App Growth,https://www.klaviyo.com/careers/jobs/7792539003?gh_jid=7792539003,2026-08-12,no
greenhouse:klaviyo:7806006003,Klaviyo,"Software Engineer II, Reliability",https://www.klaviyo.com/careers/jobs/7806006003?gh_jid=7806006003,2026-08-12,no
greenhouse:klaviyo:7829675003,Klaviyo,Sr. AI Systems & Solutions Architect,https://www.klaviyo.com/careers/jobs/7829675003?gh_jid=7829675003,2026-08-12,no
greenhouse:klaviyo:7788887003,Klaviyo,"Sr. Director, HR Business Partner — R&D",https://www.klaviyo.com/careers/jobs/7788887003?gh_jid=7788887003,2026-08-12,no
greenhouse:klaviyo:7801046003,Klaviyo,Sr. Executive Business Partner,https://www.klaviyo.com/careers/jobs/7801046003?gh_jid=7801046003,2026-08-12,no
greenhouse:klaviyo:7669343003,Klaviyo,Sr. Lead AI Engineer,https://www.klaviyo.com/careers/jobs/7669343003?gh_jid=7669343003,2026-08-12,no
greenhouse:klaviyo:7802698003,Klaviyo,Sr. Lead Engineer - Customer Agent,https://www.klaviyo.com/careers/jobs/7802698003?gh_jid=7802698003,2026-08-12,no
greenhouse:klaviyo:7780010003,Klaviyo,Sr. Lead Engineer - Customer Agent,https://www.klaviyo.com/careers/jobs/7780010003?gh_jid=7780010003,2026-08-12,no
greenhouse:klaviyo:7819645003,Klaviyo,"Sr. Manager, Customer Advocacy",https://www.klaviyo.com/careers/jobs/7819645003?gh_jid=7819645003,2026-08-12,no
greenhouse:klaviyo:7818149003,Klaviyo,"Sr. Manager, Customer Advocacy",https://www.klaviyo.com/careers/jobs/7818149003?gh_jid=7818149003,2026-08-12,no
greenhouse:klaviyo:7819648003,Klaviyo,"Sr. Manager, Customer Advocacy",https://www.klaviyo.com/careers/jobs/7819648003?gh_jid=7819648003,2026-08-12,no
greenhouse:klaviyo:7747511003,Klaviyo, Sr. Manager of GTM Incentive Compensation,https://www.klaviyo.com/careers/jobs/7747511003?gh_jid=7747511003,2026-08-12,no
greenhouse:klaviyo:7742671003,Klaviyo,Sr. Manager of GTM Incentive Compensation,https://www.klaviyo.com/careers/jobs/7742671003?gh_jid=7742671003,2026-08-12,no
greenhouse:klaviyo:7747510003,Klaviyo,Sr. Manager of GTM Incentive Compensation,https://www.klaviyo.com/careers/jobs/7747510003?gh_jid=7747510003,2026-08-12,no
greenhouse:klaviyo:7688416003,Klaviyo,"Sr. Software Engineer, AI Enablement",https://www.klaviyo.com/careers/jobs/7688416003?gh_jid=7688416003,2026-08-12,no
greenhouse:klaviyo:7774823003,Klaviyo,"Sr. Software Engineer, Messaging Infrastructure",https://www.klaviyo.com/careers/jobs/7774823003?gh_jid=7774823003,2026-08-12,no
greenhouse:remote:4622190,Remote,SEI Instructor Lead,https://job-boards.greenhouse.io/remote/jobs/4622190,2026-08-12,no
greenhouse:remote:4959437,Remote,SEI Instructor Lead,https://job-boards.greenhouse.io/remote/jobs/4959437,2026-08-12,no
greenhouse:gitlab:8503792002,GitLab,Account Executive - Italy,https://job-boards.greenhouse.io/gitlab/jobs/8503792002,2026-08-12,no
greenhouse:gitlab:8556658002,GitLab,AI Engineer,https://job-boards.greenhouse.io/gitlab/jobs/8556658002,2026-08-12,no
greenhouse:gitlab:8638232002,GitLab,"AI Transformation Owner, CRO",https://job-boards.greenhouse.io/gitlab/jobs/8638232002,2026-08-12,no
greenhouse:gitlab:8631068002,GitLab,Area Vice President - Financial Services ,https://job-boards.greenhouse.io/gitlab/jobs/8631068002,2026-08-12,no
greenhouse:gitlab:8624025002,GitLab,Area Vice President - LATAM,https://job-boards.greenhouse.io/gitlab/jobs/8624025002,2026-08-12,no
greenhouse:gitlab:8687171002,GitLab,Associate Solutions Architect (French or German fluency) ,https://job-boards.greenhouse.io/gitlab/jobs/8687171002,2026-08-12,no
greenhouse:gitlab:8675543002,GitLab,Associate Solutions Architect (French or German fluency) ,https://job-boards.greenhouse.io/gitlab/jobs/8675543002,2026-08-12,no
greenhouse:gitlab:8695515002,GitLab,"Backend Engineer, Geo Team",https://job-boards.greenhouse.io/gitlab/jobs/8695515002,2026-08-12,no
greenhouse:gitlab:8620720002,GitLab,"Backend Engineer (Ruby), AI Engineering: Agent Observability",https://job-boards.greenhouse.io/gitlab/jobs/8620720002,2026-08-12,no
greenhouse:gitlab:8532274002,GitLab,Business Development Representative ,https://job-boards.greenhouse.io/gitlab/jobs/8532274002,2026-08-12,no
greenhouse:gitlab:8532272002,GitLab,Business Development Representative ,https://job-boards.greenhouse.io/gitlab/jobs/8532272002,2026-08-12,no
greenhouse:gitlab:8691636002,GitLab,"Business Development Representative, German Speaking",https://job-boards.greenhouse.io/gitlab/jobs/8691636002,2026-08-12,no
greenhouse:gitlab:8608546002,GitLab,Business Development Representative - MENA   ,https://job-boards.greenhouse.io/gitlab/jobs/8608546002,2026-08-12,no
greenhouse:gitlab:8687381002,GitLab,Business Development Representative - UKI,https://job-boards.greenhouse.io/gitlab/jobs/8687381002,2026-08-12,no
greenhouse:gitlab:8617211002,GitLab,Commercial Account Executive - Australia,https://job-boards.greenhouse.io/gitlab/jobs/8617211002,2026-08-12,no
greenhouse:gitlab:8631153002,GitLab,Commercial Account Executive - DACH,https://job-boards.greenhouse.io/gitlab/jobs/8631153002,2026-08-12,no
greenhouse:gitlab:8528922002,GitLab,Commercial Account Executive - Greece/Malta ,https://job-boards.greenhouse.io/gitlab/jobs/8528922002,2026-08-12,no
greenhouse:gitlab:8638001002,GitLab,Commercial Account Executive - MENA,https://job-boards.greenhouse.io/gitlab/jobs/8638001002,2026-08-12,no
greenhouse:gitlab:8673657002,GitLab,"Commercial Account Executive, Mexico",https://job-boards.greenhouse.io/gitlab/jobs/8673657002,2026-08-12,no
greenhouse:gitlab:8561622002,GitLab,"Commercial Account Executive - Mid-Market, Canada",https://job-boards.greenhouse.io/gitlab/jobs/8561622002,2026-08-12,no
greenhouse:gitlab:8611838002,GitLab,"Commercial Account Executive - Named, US East",https://job-boards.greenhouse.io/gitlab/jobs/8611838002,2026-08-12,no
greenhouse:gitlab:8592555002,GitLab,"Commercial Account Executive, Named - West",https://job-boards.greenhouse.io/gitlab/jobs/8592555002,2026-08-12,no
greenhouse:gitlab:8684071002,GitLab,"Commercial Account Executive, Northern Cone",https://job-boards.greenhouse.io/gitlab/jobs/8684071002,2026-08-12,no
greenhouse:gitlab:8562593002,GitLab,"Commercial Legal Counsel, Public Sector ",https://job-boards.greenhouse.io/gitlab/jobs/8562593002,2026-08-12,no
greenhouse:gitlab:8617525002,GitLab,Customer Success Architect,https://job-boards.greenhouse.io/gitlab/jobs/8617525002,2026-08-12,no
greenhouse:gitlab:8646852002,GitLab,"Customer Success Architect, CEUR",https://job-boards.greenhouse.io/gitlab/jobs/8646852002,2026-08-12,no
greenhouse:gitlab:8561952002,GitLab,"Customer Success Architect, EMEA",https://job-boards.greenhouse.io/gitlab/jobs/8561952002,2026-08-12,no
greenhouse:gitlab:8607271002,GitLab,"Customer Success Engineer, India",https://job-boards.greenhouse.io/gitlab/jobs/8607271002,2026-08-12,no
greenhouse:gitlab:8637426002,GitLab,"Customer Success Engineer, LATAM (Spanish, Portugese) ",https://job-boards.greenhouse.io/gitlab/jobs/8637426002,2026-08-12,no
greenhouse:gitlab:8533016002,GitLab,Customer Success Manager,https://job-boards.greenhouse.io/gitlab/jobs/8533016002,2026-08-12,no
greenhouse:gitlab:8548980002,GitLab,Customer Success Manager - Australia,https://job-boards.greenhouse.io/gitlab/jobs/8548980002,2026-08-12,no
greenhouse:gitlab:8646022002,GitLab,Customer Success Manager- Public Sector,https://job-boards.greenhouse.io/gitlab/jobs/8646022002,2026-08-12,no
greenhouse:gitlab:8628537002,GitLab,"Director, Customer Experience Strategy",https://job-boards.greenhouse.io/gitlab/jobs/8628537002,2026-08-12,no
greenhouse:gitlab:8626772002,GitLab,"Director, Engineering, Platform Operations & Productivity",https://job-boards.greenhouse.io/gitlab/jobs/8626772002,2026-08-12,no
greenhouse:gitlab:8510488002,GitLab,"Director, Enterprise Architecture & Intelligent Automation",https://job-boards.greenhouse.io/gitlab/jobs/8510488002,2026-08-12,no
greenhouse:gitlab:8607104002,GitLab,"Director of Engineering, Security Factory",https://job-boards.greenhouse.io/gitlab/jobs/8607104002,2026-08-12,no
greenhouse:gitlab:8637101002,GitLab,"Director, Pipeline Excellence",https://job-boards.greenhouse.io/gitlab/jobs/8637101002,2026-08-12,no
greenhouse:gitlab:8615811002,GitLab,"Director, Strategic Partnerships",https://job-boards.greenhouse.io/gitlab/jobs/8615811002,2026-08-12,no
greenhouse:gitlab:8629019002,GitLab,"Director, Support (Bengaluru)",https://job-boards.greenhouse.io/gitlab/jobs/8629019002,2026-08-12,no
greenhouse:gitlab:8629005002,GitLab,"Director, Support (EMEA)",https://job-boards.greenhouse.io/gitlab/jobs/8629005002,2026-08-12,no
greenhouse:gitlab:8618771002,GitLab,"Ecosystem Sales Manager, Carahsoft (Washington DC)",https://job-boards.greenhouse.io/gitlab/jobs/8618771002,2026-08-12,no
greenhouse:gitlab:8640317002,GitLab,Ecosystem Sales Manager: Scale,https://job-boards.greenhouse.io/gitlab/jobs/8640317002,2026-08-12,no
greenhouse:gitlab:8635277002,GitLab,Enablement Content Manager,https://job-boards.greenhouse.io/gitlab/jobs/8635277002,2026-08-12,yes
greenhouse:gitlab:8603824002,GitLab,"Engineering Manager, AI Engineering: Chat",https://job-boards.greenhouse.io/gitlab/jobs/8603824002,2026-08-12,no
greenhouse:gitlab:8615946002,GitLab,"Engineering Manager, Cell Infrastructure",https://job-boards.greenhouse.io/gitlab/jobs/8615946002,2026-08-12,no
greenhouse:gitlab:8592950002,GitLab,"Engineering Manager, Data Foundations",https://job-boards.greenhouse.io/gitlab/jobs/8592950002,2026-08-12,no
greenhouse:gitlab:8636648002,GitLab," Engineering Manager, Dedicated Integrations",https://job-boards.greenhouse.io/gitlab/jobs/8636648002,2026-08-12,no
greenhouse:gitlab:8592891002,GitLab,"Engineering Manager, Growth",https://job-boards.greenhouse.io/gitlab/jobs/8592891002,2026-08-12,no
greenhouse:gitlab:8478405002,GitLab,"Engineering Manager, SSCS: Supply Chain",https://job-boards.greenhouse.io/gitlab/jobs/8478405002,2026-08-12,no
greenhouse:gitlab:8586632002,GitLab,"Engineering Manager, Switchboard",https://job-boards.greenhouse.io/gitlab/jobs/8586632002,2026-08-12,no
greenhouse:gitlab:8617538002,GitLab,"Engineering Manager, Tenant Scale:Git",https://job-boards.greenhouse.io/gitlab/jobs/8617538002,2026-08-12,no
greenhouse:gitlab:8640151002,GitLab,Enterprise Account Executive - Singapore ,https://job-boards.greenhouse.io/gitlab/jobs/8640151002,2026-08-12,no
greenhouse:gitlab:8648964002,GitLab,"Enterprise QA Engineer, Salesforce ",https://job-boards.greenhouse.io/gitlab/jobs/8648964002,2026-08-12,no
greenhouse:gitlab:8522408002,GitLab,Forward Deployed Engineer - EMEA,https://job-boards.greenhouse.io/gitlab/jobs/8522408002,2026-08-12,no
greenhouse:gitlab:8522265002,GitLab,Forward Deployed Engineer - EMEA,https://job-boards.greenhouse.io/gitlab/jobs/8522265002,2026-08-12,no
greenhouse:gitlab:8524783002,GitLab,Forward Deployed Engineer - META,https://job-boards.greenhouse.io/gitlab/jobs/8524783002,2026-08-12,no
greenhouse:gitlab:8626198002,GitLab,"FP&A Manager, R&D",https://job-boards.greenhouse.io/gitlab/jobs/8626198002,2026-08-12,no
greenhouse:gitlab:8604633002,GitLab,High Velocity Enablement Lead ,https://job-boards.greenhouse.io/gitlab/jobs/8604633002,2026-08-12,no
greenhouse:gitlab:8632005002,GitLab,Hyperscaler Operations Manager,https://job-boards.greenhouse.io/gitlab/jobs/8632005002,2026-08-12,no
greenhouse:gitlab:8686962002,GitLab,Intermediate Backend Engineer,https://job-boards.greenhouse.io/gitlab/jobs/8686962002,2026-08-12,no
greenhouse:gitlab:8615332002,GitLab,Intermediate Backend Engineer - Platform Integrations (Monetization),https://job-boards.greenhouse.io/gitlab/jobs/8615332002,2026-08-12,no
greenhouse:gitlab:8644569002,GitLab,"Intermediate Backend Engineer, Platform Readiness",https://job-boards.greenhouse.io/gitlab/jobs/8644569002,2026-08-12,no
greenhouse:gitlab:8623751002,GitLab,Intermediate Fullstack Engineer - Data Products,https://job-boards.greenhouse.io/gitlab/jobs/8623751002,2026-08-12,no
greenhouse:gitlab:8687026002,GitLab,Intermediate Support Engineer,https://job-boards.greenhouse.io/gitlab/jobs/8687026002,2026-08-12,no
greenhouse:gitlab:8684078002,GitLab,Intermediate Support Engineer (SHIFT),https://job-boards.greenhouse.io/gitlab/jobs/8684078002,2026-08-12,no
greenhouse:gitlab:8684061002,GitLab,Intermediate Support Engineer (SHIFT) ,https://job-boards.greenhouse.io/gitlab/jobs/8684061002,2026-08-12,no
greenhouse:gitlab:8617777002,GitLab,Lead Internal Events & Production Strategist,https://job-boards.greenhouse.io/gitlab/jobs/8617777002,2026-08-12,no
greenhouse:gitlab:8633807002,GitLab,Lead SEC Analyst,https://job-boards.greenhouse.io/gitlab/jobs/8633807002,2026-08-12,no
greenhouse:gitlab:8613199002,GitLab,"Manager, Customer Success Managers, EMEA",https://job-boards.greenhouse.io/gitlab/jobs/8613199002,2026-08-12,no
greenhouse:gitlab:8604996002,GitLab,"Manager, Customer Success Operations",https://job-boards.greenhouse.io/gitlab/jobs/8604996002,2026-08-12,no
greenhouse:gitlab:8626740002,GitLab,"Manager, Engineering, Git & Gitaly Operations",https://job-boards.greenhouse.io/gitlab/jobs/8626740002,2026-08-12,no
greenhouse:gitlab:8632388002,GitLab,"Manager, Engineering, Nonlinear Productivity (Friction Elimination & Solutions)",https://job-boards.greenhouse.io/gitlab/jobs/8632388002,2026-08-12,no
greenhouse:gitlab:8643154002,GitLab,"Manager, IT SOX PMO",https://job-boards.greenhouse.io/gitlab/jobs/8643154002,2026-08-12,no
greenhouse:gitlab:8642786002,GitLab,"Manager, Procurement",https://job-boards.greenhouse.io/gitlab/jobs/8642786002,2026-08-12,no
greenhouse:gitlab:8589147002,GitLab,"Manager, Solutions Architect - Asia",https://job-boards.greenhouse.io/gitlab/jobs/8589147002,2026-08-12,no
greenhouse:gitlab:8626770002,GitLab,"Manager, Solutions Architect - CEUR",https://job-boards.greenhouse.io/gitlab/jobs/8626770002,2026-08-12,no
greenhouse:gitlab:8627761002,GitLab,"Manager, Solutions Architect - India ",https://job-boards.greenhouse.io/gitlab/jobs/8627761002,2026-08-12,no
greenhouse:gitlab:8396674002,GitLab,"Manager, Solutions Architects",https://job-boards.greenhouse.io/gitlab/jobs/8396674002,2026-08-12,no
greenhouse:gitlab:8641849002,GitLab,"Manager, Solutions Architecture - East ",https://job-boards.greenhouse.io/gitlab/jobs/8641849002,2026-08-12,no
greenhouse:gitlab:8626762002,GitLab,"Manager, Solutions Architecture - UK&I",https://job-boards.greenhouse.io/gitlab/jobs/8626762002,2026-08-12,no
greenhouse:gitlab:8639170002,GitLab,"Manager, Strategic Finance",https://job-boards.greenhouse.io/gitlab/jobs/8639170002,2026-08-12,no
greenhouse:gitlab:8615513002,GitLab,New Business Account Executive - Nordics,https://job-boards.greenhouse.io/gitlab/jobs/8615513002,2026-08-12,no
greenhouse:gitlab:8610803002,GitLab,New Business Account Executive - SLED,https://job-boards.greenhouse.io/gitlab/jobs/8610803002,2026-08-12,no
greenhouse:gitlab:8615797002,GitLab,New Business Account Executive - Southern California ,https://job-boards.greenhouse.io/gitlab/jobs/8615797002,2026-08-12,no
greenhouse:gitlab:8564957002,GitLab,"Principal Product Manager, AI Custom Models",https://job-boards.greenhouse.io/gitlab/jobs/8564957002,2026-08-12,no
greenhouse:gitlab:8658878002,GitLab,"Principal Product Manager, AI Software Factory",https://job-boards.greenhouse.io/gitlab/jobs/8658878002,2026-08-12,no
greenhouse:gitlab:8597813002,GitLab,"Principal Product Manager, Engineering Intelligence & Insights",https://job-boards.greenhouse.io/gitlab/jobs/8597813002,2026-08-12,no
greenhouse:gitlab:8697215002,GitLab,"Principal Program Manager, Go-To-Market",https://job-boards.greenhouse.io/gitlab/jobs/8697215002,2026-08-12,no
greenhouse:gitlab:8579044002,GitLab,Professional Services Engagement Manager,https://job-boards.greenhouse.io/gitlab/jobs/8579044002,2026-08-12,no
greenhouse:gitlab:8617252002,GitLab,Professional Services Program Manager,https://job-boards.greenhouse.io/gitlab/jobs/8617252002,2026-08-12,no
greenhouse:gitlab:8616847002,GitLab,Professional Services Technical Architect ,https://job-boards.greenhouse.io/gitlab/jobs/8616847002,2026-08-12,no
greenhouse:gitlab:8660935002,GitLab,Public Sector Strategic Account Executive - Canada,https://job-boards.greenhouse.io/gitlab/jobs/8660935002,2026-08-12,no
greenhouse:gitlab:8596778002,GitLab,"Public Sector Strategic Account Executive, FSI",https://job-boards.greenhouse.io/gitlab/jobs/8596778002,2026-08-12,no
greenhouse:gitlab:8649994002,GitLab,"Public Sector Strategic Account Executive, SLED - Mountain Plains",https://job-boards.greenhouse.io/gitlab/jobs/8649994002,2026-08-12,no
greenhouse:gitlab:8662116002,GitLab,"Recruiter, Sales (Contract)",https://job-boards.greenhouse.io/gitlab/jobs/8662116002,2026-08-12,no
greenhouse:gitlab:8673952002,GitLab,"Regional Sales Director, Brazil",https://job-boards.greenhouse.io/gitlab/jobs/8673952002,2026-08-12,no
greenhouse:gitlab:8611813002,GitLab,Renewals Manager,https://job-boards.greenhouse.io/gitlab/jobs/8611813002,2026-08-12,no
greenhouse:gitlab:8620580002,GitLab,Renewals Manager UK&I,https://job-boards.greenhouse.io/gitlab/jobs/8620580002,2026-08-12,no
greenhouse:gitlab:8682749002,GitLab,Renewals Manager - West   ,https://job-boards.greenhouse.io/gitlab/jobs/8682749002,2026-08-12,no
greenhouse:gitlab:8616247002,GitLab,Revenue Analytics Manager,https://job-boards.greenhouse.io/gitlab/jobs/8616247002,2026-08-12,no
greenhouse:gitlab:8645879002,GitLab,"Revenue Strategist Manager, Renewals",https://job-boards.greenhouse.io/gitlab/jobs/8645879002,2026-08-12,no
greenhouse:gitlab:8618795002,GitLab,Revenue Technology Analyst,https://job-boards.greenhouse.io/gitlab/jobs/8618795002,2026-08-12,no
greenhouse:gitlab:8638385002,GitLab,Senior Absence Management Partner,https://job-boards.greenhouse.io/gitlab/jobs/8638385002,2026-08-12,no
greenhouse:gitlab:8565469002,GitLab,Senior AI Engineer,https://job-boards.greenhouse.io/gitlab/jobs/8565469002,2026-08-12,no
greenhouse:gitlab:8679047002,GitLab,"Senior Analyst, Sales Strategy ",https://job-boards.greenhouse.io/gitlab/jobs/8679047002,2026-08-12,no
greenhouse:gitlab:8645825002,GitLab,Senior Assigned Support Engineer (EMEA),https://job-boards.greenhouse.io/gitlab/jobs/8645825002,2026-08-12,no
greenhouse:gitlab:8621733002,GitLab,"Senior Backend Engineer, AI Engineering: Chat   ",https://job-boards.greenhouse.io/gitlab/jobs/8621733002,2026-08-12,no
greenhouse:gitlab:8451512002,GitLab,"Senior Backend Engineer, Analytics Instrumentation (Golang)",https://job-boards.greenhouse.io/gitlab/jobs/8451512002,2026-08-12,no
greenhouse:gitlab:8646556002,GitLab,"Senior Backend Engineer, Architecture Engineering: Nonlinear Productivity",https://job-boards.greenhouse.io/gitlab/jobs/8646556002,2026-08-12,no
greenhouse:gitlab:8636713002,GitLab,"Senior Backend Engineer, Deployment Environments",https://job-boards.greenhouse.io/gitlab/jobs/8636713002,2026-08-12,no
greenhouse:gitlab:8463925002,GitLab,"Senior Backend Engineer, Gitlab Delivery: Zero Downtime Upgrades",https://job-boards.greenhouse.io/gitlab/jobs/8463925002,2026-08-12,no
greenhouse:gitlab:8615319002,GitLab,Senior Backend Engineer - Monitoring and Anomaly Detection (Monetization),https://job-boards.greenhouse.io/gitlab/jobs/8615319002,2026-08-12,no
greenhouse:gitlab:8615439002,GitLab,Senior Backend Engineer - Platform Insights,https://job-boards.greenhouse.io/gitlab/jobs/8615439002,2026-08-12,no
greenhouse:gitlab:8644572002,GitLab,"Senior Backend Engineer, Platform Readiness",https://job-boards.greenhouse.io/gitlab/jobs/8644572002,2026-08-12,no
greenhouse:gitlab:8621620002,GitLab,"Senior Backend Engineer (Ruby), AI Engineering: AI Coding",https://job-boards.greenhouse.io/gitlab/jobs/8621620002,2026-08-12,no
greenhouse:gitlab:8646595002,GitLab,"Senior Backend Engineer (Ruby), AI Engineering: DAP Repository Flows",https://job-boards.greenhouse.io/gitlab/jobs/8646595002,2026-08-12,no
greenhouse:gitlab:8682707002,GitLab,"Senior Backend Engineer (Ruby), Plan: Portfolio Experience",https://job-boards.greenhouse.io/gitlab/jobs/8682707002,2026-08-12,no
greenhouse:gitlab:8682860002,GitLab,"Senior Backend Engineer (Ruby), Plan: Spec-Driven Development",https://job-boards.greenhouse.io/gitlab/jobs/8682860002,2026-08-12,no
greenhouse:gitlab:8480580002,GitLab,"Senior Backend Engineer,  SSCS: Supply Chain",https://job-boards.greenhouse.io/gitlab/jobs/8480580002,2026-08-12,no
greenhouse:gitlab:8641816002,GitLab,Senior Benefits Analyst,https://job-boards.greenhouse.io/gitlab/jobs/8641816002,2026-08-12,no
greenhouse:gitlab:8627798002,GitLab,Senior Commercial Account Executive - DACH,https://job-boards.greenhouse.io/gitlab/jobs/8627798002,2026-08-12,no
greenhouse:gitlab:8500014002,GitLab,"Senior Commercial Legal Counsel, APAC",https://job-boards.greenhouse.io/gitlab/jobs/8500014002,2026-08-12,no
greenhouse:gitlab:8648304002,GitLab,Senior Customer Success Architect - Singapore,https://job-boards.greenhouse.io/gitlab/jobs/8648304002,2026-08-12,no
greenhouse:gitlab:8616005002,GitLab,Senior Customer Success Manager- Public Sector ,https://job-boards.greenhouse.io/gitlab/jobs/8616005002,2026-08-12,no
greenhouse:gitlab:8648306002,GitLab,"Senior Deal Desk Analyst, Philippines",https://job-boards.greenhouse.io/gitlab/jobs/8648306002,2026-08-12,no
greenhouse:gitlab:8647506002,GitLab,"Senior Director, Associate General Counsel",https://job-boards.greenhouse.io/gitlab/jobs/8647506002,2026-08-12,no
greenhouse:gitlab:8592710002,GitLab,"Senior Director, People Business Partner",https://job-boards.greenhouse.io/gitlab/jobs/8592710002,2026-08-12,no
greenhouse:gitlab:8539908002,GitLab,"Senior Director, Procurement",https://job-boards.greenhouse.io/gitlab/jobs/8539908002,2026-08-12,no
greenhouse:gitlab:8686820002,GitLab,"Senior Director, Revenue Analytics",https://job-boards.greenhouse.io/gitlab/jobs/8686820002,2026-08-12,no
greenhouse:gitlab:8640173002,GitLab,"Senior Ecosystem Sales Manager, Japan",https://job-boards.greenhouse.io/gitlab/jobs/8640173002,2026-08-12,no
greenhouse:gitlab:8626290002,GitLab,"Senior Engineering Manager, Non-Linear Productivity",https://job-boards.greenhouse.io/gitlab/jobs/8626290002,2026-08-12,no
greenhouse:gitlab:8621204002,GitLab,"Senior FP&A Analyst, Corporate Finance",https://job-boards.greenhouse.io/gitlab/jobs/8621204002,2026-08-12,no
greenhouse:gitlab:8697493002,GitLab,"Senior Fullstack Engineer, Marketing",https://job-boards.greenhouse.io/gitlab/jobs/8697493002,2026-08-12,no
greenhouse:gitlab:8643077002,GitLab,"Senior Internal Auditor, Technology",https://job-boards.greenhouse.io/gitlab/jobs/8643077002,2026-08-12,no
greenhouse:gitlab:8637075002,GitLab,Senior Lifecycle Marketing Manager,https://job-boards.greenhouse.io/gitlab/jobs/8637075002,2026-08-12,yes
greenhouse:gitlab:8561194002,GitLab,"Senior Manager, CX Services Operations",https://job-boards.greenhouse.io/gitlab/jobs/8561194002,2026-08-12,no
greenhouse:gitlab:8642850002,GitLab,"Senior Manager, Internal Audit - Audit Automation & Technology Risk",https://job-boards.greenhouse.io/gitlab/jobs/8642850002,2026-08-12,no
greenhouse:gitlab:8597826002,GitLab,"Senior Manager, Product Management: Agentic Software Delivery",https://job-boards.greenhouse.io/gitlab/jobs/8597826002,2026-08-12,no
greenhouse:gitlab:8627764002,GitLab,"Senior Manager, Solutions Architect - Australia & New Zealand",https://job-boards.greenhouse.io/gitlab/jobs/8627764002,2026-08-12,no
greenhouse:gitlab:8617615002,GitLab,Senior People Analytics Analyst,https://job-boards.greenhouse.io/gitlab/jobs/8617615002,2026-08-12,no
greenhouse:gitlab:8617848002,GitLab,"Senior People Business Partner, Product & Marketing",https://job-boards.greenhouse.io/gitlab/jobs/8617848002,2026-08-12,no
greenhouse:gitlab:8464608002,GitLab,"Senior Product Designer, AI",https://job-boards.greenhouse.io/gitlab/jobs/8464608002,2026-08-12,no
greenhouse:gitlab:8684348002,GitLab,"Senior Product Manager, Growth",https://job-boards.greenhouse.io/gitlab/jobs/8684348002,2026-08-12,no
greenhouse:gitlab:8597805002,GitLab,"Senior Product Manager, Plan to Code",https://job-boards.greenhouse.io/gitlab/jobs/8597805002,2026-08-12,no
greenhouse:gitlab:8512220002,GitLab,"Senior Product Manager, Tenant Scale",https://job-boards.greenhouse.io/gitlab/jobs/8512220002,2026-08-12,no
greenhouse:gitlab:8623542002,GitLab,Senior Professional Services Engineer - Japan,https://job-boards.greenhouse.io/gitlab/jobs/8623542002,2026-08-12,no
greenhouse:gitlab:8622433002,GitLab,Senior Professional Services Project Manager (EMEA),https://job-boards.greenhouse.io/gitlab/jobs/8622433002,2026-08-12,no
greenhouse:gitlab:8584282002,GitLab,"Senior Program Manager, Enterprise Technology & AI",https://job-boards.greenhouse.io/gitlab/jobs/8584282002,2026-08-12,no
greenhouse:gitlab:8616308002,GitLab,Senior Revenue Analytics Analyst,https://job-boards.greenhouse.io/gitlab/jobs/8616308002,2026-08-12,no
greenhouse:gitlab:8628447002,GitLab,"Senior Security Engineer, Security Incident Response Team (SIRT) - EMEA",https://job-boards.greenhouse.io/gitlab/jobs/8628447002,2026-08-12,no
greenhouse:gitlab:8637549002,GitLab,Senior Software Security Engineer,https://job-boards.greenhouse.io/gitlab/jobs/8637549002,2026-08-12,no
greenhouse:gitlab:8611764002,GitLab,Senior Solutions Architect,https://job-boards.greenhouse.io/gitlab/jobs/8611764002,2026-08-12,no
greenhouse:gitlab:8476375002,GitLab,Senior Solutions Architect - AI & Platforms SME,https://job-boards.greenhouse.io/gitlab/jobs/8476375002,2026-08-12,no
greenhouse:gitlab:8627772002,GitLab,Senior Solutions Architect- Australia and New Zealand,https://job-boards.greenhouse.io/gitlab/jobs/8627772002,2026-08-12,no
greenhouse:gitlab:8627207002,GitLab,Senior Solutions Architect - East,https://job-boards.greenhouse.io/gitlab/jobs/8627207002,2026-08-12,no
greenhouse:gitlab:8589176002,GitLab,"Senior Solutions Architect, Financial Services - NYC area",https://job-boards.greenhouse.io/gitlab/jobs/8589176002,2026-08-12,no
greenhouse:gitlab:8591221002,GitLab,"Senior Solutions Architect, Global SI (India)",https://job-boards.greenhouse.io/gitlab/jobs/8591221002,2026-08-12,no
greenhouse:gitlab:8588547002,GitLab,Senior TA Operations Specialist,https://job-boards.greenhouse.io/gitlab/jobs/8588547002,2026-08-12,no
greenhouse:gitlab:8675124002,GitLab,Senior Team Member Relations Partner,https://job-boards.greenhouse.io/gitlab/jobs/8675124002,2026-08-12,no
greenhouse:gitlab:8631175002,GitLab,Senior Threat Intelligence Engineer ,https://job-boards.greenhouse.io/gitlab/jobs/8631175002,2026-08-12,no
greenhouse:gitlab:8644274002,GitLab,Site Reliability Engineer - Dedicated Hosted Runners,https://job-boards.greenhouse.io/gitlab/jobs/8644274002,2026-08-12,no
greenhouse:gitlab:8623389002,GitLab,"Site Reliability Engineer, Intermediate to Senior Staff — Infrastructure Platforms",https://job-boards.greenhouse.io/gitlab/jobs/8623389002,2026-08-12,no
greenhouse:gitlab:8611767002,GitLab,Solutions Architect,https://job-boards.greenhouse.io/gitlab/jobs/8611767002,2026-08-12,no
greenhouse:gitlab:8656506002,GitLab,Solutions Architect - France,https://job-boards.greenhouse.io/gitlab/jobs/8656506002,2026-08-12,no
greenhouse:gitlab:8611700002,GitLab,Solutions Architect - MENA,https://job-boards.greenhouse.io/gitlab/jobs/8611700002,2026-08-12,no
greenhouse:gitlab:8637579002,GitLab,Staff Account Based Marketing Manager,https://job-boards.greenhouse.io/gitlab/jobs/8637579002,2026-08-12,yes
greenhouse:gitlab:8646544002,GitLab,"Staff Backend Engineer, Architecture Engineering: Nonlinear Productivity",https://job-boards.greenhouse.io/gitlab/jobs/8646544002,2026-08-12,no
greenhouse:gitlab:8463922002,GitLab,"Staff Backend Engineer, Gitlab Delivery: Upgrades",https://job-boards.greenhouse.io/gitlab/jobs/8463922002,2026-08-12,no
greenhouse:gitlab:8488961002,GitLab,"Staff Backend Engineer (Go), Events Platform",https://job-boards.greenhouse.io/gitlab/jobs/8488961002,2026-08-12,no
greenhouse:gitlab:8646573002,GitLab,"Staff Backend Engineer (Ruby), AI Engineering: DAP Repository Flows",https://job-boards.greenhouse.io/gitlab/jobs/8646573002,2026-08-12,no
greenhouse:gitlab:8448283002,GitLab,"Staff Backend Engineer (Ruby on Rails/AI), Verify",https://job-boards.greenhouse.io/gitlab/jobs/8448283002,2026-08-12,no
greenhouse:gitlab:8480559002,GitLab,"Staff Backend Engineer,  Software Supply Chain Security",https://job-boards.greenhouse.io/gitlab/jobs/8480559002,2026-08-12,no
greenhouse:gitlab:8638295002,GitLab,"Staff Engineer, People Technology",https://job-boards.greenhouse.io/gitlab/jobs/8638295002,2026-08-12,no
greenhouse:gitlab:8512432002,GitLab,Staff Forward Deployed Engineer,https://job-boards.greenhouse.io/gitlab/jobs/8512432002,2026-08-12,no
greenhouse:gitlab:8623763002,GitLab,Staff Fullstack Engineer - Data Products,https://job-boards.greenhouse.io/gitlab/jobs/8623763002,2026-08-12,no
greenhouse:gitlab:8613165002,GitLab,Staff Fullstack Engineer - Data Products,https://job-boards.greenhouse.io/gitlab/jobs/8613165002,2026-08-12,no
greenhouse:gitlab:8574978002,GitLab,"Staff HRIS Analyst, People Technology - Workday",https://job-boards.greenhouse.io/gitlab/jobs/8574978002,2026-08-12,no
greenhouse:gitlab:8514960002,GitLab,Staff Infrastructure Security Engineer ,https://job-boards.greenhouse.io/gitlab/jobs/8514960002,2026-08-12,no
greenhouse:gitlab:8610952002,GitLab,Staff Lifecycle Marketing Manager,https://job-boards.greenhouse.io/gitlab/jobs/8610952002,2026-08-12,yes
greenhouse:gitlab:8612937002,GitLab,"Staff Product Manager,  RevOps & Finance Systems",https://job-boards.greenhouse.io/gitlab/jobs/8612937002,2026-08-12,no
greenhouse:gitlab:8632496002,GitLab,Staff Software Engineer,https://job-boards.greenhouse.io/gitlab/jobs/8632496002,2026-08-12,no
greenhouse:gitlab:8575027002,GitLab,Strategic Account Executive  - Belgium & Luxembourg (Paris / Lille area based),https://job-boards.greenhouse.io/gitlab/jobs/8575027002,2026-08-12,no
greenhouse:gitlab:8520248002,GitLab,"Strategic Account Executive, Germany (Ent Industry)",https://job-boards.greenhouse.io/gitlab/jobs/8520248002,2026-08-12,no
greenhouse:gitlab:8637995002,GitLab,Strategic Account Executive - MENA,https://job-boards.greenhouse.io/gitlab/jobs/8637995002,2026-08-12,no
greenhouse:gitlab:8675560002,GitLab,"Strategic Account Executive, Poland",https://job-boards.greenhouse.io/gitlab/jobs/8675560002,2026-08-12,no
greenhouse:gitlab:8604630002,GitLab,"Strategic Account Executive, San Francisco ",https://job-boards.greenhouse.io/gitlab/jobs/8604630002,2026-08-12,no
greenhouse:gitlab:8555134002,GitLab,Strategic Account Executive - South Africa,https://job-boards.greenhouse.io/gitlab/jobs/8555134002,2026-08-12,no
greenhouse:gitlab:8656848002,GitLab,"Strategic Account Executive, Southeast",https://job-boards.greenhouse.io/gitlab/jobs/8656848002,2026-08-12,no
greenhouse:gitlab:8617751002,GitLab,Strategic Account Executive - Turkey,https://job-boards.greenhouse.io/gitlab/jobs/8617751002,2026-08-12,no
greenhouse:gitlab:8609979002,GitLab,Strategic Account Executive - Turkey ,https://job-boards.greenhouse.io/gitlab/jobs/8609979002,2026-08-12,no
greenhouse:gitlab:8654230002,GitLab,Support Engineer (AMER),https://job-boards.greenhouse.io/gitlab/jobs/8654230002,2026-08-12,no
greenhouse:gitlab:8628780002,GitLab,"Support Engineer, U.S. Government Support",https://job-boards.greenhouse.io/gitlab/jobs/8628780002,2026-08-12,no
greenhouse:gitlab:8638246002,GitLab,Tech Operations Specialist,https://job-boards.greenhouse.io/gitlab/jobs/8638246002,2026-08-12,no
greenhouse:gitlab:8591223002,GitLab,Territory Sales Manager ,https://job-boards.greenhouse.io/gitlab/jobs/8591223002,2026-08-12,no
greenhouse:gitlab:8510676002,GitLab,"Vice President, Data & Insights",https://job-boards.greenhouse.io/gitlab/jobs/8510676002,2026-08-12,no
greenhouse:gitlab:8499647002,GitLab,"Vice President, Legal Commercial",https://job-boards.greenhouse.io/gitlab/jobs/8499647002,2026-08-12,no
greenhouse:airbnb:7995153,Airbnb,Acquisition Manager,https://careers.airbnb.com/positions/7995153?gh_jid=7995153,2026-08-12,no
greenhouse:airbnb:7995199,Airbnb,Acquisition Manager,https://careers.airbnb.com/positions/7995199?gh_jid=7995199,2026-08-12,no
greenhouse:airbnb:8067991,Airbnb,AMER Gathering Programs Manager,https://careers.airbnb.com/positions/8067991?gh_jid=8067991,2026-08-12,no
greenhouse:airbnb:8074833,Airbnb,"Associate Counsel, Innovation and Thought Leadership",https://careers.airbnb.com/positions/8074833?gh_jid=8074833,2026-08-12,no
greenhouse:airbnb:7999656,Airbnb,Business Operations and Growth Lead,https://careers.airbnb.com/positions/7999656?gh_jid=7999656,2026-08-12,no
greenhouse:airbnb:7834481,Airbnb,Business Operations and Growth Lead,https://careers.airbnb.com/positions/7834481?gh_jid=7834481,2026-08-12,no
greenhouse:airbnb:7839229,Airbnb,Community Support Forecasting and Demand Planning Analyst,https://careers.airbnb.com/positions/7839229?gh_jid=7839229,2026-08-12,no
greenhouse:airbnb:8104102,Airbnb,Compensation Partner,https://careers.airbnb.com/positions/8104102?gh_jid=8104102,2026-08-12,no
greenhouse:airbnb:7732569,Airbnb,"(Contract) Senior Data Scientist, Platform Inference - MarTech DS Measurement",https://careers.airbnb.com/positions/7732569?gh_jid=7732569,2026-08-12,no
greenhouse:airbnb:8008818,Airbnb,"Creative Producer, Experiential ",https://careers.airbnb.com/positions/8008818?gh_jid=8008818,2026-08-12,no
greenhouse:airbnb:8031901,Airbnb,"Data Scientist - Algorithms, Community Support",https://careers.airbnb.com/positions/8031901?gh_jid=8031901,2026-08-12,no
greenhouse:airbnb:8031907,Airbnb,"Data Scientist - Inference, Community Support",https://careers.airbnb.com/positions/8031907?gh_jid=8031907,2026-08-12,no
greenhouse:airbnb:8074765,Airbnb,"Engineering Manager, Cloud & Data Security",https://careers.airbnb.com/positions/8074765?gh_jid=8074765,2026-08-12,no
greenhouse:airbnb:7760914,Airbnb,"Engineering Manager, Community Support Engineering",https://careers.airbnb.com/positions/7760914?gh_jid=7760914,2026-08-12,no
greenhouse:airbnb:7532824,Airbnb,"Engineering Manager, Guest & Host",https://careers.airbnb.com/positions/7532824?gh_jid=7532824,2026-08-12,no
greenhouse:airbnb:8044558,Airbnb,"Engineering Manager, Payments",https://careers.airbnb.com/positions/8044558?gh_jid=8044558,2026-08-12,no
greenhouse:airbnb:8038315,Airbnb,"Gestionnaire de bureau, Montréal",https://careers.airbnb.com/positions/8038315?gh_jid=8038315,2026-08-12,no
greenhouse:airbnb:7862110,Airbnb,"Gestionnaire, Soutien Premium",https://careers.airbnb.com/positions/7862110?gh_jid=7862110,2026-08-12,no
greenhouse:airbnb:7590542,Airbnb,"Growth Marketing Lead, Japan ",https://careers.airbnb.com/positions/7590542?gh_jid=7590542,2026-08-12,yes
greenhouse:airbnb:8070656,Airbnb,"Growth Marketing Lead, SEM",https://careers.airbnb.com/positions/8070656?gh_jid=8070656,2026-08-12,yes
greenhouse:airbnb:7964249,Airbnb,"Lead, Advanced Analytics, Hosting Services (Brazil) ",https://careers.airbnb.com/positions/7964249?gh_jid=7964249,2026-08-12,no
greenhouse:airbnb:7964205,Airbnb,"Lead, Advanced Analytics, Hosting Services (Mexico)",https://careers.airbnb.com/positions/7964205?gh_jid=7964205,2026-08-12,no
greenhouse:airbnb:7967712,Airbnb,"Lead, Advanced Analytics, Payments",https://careers.airbnb.com/positions/7967712?gh_jid=7967712,2026-08-12,no
greenhouse:airbnb:8080954,Airbnb,"Lead Advanced Analytics, Product",https://careers.airbnb.com/positions/8080954?gh_jid=8080954,2026-08-12,no
greenhouse:airbnb:8120458,Airbnb,Lead Localization Operations Program Manager,https://careers.airbnb.com/positions/8120458?gh_jid=8120458,2026-08-12,no
greenhouse:airbnb:7258829,Airbnb,"Localization Manager, Canada",https://careers.airbnb.com/positions/7258829?gh_jid=7258829,2026-08-12,no
greenhouse:airbnb:7258830,Airbnb,"Localization Manager, Canada",https://careers.airbnb.com/positions/7258830?gh_jid=7258830,2026-08-12,no
greenhouse:airbnb:7716341,Airbnb,"Machine Learning Engineer, Customer Support Engineering",https://careers.airbnb.com/positions/7716341?gh_jid=7716341,2026-08-12,no
greenhouse:airbnb:7531247,Airbnb,"Manager, Field Operations, Southeast",https://careers.airbnb.com/positions/7531247?gh_jid=7531247,2026-08-12,no
greenhouse:airbnb:7672101,Airbnb,"Manager, Machine Learning, Customer Support Engineering ",https://careers.airbnb.com/positions/7672101?gh_jid=7672101,2026-08-12,no
greenhouse:airbnb:7862109,Airbnb,"Manager, Premium Support",https://careers.airbnb.com/positions/7862109?gh_jid=7862109,2026-08-12,no
greenhouse:airbnb:8056124,Airbnb,Marketing Operations Lead,https://careers.airbnb.com/positions/8056124?gh_jid=8056124,2026-08-12,yes
greenhouse:airbnb:8043473,Airbnb,Market Manager,https://careers.airbnb.com/positions/8043473?gh_jid=8043473,2026-08-12,no
greenhouse:airbnb:7960390,Airbnb,Market Manager ,https://careers.airbnb.com/positions/7960390?gh_jid=7960390,2026-08-12,no
greenhouse:airbnb:7649950,Airbnb,"Market Manager, Japan - Hotels",https://careers.airbnb.com/positions/7649950?gh_jid=7649950,2026-08-12,no
greenhouse:airbnb:8000413,Airbnb,Market Manager - Vacation Rental,https://careers.airbnb.com/positions/8000413?gh_jid=8000413,2026-08-12,no
greenhouse:airbnb:8038161,Airbnb,"Office Manager, Mexico City",https://careers.airbnb.com/positions/8038161?gh_jid=8038161,2026-08-12,no
greenhouse:airbnb:8038314,Airbnb,"Office Manager, Montreal",https://careers.airbnb.com/positions/8038314?gh_jid=8038314,2026-08-12,no
greenhouse:airbnb:8039417,Airbnb,"Office Manager, Paris",https://careers.airbnb.com/positions/8039417?gh_jid=8039417,2026-08-12,no
greenhouse:airbnb:8038264,Airbnb,"Office Manager, São Paulo",https://careers.airbnb.com/positions/8038264?gh_jid=8038264,2026-08-12,no
greenhouse:airbnb:8039307,Airbnb,"Office Manager, Seoul",https://careers.airbnb.com/positions/8039307?gh_jid=8039307,2026-08-12,yes
greenhouse:airbnb:8039271,Airbnb,"Office Manager, Tokyo ",https://careers.airbnb.com/positions/8039271?gh_jid=8039271,2026-08-12,no
greenhouse:airbnb:8074955,Airbnb,"Operations Engineer, BizTech",https://careers.airbnb.com/positions/8074955?gh_jid=8074955,2026-08-12,no
greenhouse:airbnb:8075714,Airbnb,"Payments Partnerships Manager, Host Payouts",https://careers.airbnb.com/positions/8075714?gh_jid=8075714,2026-08-12,no
greenhouse:airbnb:7859539,Airbnb,"Policy Manager, Korea",https://careers.airbnb.com/positions/7859539?gh_jid=7859539,2026-08-12,no
greenhouse:airbnb:7955579,Airbnb,Principal Machine Learning Engineer- LLM Fine-tuning and Optimization ,https://careers.airbnb.com/positions/7955579?gh_jid=7955579,2026-08-12,no
greenhouse:airbnb:7759059,Airbnb,"Principal, Strategic Finance, Community Support",https://careers.airbnb.com/positions/7759059?gh_jid=7759059,2026-08-12,no
greenhouse:airbnb:8003178,Airbnb,Process Risk and Compliance Operations Manager,https://careers.airbnb.com/positions/8003178?gh_jid=8003178,2026-08-12,no
greenhouse:airbnb:8042076,Airbnb,Process Strategy and Optimization Lead,https://careers.airbnb.com/positions/8042076?gh_jid=8042076,2026-08-12,no
greenhouse:airbnb:8106422,Airbnb,Product Manager ,https://careers.airbnb.com/positions/8106422?gh_jid=8106422,2026-08-12,no
greenhouse:airbnb:8096359,Airbnb,"Product Manager, Discounts & Promotions",https://careers.airbnb.com/positions/8096359?gh_jid=8096359,2026-08-12,no
greenhouse:airbnb:8055637,Airbnb,"Product Manager, Identity",https://careers.airbnb.com/positions/8055637?gh_jid=8055637,2026-08-12,no
greenhouse:airbnb:8044715,Airbnb,"Product Manager, Incubations",https://careers.airbnb.com/positions/8044715?gh_jid=8044715,2026-08-12,no
greenhouse:airbnb:7905365,Airbnb,"Product Manager, Relevance and Personalization",https://careers.airbnb.com/positions/7905365?gh_jid=7905365,2026-08-12,no
greenhouse:airbnb:8104444,Airbnb,"Product Manager, Search",https://careers.airbnb.com/positions/8104444?gh_jid=8104444,2026-08-12,no
greenhouse:airbnb:8081925,Airbnb,"Product Manager, Services",https://careers.airbnb.com/positions/8081925?gh_jid=8081925,2026-08-12,no
greenhouse:airbnb:8082161,Airbnb,"Product Manager, Tickets",https://careers.airbnb.com/positions/8082161?gh_jid=8082161,2026-08-12,no
greenhouse:airbnb:8082854,Airbnb,"Product Manager, Wallet",https://careers.airbnb.com/positions/8082854?gh_jid=8082854,2026-08-12,no
greenhouse:airbnb:8094412,Airbnb,"Product Program Manager, Roadmap Planning & Program Management",https://careers.airbnb.com/positions/8094412?gh_jid=8094412,2026-08-12,no
greenhouse:airbnb:7927169,Airbnb,"Program Manager, Community Support",https://careers.airbnb.com/positions/7927169?gh_jid=7927169,2026-08-12,no
greenhouse:airbnb:7927170,Airbnb,"Program Manager, Community Support",https://careers.airbnb.com/positions/7927170?gh_jid=7927170,2026-08-12,no
greenhouse:airbnb:8028783,Airbnb,Programs and Business Operations Lead,https://careers.airbnb.com/positions/8028783?gh_jid=8028783,2026-08-12,no
greenhouse:airbnb:8095268,Airbnb,Programs & Business Operations Lead,https://careers.airbnb.com/positions/8095268?gh_jid=8095268,2026-08-12,no
greenhouse:airbnb:8015163,Airbnb,"Quality Specialist, Hosting",https://careers.airbnb.com/positions/8015163?gh_jid=8015163,2026-08-12,no
greenhouse:airbnb:8110189,Airbnb,"Regional Operations Manager, Premium Support",https://careers.airbnb.com/positions/8110189?gh_jid=8110189,2026-08-12,no
greenhouse:airbnb:8067929,Airbnb,Regional Workplace Operations Manager,https://careers.airbnb.com/positions/8067929?gh_jid=8067929,2026-08-12,no
greenhouse:airbnb:8110190,Airbnb,"Responsable des opérations régionales, Support Premium",https://careers.airbnb.com/positions/8110190?gh_jid=8110190,2026-08-12,no
greenhouse:airbnb:8000973,Airbnb,"Responsable, Gestion des Effectifs, Opérations",https://careers.airbnb.com/positions/8000973?gh_jid=8000973,2026-08-12,no
greenhouse:airbnb:7964996,Airbnb,Safety Specialist,https://careers.airbnb.com/positions/7964996?gh_jid=7964996,2026-08-12,no
greenhouse:airbnb:7870802,Airbnb,Safety Specialist,https://careers.airbnb.com/positions/7870802?gh_jid=7870802,2026-08-12,no
greenhouse:airbnb:8046210,Airbnb,"Senior Account Executive, Hotels (Milan-based)",https://careers.airbnb.com/positions/8046210?gh_jid=8046210,2026-08-12,no
greenhouse:airbnb:8102461,Airbnb,"Senior Brand Strategy Lead, APAC",https://careers.airbnb.com/positions/8102461?gh_jid=8102461,2026-08-12,no
greenhouse:airbnb:8053132,Airbnb,"Senior Business Solutions Engineer, BizTech(LegalTech)",https://careers.airbnb.com/positions/8053132?gh_jid=8053132,2026-08-12,no
greenhouse:airbnb:7978155,Airbnb,"Senior Counsel, Commercial & Partnerships",https://careers.airbnb.com/positions/7978155?gh_jid=7978155,2026-08-12,no
greenhouse:airbnb:8059216,Airbnb,"Senior Data Scientist, Trust (Inference)",https://careers.airbnb.com/positions/8059216?gh_jid=8059216,2026-08-12,no
greenhouse:airbnb:7968034,Airbnb,"Senior Engineering Manager, Media Foundation",https://careers.airbnb.com/positions/7968034?gh_jid=7968034,2026-08-12,no
greenhouse:airbnb:8082851,Airbnb,"Senior Growth Marketing Lead, Engagement",https://careers.airbnb.com/positions/8082851?gh_jid=8082851,2026-08-12,yes
greenhouse:airbnb:8068640,Airbnb,Senior Influencer and Social Manager,https://careers.airbnb.com/positions/8068640?gh_jid=8068640,2026-08-12,no
greenhouse:airbnb:7453190,Airbnb,Senior iOS Automation Engineer,https://careers.airbnb.com/positions/7453190?gh_jid=7453190,2026-08-12,no
greenhouse:airbnb:7817040,Airbnb,"Senior iOS Engineer, Global Markets ",https://careers.airbnb.com/positions/7817040?gh_jid=7817040,2026-08-12,no
greenhouse:airbnb:7916840,Airbnb,Senior Key Accounts Manager,https://careers.airbnb.com/positions/7916840?gh_jid=7916840,2026-08-12,no
greenhouse:airbnb:8014904,Airbnb,"Senior Machine Learning Engineer, Customer Support Engineering",https://careers.airbnb.com/positions/8014904?gh_jid=8014904,2026-08-12,no
greenhouse:airbnb:7975743,Airbnb,"Senior Machine Learning Engineer, Customer Support Engineering",https://careers.airbnb.com/positions/7975743?gh_jid=7975743,2026-08-12,no
greenhouse:airbnb:8070678,Airbnb,"Senior Machine Learning Engineer, Price Modeling",https://careers.airbnb.com/positions/8070678?gh_jid=8070678,2026-08-12,no
greenhouse:airbnb:7258033,Airbnb,"Senior Machine Learning Engineer, Relevance and Personalization",https://careers.airbnb.com/positions/7258033?gh_jid=7258033,2026-08-12,no
greenhouse:airbnb:8065789,Airbnb,"Senior Machine Learning Engineer, Relevance and Personalization (Query Intelligence)",https://careers.airbnb.com/positions/8065789?gh_jid=8065789,2026-08-12,no
greenhouse:airbnb:7788160,Airbnb,"Senior Manager, Advanced Analytics, Fraud & Safety Operations",https://careers.airbnb.com/positions/7788160?gh_jid=7788160,2026-08-12,no
greenhouse:airbnb:8044801,Airbnb,"Senior Manager, Field Operations",https://careers.airbnb.com/positions/8044801?gh_jid=8044801,2026-08-12,no
greenhouse:airbnb:8070121,Airbnb,"Senior Manager, Machine Learning Engineering - Communication & Connectivity",https://careers.airbnb.com/positions/8070121?gh_jid=8070121,2026-08-12,no
greenhouse:airbnb:7736028,Airbnb,"Senior Manager, Public Policy, Texas ",https://careers.airbnb.com/positions/7736028?gh_jid=7736028,2026-08-12,no
greenhouse:airbnb:8077683,Airbnb,"Senior Manager, Technical Program Management (Search & AI Foundations)",https://careers.airbnb.com/positions/8077683?gh_jid=8077683,2026-08-12,no
greenhouse:airbnb:7587869,Airbnb,"Senior Market Manager, Hotels",https://careers.airbnb.com/positions/7587869?gh_jid=7587869,2026-08-12,no
greenhouse:airbnb:7921276,Airbnb,"Senior Market Manager, Luxe",https://careers.airbnb.com/positions/7921276?gh_jid=7921276,2026-08-12,no
greenhouse:airbnb:8070705,Airbnb,"Senior Platform Manager, Data Products, Finance Accounting",https://careers.airbnb.com/positions/8070705?gh_jid=8070705,2026-08-12,no
greenhouse:airbnb:8082863,Airbnb,"Senior Platform Manager, Payment Platform Accounts",https://careers.airbnb.com/positions/8082863?gh_jid=8082863,2026-08-12,no
greenhouse:airbnb:8029984,Airbnb,"Senior Platform Manager, Trust and Safety",https://careers.airbnb.com/positions/8029984?gh_jid=8029984,2026-08-12,no
greenhouse:airbnb:7918327,Airbnb,Senior Policy Economist ,https://careers.airbnb.com/positions/7918327?gh_jid=7918327,2026-08-12,no
greenhouse:airbnb:8053756,Airbnb,"Senior Principal, Competitive Intelligence",https://careers.airbnb.com/positions/8053756?gh_jid=8053756,2026-08-12,no
greenhouse:airbnb:7920760,Airbnb,"Senior Principal, Tax Controversy",https://careers.airbnb.com/positions/7920760?gh_jid=7920760,2026-08-12,no
greenhouse:airbnb:8094462,Airbnb,"Senior Product Program Manager, Roadmap Planning & Program Management ",https://careers.airbnb.com/positions/8094462?gh_jid=8094462,2026-08-12,no
greenhouse:airbnb:7736820,Airbnb,"Senior Programs and Business Operations Lead, Monthly Stays",https://careers.airbnb.com/positions/7736820?gh_jid=7736820,2026-08-12,no
greenhouse:airbnb:7944595,Airbnb,"Senior Regulatory Operations Manager, Cities",https://careers.airbnb.com/positions/7944595?gh_jid=7944595,2026-08-12,no
greenhouse:airbnb:8054361,Airbnb,Senior Regulatory Products Lead,https://careers.airbnb.com/positions/8054361?gh_jid=8054361,2026-08-12,no
greenhouse:airbnb:8083716,Airbnb,Senior Sales Operations Lead,https://careers.airbnb.com/positions/8083716?gh_jid=8083716,2026-08-12,no
greenhouse:airbnb:8107133,Airbnb,"Senior Security Engineer, Incident Response",https://careers.airbnb.com/positions/8107133?gh_jid=8107133,2026-08-12,no
greenhouse:airbnb:8078406,Airbnb,"Senior Social Content Operations Manager, China",https://careers.airbnb.com/positions/8078406?gh_jid=8078406,2026-08-12,no
greenhouse:airbnb:8026696,Airbnb,"Senior Software Engineer, Reliability Engineering Team",https://careers.airbnb.com/positions/8026696?gh_jid=8026696,2026-08-12,no
greenhouse:airbnb:8024057,Airbnb,"Senior Software Engineer, Service Tools   ",https://careers.airbnb.com/positions/8024057?gh_jid=8024057,2026-08-12,no
greenhouse:airbnb:7682735,Airbnb,"Senior Specialist, Luxe",https://careers.airbnb.com/positions/7682735?gh_jid=7682735,2026-08-12,no
greenhouse:airbnb:8107160,Airbnb,"Senior Specialist, Premium Support",https://careers.airbnb.com/positions/8107160?gh_jid=8107160,2026-08-12,no
greenhouse:airbnb:8091849,Airbnb,"Senior Specialist, Premium Support (Portuguese/English)",https://careers.airbnb.com/positions/8091849?gh_jid=8091849,2026-08-12,no
greenhouse:airbnb:7998356,Airbnb,Senior Staff Data Engineer - Data Stewardship,https://careers.airbnb.com/positions/7998356?gh_jid=7998356,2026-08-12,no
greenhouse:airbnb:7107054,Airbnb,"Senior Staff Data Scientist, Guest & Host Marketplace AI",https://careers.airbnb.com/positions/7107054?gh_jid=7107054,2026-08-12,no
greenhouse:airbnb:8017277,Airbnb,"Senior Staff Engineer, Communication & Connectivity",https://careers.airbnb.com/positions/8017277?gh_jid=8017277,2026-08-12,no
greenhouse:airbnb:6757302,Airbnb,"Senior Staff Machine Learning Engineer, Data & Eval",https://careers.airbnb.com/positions/6757302?gh_jid=6757302,2026-08-12,no
greenhouse:airbnb:7747259,Airbnb,"Senior Staff Machine Learning Engineer, Growth Platform Engineering",https://careers.airbnb.com/positions/7747259?gh_jid=7747259,2026-08-12,no
greenhouse:airbnb:7005605,Airbnb,"Senior Staff Machine Learning Engineer, Guest & Host",https://careers.airbnb.com/positions/7005605?gh_jid=7005605,2026-08-12,no
greenhouse:airbnb:7858738,Airbnb,"Senior Staff Machine Learning Engineer, Post Training",https://careers.airbnb.com/positions/7858738?gh_jid=7858738,2026-08-12,no
greenhouse:airbnb:7592146,Airbnb,"Senior Staff Machine Learning Engineer, Trust",https://careers.airbnb.com/positions/7592146?gh_jid=7592146,2026-08-12,no
greenhouse:airbnb:7644921,Airbnb,"Senior Staff Operations Engineer, AIOps",https://careers.airbnb.com/positions/7644921?gh_jid=7644921,2026-08-12,no
greenhouse:airbnb:8039723,Airbnb,"Senior Staff Software Engineer, Host Pricing & Settings",https://careers.airbnb.com/positions/8039723?gh_jid=8039723,2026-08-12,no
greenhouse:airbnb:8095365,Airbnb,"Senior Staff Software Engineer, Marketing Technology",https://careers.airbnb.com/positions/8095365?gh_jid=8095365,2026-08-12,no
greenhouse:airbnb:7688467,Airbnb,"Senior Staff Software Engineer, Payments",https://careers.airbnb.com/positions/7688467?gh_jid=7688467,2026-08-12,no
greenhouse:airbnb:7525479,Airbnb,"Senior Staff Software Engineer, Payments",https://careers.airbnb.com/positions/7525479?gh_jid=7525479,2026-08-12,no
greenhouse:airbnb:7818982,Airbnb,"Senior Staff Software Engineer, Trust",https://careers.airbnb.com/positions/7818982?gh_jid=7818982,2026-08-12,no
greenhouse:airbnb:8007402,Airbnb,"Senior Staff UX Writer, International",https://careers.airbnb.com/positions/8007402?gh_jid=8007402,2026-08-12,no
greenhouse:airbnb:7863467,Airbnb,"Senior Web Automation Engineer, Quality Platform",https://careers.airbnb.com/positions/7863467?gh_jid=7863467,2026-08-12,no
greenhouse:airbnb:7725256,Airbnb,"Software Engineer, Guest & Host - Notifications",https://careers.airbnb.com/positions/7725256?gh_jid=7725256,2026-08-12,no
greenhouse:airbnb:8077506,Airbnb,"Software Engineer, Quality Platform",https://careers.airbnb.com/positions/8077506?gh_jid=8077506,2026-08-12,no
greenhouse:airbnb:8080767,Airbnb,Spécialiste au Support Premium Bilingue (français/anglais),https://careers.airbnb.com/positions/8080767?gh_jid=8080767,2026-08-12,no
greenhouse:airbnb:8107161,Airbnb,"Spécialiste principal(e), Soutien Premium",https://careers.airbnb.com/positions/8107161?gh_jid=8107161,2026-08-12,no
greenhouse:airbnb:7417294,Airbnb,"Spécialiste, Sécurité",https://careers.airbnb.com/positions/7417294?gh_jid=7417294,2026-08-12,no
greenhouse:airbnb:7230257,Airbnb,"Specialist, Premium Support",https://careers.airbnb.com/positions/7230257?gh_jid=7230257,2026-08-12,no
greenhouse:airbnb:8080766,Airbnb,"Specialist, Premium Support (French/English)",https://careers.airbnb.com/positions/8080766?gh_jid=8080766,2026-08-12,no
greenhouse:airbnb:7946318,Airbnb,"Specialist, Premium Support (French/English)",https://careers.airbnb.com/positions/7946318?gh_jid=7946318,2026-08-12,no
greenhouse:airbnb:7417293,Airbnb,"Specialist, Safety",https://careers.airbnb.com/positions/7417293?gh_jid=7417293,2026-08-12,no
greenhouse:airbnb:8042783,Airbnb,Sr Social Measurement Lead,https://careers.airbnb.com/positions/8042783?gh_jid=8042783,2026-08-12,no
greenhouse:airbnb:7927588,Airbnb,"Staff Advanced Analyst, Guest Engagement",https://careers.airbnb.com/positions/7927588?gh_jid=7927588,2026-08-12,no
greenhouse:airbnb:7943874,Airbnb,"Staff Advanced Analytics, Guest Product",https://careers.airbnb.com/positions/7943874?gh_jid=7943874,2026-08-12,no
greenhouse:airbnb:7822824,Airbnb,"Staff, Advanced Analytics, Incubations",https://careers.airbnb.com/positions/7822824?gh_jid=7822824,2026-08-12,no
greenhouse:airbnb:8003341,Airbnb,"Staff Analyst, Advanced Analytics, Payments",https://careers.airbnb.com/positions/8003341?gh_jid=8003341,2026-08-12,no
greenhouse:airbnb:8074897,Airbnb,Staff Backend Engineer - Ads Platform,https://careers.airbnb.com/positions/8074897?gh_jid=8074897,2026-08-12,no
greenhouse:airbnb:8078019,Airbnb,"Staff Backend Engineer, Host Pricing & Availability",https://careers.airbnb.com/positions/8078019?gh_jid=8078019,2026-08-12,no
greenhouse:airbnb:8042680,Airbnb,Staff Data Scientist - Long Term Impact,https://careers.airbnb.com/positions/8042680?gh_jid=8042680,2026-08-12,no
greenhouse:airbnb:8121074,Airbnb,"Staff Experience Designer, International",https://careers.airbnb.com/positions/8121074?gh_jid=8121074,2026-08-12,no
greenhouse:airbnb:8024316,Airbnb,"Staff Machine Learning Engineer, Community Support Engineering",https://careers.airbnb.com/positions/8024316?gh_jid=8024316,2026-08-12,no
greenhouse:airbnb:7693033,Airbnb,"Staff Machine Learning Engineer, Customer Support Engineering",https://careers.airbnb.com/positions/7693033?gh_jid=7693033,2026-08-12,no
greenhouse:airbnb:8077226,Airbnb,"Staff Platform Manager, Airfam Products",https://careers.airbnb.com/positions/8077226?gh_jid=8077226,2026-08-12,no
greenhouse:airbnb:8003786,Airbnb,"Staff Platform Manager, Chargebacks and Disputes",https://careers.airbnb.com/positions/8003786?gh_jid=8003786,2026-08-12,no
greenhouse:airbnb:8091831,Airbnb,"Staff Platform Manager, Loyalty Platform Lead (Product Management)",https://careers.airbnb.com/positions/8091831?gh_jid=8091831,2026-08-12,no
greenhouse:airbnb:8120721,Airbnb,"Staff Platform Manager, Payments Regional Growth",https://careers.airbnb.com/positions/8120721?gh_jid=8120721,2026-08-12,no
greenhouse:airbnb:8120611,Airbnb,"Staff Platform Manager, Payments Regional Growth",https://careers.airbnb.com/positions/8120611?gh_jid=8120611,2026-08-12,no
greenhouse:airbnb:7834495,Airbnb," Staff Product Manager, AI Personalization",https://careers.airbnb.com/positions/7834495?gh_jid=7834495,2026-08-12,no
greenhouse:airbnb:7698061,Airbnb,"Staff Program Manager, Technical Education",https://careers.airbnb.com/positions/7698061?gh_jid=7698061,2026-08-12,no
greenhouse:airbnb:7739337,Airbnb,"Staff Software Engineer, Build (Bazel)",https://careers.airbnb.com/positions/7739337?gh_jid=7739337,2026-08-12,no
greenhouse:airbnb:7421419,Airbnb,"Staff Software Engineer, Communication & Connectivity",https://careers.airbnb.com/positions/7421419?gh_jid=7421419,2026-08-12,no
greenhouse:airbnb:7463421,Airbnb,"Staff Software Engineer, Community Support Engineering",https://careers.airbnb.com/positions/7463421?gh_jid=7463421,2026-08-12,no
greenhouse:airbnb:6448191,Airbnb,"Staff Software Engineer, Community Support Engineering",https://careers.airbnb.com/positions/6448191?gh_jid=6448191,2026-08-12,no
greenhouse:airbnb:7768427,Airbnb,"Staff Software Engineer, Global Markets (Backend)",https://careers.airbnb.com/positions/7768427?gh_jid=7768427,2026-08-12,no
greenhouse:airbnb:8095436,Airbnb,"Staff Software Engineer, Marketing technology ",https://careers.airbnb.com/positions/8095436?gh_jid=8095436,2026-08-12,no
greenhouse:airbnb:7867435,Airbnb,"Staff Software Engineer, Unified Data Store",https://careers.airbnb.com/positions/7867435?gh_jid=7867435,2026-08-12,no
greenhouse:airbnb:8112572,Airbnb,"Staff UX Researcher, Incubations (Mixed Methods)",https://careers.airbnb.com/positions/8112572?gh_jid=8112572,2026-08-12,no
greenhouse:airbnb:8113284,Airbnb,"Staff UX Researcher, Payments Growth (Mixed Methods)",https://careers.airbnb.com/positions/8113284?gh_jid=8113284,2026-08-12,no
greenhouse:airbnb:7380185,Airbnb,"Staff Web Automation Engineer, Quality Engineering",https://careers.airbnb.com/positions/7380185?gh_jid=7380185,2026-08-12,no
greenhouse:airbnb:7641058,Airbnb,"Strategic Partnerships Lead, Central and Eastern Europe",https://careers.airbnb.com/positions/7641058?gh_jid=7641058,2026-08-12,no
greenhouse:airbnb:7736738,Airbnb,"Strategic Sourcing, Manager - Engineering & Infrastructure",https://careers.airbnb.com/positions/7736738?gh_jid=7736738,2026-08-12,no
greenhouse:airbnb:8080626,Airbnb,"Superviseur (-e), Soutien Premium Bilingue (français/anglais)",https://careers.airbnb.com/positions/8080626?gh_jid=8080626,2026-08-12,no
greenhouse:airbnb:8090493,Airbnb,"Supervisor, Community Support",https://careers.airbnb.com/positions/8090493?gh_jid=8090493,2026-08-12,no
greenhouse:airbnb:8015149,Airbnb,"Supervisor, Hosting",https://careers.airbnb.com/positions/8015149?gh_jid=8015149,2026-08-12,no
greenhouse:airbnb:8080625,Airbnb,"Supervisor, Premium Support (French/English)",https://careers.airbnb.com/positions/8080625?gh_jid=8080625,2026-08-12,no
greenhouse:airbnb:7822781,Airbnb,"Supply Category Lead, Airbnb Services ",https://careers.airbnb.com/positions/7822781?gh_jid=7822781,2026-08-12,no
greenhouse:airbnb:8084078,Airbnb,"Team Specialist, Premium Support",https://careers.airbnb.com/positions/8084078?gh_jid=8084078,2026-08-12,no
greenhouse:airbnb:8102684,Airbnb,"Tech Lead Manager, Finance Integrations & Automation - BizTech",https://careers.airbnb.com/positions/8102684?gh_jid=8102684,2026-08-12,no
greenhouse:airbnb:8120259,Airbnb,"Vendor Manager, Operational Vendor Support",https://careers.airbnb.com/positions/8120259?gh_jid=8120259,2026-08-12,no
greenhouse:airbnb:8000972,Airbnb,"Workforce Management Lead,  Enterprise Ops",https://careers.airbnb.com/positions/8000972?gh_jid=8000972,2026-08-12,no
greenhouse:airbnb:8079378,Airbnb,Workplace Operations Program Manager,https://careers.airbnb.com/positions/8079378?gh_jid=8079378,2026-08-12,no
greenhouse:pinterest:8010505,Pinterest,Agency Lead,https://www.pinterestcareers.com/jobs/?gh_jid=8010505,2026-08-12,no
greenhouse:pinterest:8022863,Pinterest,Agency Lead,https://www.pinterestcareers.com/jobs/?gh_jid=8022863,2026-08-12,no
greenhouse:pinterest:8037865,Pinterest,"Client Account Manager, CPG Enterprise (French Market)",https://www.pinterestcareers.com/jobs/?gh_jid=8037865,2026-08-12,no
greenhouse:pinterest:8075678,Pinterest,"Client Account Manager, Enterprise Nordics (English Speaking)",https://www.pinterestcareers.com/jobs/?gh_jid=8075678,2026-08-12,no
greenhouse:pinterest:8016712,Pinterest,"Client Account Manager, Enterprise Sales (International Retail)",https://www.pinterestcareers.com/jobs/?gh_jid=8016712,2026-08-12,no
greenhouse:pinterest:8089250,Pinterest,Client Account Manager I,https://www.pinterestcareers.com/jobs/?gh_jid=8089250,2026-08-12,no
greenhouse:pinterest:8081335,Pinterest,Client Account Manager II,https://www.pinterestcareers.com/jobs/?gh_jid=8081335,2026-08-12,no
greenhouse:pinterest:8081337,Pinterest,Client Account Manager II,https://www.pinterestcareers.com/jobs/?gh_jid=8081337,2026-08-12,no
greenhouse:pinterest:8102744,Pinterest,Client Account Manager II (12 Months Fixed Term),https://www.pinterestcareers.com/jobs/?gh_jid=8102744,2026-08-12,no
greenhouse:pinterest:8085092,Pinterest,"Client Account Manager II, CPG (Nestle)",https://www.pinterestcareers.com/jobs/?gh_jid=8085092,2026-08-12,no
greenhouse:pinterest:7954726,Pinterest,"Client Account Manager II, E-Commerce",https://www.pinterestcareers.com/jobs/?gh_jid=7954726,2026-08-12,no
greenhouse:pinterest:8083603,Pinterest,"Client Account Manager II, Entertainment & Gaming",https://www.pinterestcareers.com/jobs/?gh_jid=8083603,2026-08-12,no
greenhouse:pinterest:8055301,Pinterest,"Client Account Manager II, Fashion & Apparel",https://www.pinterestcareers.com/jobs/?gh_jid=8055301,2026-08-12,no
greenhouse:pinterest:8026888,Pinterest,Client Account Manager II (tvScientific),https://www.pinterestcareers.com/jobs/?gh_jid=8026888,2026-08-12,no
greenhouse:pinterest:7858267,Pinterest,"Client Account Manager I, Retail",https://www.pinterestcareers.com/jobs/?gh_jid=7858267,2026-08-12,no
greenhouse:pinterest:8016982,Pinterest,"Client Account Manager, Retail Enterprise Sales (Dutch Speaking)",https://www.pinterestcareers.com/jobs/?gh_jid=8016982,2026-08-12,no
greenhouse:pinterest:7904011,Pinterest,"Client Partner II, Mid-Market",https://www.pinterestcareers.com/jobs/?gh_jid=7904011,2026-08-12,no
greenhouse:pinterest:7903959,Pinterest,"Client Partner, Mid-Market UK/I",https://www.pinterestcareers.com/jobs/?gh_jid=7903959,2026-08-12,no
greenhouse:pinterest:8097936,Pinterest,"Communications Lead, UK & Europe - Corporate & Policy",https://www.pinterestcareers.com/jobs/?gh_jid=8097936,2026-08-12,no
greenhouse:pinterest:7957887,Pinterest,"Content Growth Specialist, LATAM",https://www.pinterestcareers.com/jobs/?gh_jid=7957887,2026-08-12,no
greenhouse:pinterest:4912949,Pinterest,Data Scientist,https://www.pinterestcareers.com/jobs/?gh_jid=4912949,2026-08-12,no
greenhouse:pinterest:7816424,Pinterest,"Data Scientist II, Infrastructure",https://www.pinterestcareers.com/jobs/?gh_jid=7816424,2026-08-12,no
greenhouse:pinterest:8071670,Pinterest,"Data Scientist II, ML Infrastructure",https://www.pinterestcareers.com/jobs/?gh_jid=8071670,2026-08-12,no
greenhouse:pinterest:7953645,Pinterest,"Director, CPG Sales (DACH)",https://www.pinterestcareers.com/jobs/?gh_jid=7953645,2026-08-12,no
greenhouse:pinterest:8022402,Pinterest,"Director, Integrated Marketing- Mid Market",https://www.pinterestcareers.com/jobs/?gh_jid=8022402,2026-08-12,no
greenhouse:pinterest:8016126,Pinterest,"Director, Measurement",https://www.pinterestcareers.com/jobs/?gh_jid=8016126,2026-08-12,no
greenhouse:pinterest:8035163,Pinterest,"Director of Engineering, Core & Ads Serving Platform",https://www.pinterestcareers.com/jobs/?gh_jid=8035163,2026-08-12,no
greenhouse:pinterest:7648625,Pinterest,"Director, Partner Marketing",https://www.pinterestcareers.com/jobs/?gh_jid=7648625,2026-08-12,no
greenhouse:pinterest:7838848,Pinterest,"Director, Technical Program Management-Monetization",https://www.pinterestcareers.com/jobs/?gh_jid=7838848,2026-08-12,no
greenhouse:pinterest:7940044,Pinterest,Distinguished Engineer,https://www.pinterestcareers.com/jobs/?gh_jid=7940044,2026-08-12,no
greenhouse:pinterest:8077735,Pinterest,Email & Lifecycle Marketing Specialist,https://www.pinterestcareers.com/jobs/?gh_jid=8077735,2026-08-12,no
greenhouse:pinterest:8051472,Pinterest,"Engineering Manager II, Media Rendering",https://www.pinterestcareers.com/jobs/?gh_jid=8051472,2026-08-12,no
greenhouse:pinterest:7684573,Pinterest,"Engineering Manager I, Innovative Ad Formats",https://www.pinterestcareers.com/jobs/?gh_jid=7684573,2026-08-12,no
greenhouse:pinterest:7890195,Pinterest,"Group Product Manager II, Creative Tech - tvScientific",https://www.pinterestcareers.com/jobs/?gh_jid=7890195,2026-08-12,no
greenhouse:pinterest:8029922,Pinterest,"Industry Manager II, Beauty & Luxury",https://www.pinterestcareers.com/jobs/?gh_jid=8029922,2026-08-12,no
greenhouse:pinterest:8078223,Pinterest,"Industry Manager II, Mid-Market",https://www.pinterestcareers.com/jobs/?gh_jid=8078223,2026-08-12,no
greenhouse:pinterest:7678372,Pinterest,Insights Solutions Partner II,https://www.pinterestcareers.com/jobs/?gh_jid=7678372,2026-08-12,no
greenhouse:pinterest:8027260,Pinterest,Lead Ads Product Marketing Manager,https://www.pinterestcareers.com/jobs/?gh_jid=8027260,2026-08-12,yes
greenhouse:pinterest:8016717,Pinterest,Lead Client Account Manager  (eCommerce) - Greater China Region,https://www.pinterestcareers.com/jobs/?gh_jid=8016717,2026-08-12,no
greenhouse:pinterest:8023412,Pinterest,"Lead Client Account Manager, Financial Services",https://www.pinterestcareers.com/jobs/?gh_jid=8023412,2026-08-12,no
greenhouse:pinterest:7903948,Pinterest,"Lead Client Account Manager, Mid-Market",https://www.pinterestcareers.com/jobs/?gh_jid=7903948,2026-08-12,no
greenhouse:pinterest:8074878,Pinterest,Lead Client Partner [12-Month Fixed Term] Food and Beverage,https://www.pinterestcareers.com/jobs/?gh_jid=8074878,2026-08-12,no
greenhouse:pinterest:8026862,Pinterest,"Lead Client Partner, Brand Sales (tvScientific) ",https://www.pinterestcareers.com/jobs/?gh_jid=8026862,2026-08-12,no
greenhouse:pinterest:8026869,Pinterest,"Lead Client Partner, Consumer Apps (tvScientific)",https://www.pinterestcareers.com/jobs/?gh_jid=8026869,2026-08-12,no
greenhouse:pinterest:8030915,Pinterest,"Lead Client Partner, CPG Food",https://www.pinterestcareers.com/jobs/?gh_jid=8030915,2026-08-12,no
greenhouse:pinterest:8016658,Pinterest,Lead Client Partner (eCommerce) - Greater China Region,https://www.pinterestcareers.com/jobs/?gh_jid=8016658,2026-08-12,no
greenhouse:pinterest:8023410,Pinterest,"Lead Client Partner, Financial Services",https://www.pinterestcareers.com/jobs/?gh_jid=8023410,2026-08-12,no
greenhouse:pinterest:7494991,Pinterest,"Lead Client Partner, FinServ",https://www.pinterestcareers.com/jobs/?gh_jid=7494991,2026-08-12,no
greenhouse:pinterest:8094208,Pinterest,Lead Client Partner (Gaming & Apps) - Greater China Region,https://www.pinterestcareers.com/jobs/?gh_jid=8094208,2026-08-12,no
greenhouse:pinterest:7857646,Pinterest,"Lead Client Partner, Global CPG ",https://www.pinterestcareers.com/jobs/?gh_jid=7857646,2026-08-12,no
greenhouse:pinterest:8074953,Pinterest,"Lead Client Partner, Household & Beverage (12-Month Fixed Term)",https://www.pinterestcareers.com/jobs/?gh_jid=8074953,2026-08-12,no
greenhouse:pinterest:8035781,Pinterest,"Lead Client Partner, Pharma",https://www.pinterestcareers.com/jobs/?gh_jid=8035781,2026-08-12,no
greenhouse:pinterest:8016726,Pinterest,Lead Client Partner - SEA,https://www.pinterestcareers.com/jobs/?gh_jid=8016726,2026-08-12,no
greenhouse:pinterest:7958225,Pinterest," Lead, Compensation - Engineering & Product",https://www.pinterestcareers.com/jobs/?gh_jid=7958225,2026-08-12,no
greenhouse:pinterest:8025136,Pinterest,"Lead, Executive Compensation",https://www.pinterestcareers.com/jobs/?gh_jid=8025136,2026-08-12,no
greenhouse:pinterest:8016652,Pinterest,Lead Industry Manager (Scaled) - Greater China Region,https://www.pinterestcareers.com/jobs/?gh_jid=8016652,2026-08-12,no
greenhouse:pinterest:8055344,Pinterest,Lead Industry Manager - SMB,https://www.pinterestcareers.com/jobs/?gh_jid=8055344,2026-08-12,no
greenhouse:pinterest:7890197,Pinterest,"Lead Product Analyst, Lifecycle Marketing",https://www.pinterestcareers.com/jobs/?gh_jid=7890197,2026-08-12,no
greenhouse:pinterest:6121450,Pinterest,"Machine Learning Engineer, Core Engineering",https://www.pinterestcareers.com/jobs/?gh_jid=6121450,2026-08-12,no
greenhouse:pinterest:7697137,Pinterest,"Machine Learning Engineer II, Computer Vision Applied Science ",https://www.pinterestcareers.com/jobs/?gh_jid=7697137,2026-08-12,no
greenhouse:pinterest:7473497,Pinterest,"Machine Learning Engineer II, Core Engineering ",https://www.pinterestcareers.com/jobs/?gh_jid=7473497,2026-08-12,no
greenhouse:pinterest:6121543,Pinterest,"Machine Learning Engineer, Monetization Engineering",https://www.pinterestcareers.com/jobs/?gh_jid=6121543,2026-08-12,no
greenhouse:pinterest:8015529,Pinterest,"Manager I, Engineering",https://www.pinterestcareers.com/jobs/?gh_jid=8015529,2026-08-12,no
greenhouse:pinterest:7895567,Pinterest,"Manager II, Engineering - Connections",https://www.pinterestcareers.com/jobs/?gh_jid=7895567,2026-08-12,no
greenhouse:pinterest:8010903,Pinterest,"Manager II, Machine Learning – Conversion Visibility",https://www.pinterestcareers.com/jobs/?gh_jid=8010903,2026-08-12,no
greenhouse:pinterest:7075176,Pinterest,"Manager II, Machine Learning Engineering, Core Engineering ",https://www.pinterestcareers.com/jobs/?gh_jid=7075176,2026-08-12,no
greenhouse:pinterest:8016634,Pinterest,"Manager II, Technical Support Engineer",https://www.pinterestcareers.com/jobs/?gh_jid=8016634,2026-08-12,no
greenhouse:pinterest:7909000,Pinterest,"Manager II, Trends Engineering",https://www.pinterestcareers.com/jobs/?gh_jid=7909000,2026-08-12,no
greenhouse:pinterest:8026876,Pinterest,Measurement Lead (tvScientific) ,https://www.pinterestcareers.com/jobs/?gh_jid=8026876,2026-08-12,no
greenhouse:pinterest:7678712,Pinterest,Measurement Partner II,https://www.pinterestcareers.com/jobs/?gh_jid=7678712,2026-08-12,no
greenhouse:pinterest:8026882,Pinterest,Measurement Partner II (tvScientific) ,https://www.pinterestcareers.com/jobs/?gh_jid=8026882,2026-08-12,no
greenhouse:pinterest:8042339,Pinterest,"Measurement Partnerships Lead, EMEA",https://www.pinterestcareers.com/jobs/?gh_jid=8042339,2026-08-12,no
greenhouse:pinterest:7495016,Pinterest,Partner Development Lead ,https://www.pinterestcareers.com/jobs/?gh_jid=7495016,2026-08-12,no
greenhouse:pinterest:8016723,Pinterest,Performance Solutions Lead,https://www.pinterestcareers.com/jobs/?gh_jid=8016723,2026-08-12,no
greenhouse:pinterest:7888329,Pinterest,"Principal Engineer, AI Platform",https://www.pinterestcareers.com/jobs/?gh_jid=7888329,2026-08-12,no
greenhouse:pinterest:7782229,Pinterest,"Principal Engineer, Online Systems",https://www.pinterestcareers.com/jobs/?gh_jid=7782229,2026-08-12,no
greenhouse:pinterest:8011719,Pinterest,"Principal Engineer, Shopping & Delivery Infra",https://www.pinterestcareers.com/jobs/?gh_jid=8011719,2026-08-12,no
greenhouse:pinterest:6963868,Pinterest,"Principal Machine Learning Engineer, Ads Delivery",https://www.pinterestcareers.com/jobs/?gh_jid=6963868,2026-08-12,no
greenhouse:pinterest:7638599,Pinterest,"Principal Product Designer, AI Native, Core",https://www.pinterestcareers.com/jobs/?gh_jid=7638599,2026-08-12,no
greenhouse:pinterest:7684636,Pinterest,"Product Design Manager II, Ad Formats",https://www.pinterestcareers.com/jobs/?gh_jid=7684636,2026-08-12,no
greenhouse:pinterest:7901910,Pinterest,"Product Manager II, Content Compliance",https://www.pinterestcareers.com/jobs/?gh_jid=7901910,2026-08-12,no
greenhouse:pinterest:8042279,Pinterest,"Product Manager II, Search Experience",https://www.pinterestcareers.com/jobs/?gh_jid=8042279,2026-08-12,no
greenhouse:pinterest:8016630,Pinterest,"Programmatic Ads Sales Lead, EMEA",https://www.pinterestcareers.com/jobs/?gh_jid=8016630,2026-08-12,no
greenhouse:pinterest:7507652,Pinterest,Sales Finance Analyst,https://www.pinterestcareers.com/jobs/?gh_jid=7507652,2026-08-12,no
greenhouse:pinterest:8016741,Pinterest,"Sales Manager, Northern Europe",https://www.pinterestcareers.com/jobs/?gh_jid=8016741,2026-08-12,no
greenhouse:pinterest:8001339,Pinterest,Sales Strategy & Operations Lead,https://www.pinterestcareers.com/jobs/?gh_jid=8001339,2026-08-12,no
greenhouse:pinterest:7678715,Pinterest,"Sales Strategy & Operations Lead, Agency Deal Ops",https://www.pinterestcareers.com/jobs/?gh_jid=7678715,2026-08-12,no
greenhouse:pinterest:7983334,Pinterest,"Sales Strategy & Operations Lead, JBP Development",https://www.pinterestcareers.com/jobs/?gh_jid=7983334,2026-08-12,no
greenhouse:pinterest:8011568,Pinterest,"SDET II, tvScientific",https://www.pinterestcareers.com/jobs/?gh_jid=8011568,2026-08-12,no
greenhouse:pinterest:8015490,Pinterest,"Security Software Engineer II, Detection and Response",https://www.pinterestcareers.com/jobs/?gh_jid=8015490,2026-08-12,no
greenhouse:pinterest:8092378,Pinterest,"Senior Data Scientist, Trust & Safety and Content Quality",https://www.pinterestcareers.com/jobs/?gh_jid=8092378,2026-08-12,no
greenhouse:pinterest:8016673,Pinterest,Senior Industry Manager (Growth) - Greater China Region,https://www.pinterestcareers.com/jobs/?gh_jid=8016673,2026-08-12,no
greenhouse:pinterest:8108629,Pinterest,"Senior Manager, Measurement - APAC",https://www.pinterestcareers.com/jobs/?gh_jid=8108629,2026-08-12,no
greenhouse:pinterest:7679640,Pinterest,"Senior Staff Software Engineer, Configuration & Coordination",https://www.pinterestcareers.com/jobs/?gh_jid=7679640,2026-08-12,no
greenhouse:pinterest:7494636,Pinterest,Senior Staff Technical Program Manager ,https://www.pinterestcareers.com/jobs/?gh_jid=7494636,2026-08-12,no
greenhouse:pinterest:7782538,Pinterest,"Site Reliability Engineer II, tvScientific",https://www.pinterestcareers.com/jobs/?gh_jid=7782538,2026-08-12,no
greenhouse:pinterest:7958766,Pinterest,Software Engineer II,https://www.pinterestcareers.com/jobs/?gh_jid=7958766,2026-08-12,no
greenhouse:pinterest:7987854,Pinterest,"Software Engineer II, Android",https://www.pinterestcareers.com/jobs/?gh_jid=7987854,2026-08-12,no
greenhouse:pinterest:4916795,Pinterest,"Software Engineer II, Android",https://www.pinterestcareers.com/jobs/?gh_jid=4916795,2026-08-12,no
greenhouse:pinterest:4813946,Pinterest,"Software Engineer II, Backend",https://www.pinterestcareers.com/jobs/?gh_jid=4813946,2026-08-12,no
greenhouse:pinterest:5132899,Pinterest,"Software Engineer II, Backend",https://www.pinterestcareers.com/jobs/?gh_jid=5132899,2026-08-12,no
greenhouse:pinterest:5459622,Pinterest,"Software Engineer II, Full Stack",https://www.pinterestcareers.com/jobs/?gh_jid=5459622,2026-08-12,no
greenhouse:pinterest:5601228,Pinterest,"Software Engineer II, iOS ",https://www.pinterestcareers.com/jobs/?gh_jid=5601228,2026-08-12,no
greenhouse:pinterest:8024883,Pinterest,"Software Engineer II, Web",https://www.pinterestcareers.com/jobs/?gh_jid=8024883,2026-08-12,no
greenhouse:pinterest:6922682,Pinterest,"Software Engineer, iOS",https://www.pinterestcareers.com/jobs/?gh_jid=6922682,2026-08-12,no
greenhouse:pinterest:8016681,Pinterest,Sr. Agency Partner - Greater China Region,https://www.pinterestcareers.com/jobs/?gh_jid=8016681,2026-08-12,no
greenhouse:pinterest:8098383,Pinterest,Sr. Client Account Manager - 12 month Fixed Term Contract,https://www.pinterestcareers.com/jobs/?gh_jid=8098383,2026-08-12,no
greenhouse:pinterest:8112792,Pinterest,Sr. Client Account Manager - 6 Month Fixed Term Contract,https://www.pinterestcareers.com/jobs/?gh_jid=8112792,2026-08-12,no
greenhouse:pinterest:7678040,Pinterest,"Sr Client Account Manager, Amazon",https://www.pinterestcareers.com/jobs/?gh_jid=7678040,2026-08-12,no
greenhouse:pinterest:7983838,Pinterest,"Sr. Client Account Manager, DACH Retail ",https://www.pinterestcareers.com/jobs/?gh_jid=7983838,2026-08-12,no
greenhouse:pinterest:7678180,Pinterest,"Sr. Client Account Manager, E-Commerce",https://www.pinterestcareers.com/jobs/?gh_jid=7678180,2026-08-12,no
greenhouse:pinterest:8016626,Pinterest,Sr. Client Account Manager (Entertainment App) - Greater China Region,https://www.pinterestcareers.com/jobs/?gh_jid=8016626,2026-08-12,no
greenhouse:pinterest:7656243,Pinterest,"Sr. Client Account Manager, Financial Services",https://www.pinterestcareers.com/jobs/?gh_jid=7656243,2026-08-12,no
greenhouse:pinterest:8022497,Pinterest,"Sr. Client Account Manager, French Market",https://www.pinterestcareers.com/jobs/?gh_jid=8022497,2026-08-12,no
greenhouse:pinterest:8016665,Pinterest,Sr. Client Account Manager (Growth) - Greater China Region,https://www.pinterestcareers.com/jobs/?gh_jid=8016665,2026-08-12,no
greenhouse:pinterest:8081505,Pinterest,"Sr. Client Account Manager, Home Retail",https://www.pinterestcareers.com/jobs/?gh_jid=8081505,2026-08-12,no
greenhouse:pinterest:8016735,Pinterest,Sr. Client Account Manager | Nordics (CPG),https://www.pinterestcareers.com/jobs/?gh_jid=8016735,2026-08-12,no
greenhouse:pinterest:8080469,Pinterest,Sr. Client Account Manager | Nordics (Retail),https://www.pinterestcareers.com/jobs/?gh_jid=8080469,2026-08-12,no
greenhouse:pinterest:7940391,Pinterest,"Sr. Client Account Manager, Pharma",https://www.pinterestcareers.com/jobs/?gh_jid=7940391,2026-08-12,no
greenhouse:pinterest:8016737,Pinterest,Sr. Client Account Manager - SEA,https://www.pinterestcareers.com/jobs/?gh_jid=8016737,2026-08-12,no
greenhouse:pinterest:8054838,Pinterest,"Sr. Client Account Manager, Tech",https://www.pinterestcareers.com/jobs/?gh_jid=8054838,2026-08-12,no
greenhouse:pinterest:7771049,Pinterest,Sr. Client Partner,https://www.pinterestcareers.com/jobs/?gh_jid=7771049,2026-08-12,no
greenhouse:pinterest:8093284,Pinterest,Sr. Client Partner,https://www.pinterestcareers.com/jobs/?gh_jid=8093284,2026-08-12,no
greenhouse:pinterest:8074880,Pinterest,"Sr. Client Partner [12-Month Fixed Term] Beauty, Health and Household",https://www.pinterestcareers.com/jobs/?gh_jid=8074880,2026-08-12,no
greenhouse:pinterest:8074872,Pinterest,Sr. Client Partner [12-Month Fixed Term] Entertainment and Telco,https://www.pinterestcareers.com/jobs/?gh_jid=8074872,2026-08-12,no
greenhouse:pinterest:8067109,Pinterest,Sr. Client Partner (6-Month Fixed Term),https://www.pinterestcareers.com/jobs/?gh_jid=8067109,2026-08-12,no
greenhouse:pinterest:8102742,Pinterest,Sr. Client Partner (6 Months Fixed Term),https://www.pinterestcareers.com/jobs/?gh_jid=8102742,2026-08-12,no
greenhouse:pinterest:8071595,Pinterest,"Sr. Client Partner, Amazon – Emerging Line of Business",https://www.pinterestcareers.com/jobs/?gh_jid=8071595,2026-08-12,no
greenhouse:pinterest:7903955,Pinterest,"Sr. Client Partner, Mid-Market",https://www.pinterestcareers.com/jobs/?gh_jid=7903955,2026-08-12,no
greenhouse:pinterest:8081509,Pinterest,"Sr. Client Partner, Retail Media",https://www.pinterestcareers.com/jobs/?gh_jid=8081509,2026-08-12,no
greenhouse:pinterest:6087213,Pinterest,"Sr. Data Scientist, Core",https://www.pinterestcareers.com/jobs/?gh_jid=6087213,2026-08-12,no
greenhouse:pinterest:8024966,Pinterest,"Sr. Data Scientist, Infrastructure",https://www.pinterestcareers.com/jobs/?gh_jid=8024966,2026-08-12,no
greenhouse:pinterest:8011376,Pinterest,"Sr. Data Scientist, Marketing",https://www.pinterestcareers.com/jobs/?gh_jid=8011376,2026-08-12,no
greenhouse:pinterest:5740948,Pinterest,"Sr. Data Scientist, Monetization",https://www.pinterestcareers.com/jobs/?gh_jid=5740948,2026-08-12,no
greenhouse:pinterest:8014770,Pinterest,"Sr. Data Scientist, Performance Marketing",https://www.pinterestcareers.com/jobs/?gh_jid=8014770,2026-08-12,no
greenhouse:pinterest:7642251,Pinterest,"Sr. Data Scientist, tvScientific",https://www.pinterestcareers.com/jobs/?gh_jid=7642251,2026-08-12,no
greenhouse:pinterest:7770895,Pinterest,"Sr. Director, Consumer Communications",https://www.pinterestcareers.com/jobs/?gh_jid=7770895,2026-08-12,no
greenhouse:pinterest:8093282,Pinterest,"Sr. Director, Corporate Communications",https://www.pinterestcareers.com/jobs/?gh_jid=8093282,2026-08-12,no
greenhouse:pinterest:7782569,Pinterest,"Sr. Engineering Manager, Programmatic Ad Tech, tvScientific",https://www.pinterestcareers.com/jobs/?gh_jid=7782569,2026-08-12,no
greenhouse:pinterest:8084337,Pinterest,Sr. Industry Manager,https://www.pinterestcareers.com/jobs/?gh_jid=8084337,2026-08-12,no
greenhouse:pinterest:7807888,Pinterest,Sr. Industry Manager,https://www.pinterestcareers.com/jobs/?gh_jid=7807888,2026-08-12,no
greenhouse:pinterest:8011928,Pinterest,"Sr. Industry Manager, Ecommerce",https://www.pinterestcareers.com/jobs/?gh_jid=8011928,2026-08-12,no
greenhouse:pinterest:7989247,Pinterest,"Sr. Industry Manager, Retail",https://www.pinterestcareers.com/jobs/?gh_jid=7989247,2026-08-12,no
greenhouse:pinterest:7678256,Pinterest,Sr. Insights Solutions Partner,https://www.pinterestcareers.com/jobs/?gh_jid=7678256,2026-08-12,no
greenhouse:pinterest:8026860,Pinterest,"Sr. Lead Client Partner, Real Money Gaming (tvScientific) ",https://www.pinterestcareers.com/jobs/?gh_jid=8026860,2026-08-12,no
greenhouse:pinterest:6894747,Pinterest,"Sr. Machine Learning Engineer, Applied Science",https://www.pinterestcareers.com/jobs/?gh_jid=6894747,2026-08-12,no
greenhouse:pinterest:5691478,Pinterest,"Sr. Machine Learning Engineer, Content Shopping",https://www.pinterestcareers.com/jobs/?gh_jid=5691478,2026-08-12,no
greenhouse:pinterest:6121464,Pinterest,"Sr. Machine Learning Engineer, Core Engineering ",https://www.pinterestcareers.com/jobs/?gh_jid=6121464,2026-08-12,no
greenhouse:pinterest:6121551,Pinterest,"Sr. Machine Learning Engineer, Monetization Engineering",https://www.pinterestcareers.com/jobs/?gh_jid=6121551,2026-08-12,no
greenhouse:pinterest:7494938,Pinterest,"Sr. Machine Learning Engineer, Responsible AI– Applied Research Science",https://www.pinterestcareers.com/jobs/?gh_jid=7494938,2026-08-12,no
greenhouse:pinterest:8015504,Pinterest,"Sr. Manager, Machine Learning Engineering-Applied Research",https://www.pinterestcareers.com/jobs/?gh_jid=8015504,2026-08-12,no
greenhouse:pinterest:8016692,Pinterest,Sr. Performance Solutions Partner,https://www.pinterestcareers.com/jobs/?gh_jid=8016692,2026-08-12,no
greenhouse:pinterest:7772875,Pinterest,"Sr. Production Engineer, Solutions Engineering",https://www.pinterestcareers.com/jobs/?gh_jid=7772875,2026-08-12,no
greenhouse:pinterest:8046820,Pinterest,"Sr. Product Manager, Core Saving Experience",https://www.pinterestcareers.com/jobs/?gh_jid=8046820,2026-08-12,no
greenhouse:pinterest:8015494,Pinterest,"Sr. Product Manager, Search Personalization",https://www.pinterestcareers.com/jobs/?gh_jid=8015494,2026-08-12,no
greenhouse:pinterest:8015519,Pinterest,"Sr. Product Manager, TwoTwenty",https://www.pinterestcareers.com/jobs/?gh_jid=8015519,2026-08-12,no
greenhouse:pinterest:8016632,Pinterest,"Sr. Programmatic Tech Operations Specialist, EMEA",https://www.pinterestcareers.com/jobs/?gh_jid=8016632,2026-08-12,no
greenhouse:pinterest:8078133,Pinterest,Sr. Safety Specialist,https://www.pinterestcareers.com/jobs/?gh_jid=8078133,2026-08-12,no
greenhouse:pinterest:7983834,Pinterest,"Sr. Sales Manager, Retail",https://www.pinterestcareers.com/jobs/?gh_jid=7983834,2026-08-12,no
greenhouse:pinterest:7494708,Pinterest,"Sr. Security Software Engineer, Application Security",https://www.pinterestcareers.com/jobs/?gh_jid=7494708,2026-08-12,no
greenhouse:pinterest:7782550,Pinterest,"Sr. Site Reliability Engineer, tvScientific",https://www.pinterestcareers.com/jobs/?gh_jid=7782550,2026-08-12,no
greenhouse:pinterest:7896332,Pinterest,Sr. Software Engineer,https://www.pinterestcareers.com/jobs/?gh_jid=7896332,2026-08-12,no
greenhouse:pinterest:8100299,Pinterest,Sr. Software Engineer,https://www.pinterestcareers.com/jobs/?gh_jid=8100299,2026-08-12,no
greenhouse:pinterest:5773689,Pinterest,"Sr. Software Engineer, Android",https://www.pinterestcareers.com/jobs/?gh_jid=5773689,2026-08-12,no
greenhouse:pinterest:5432095,Pinterest,"Sr. Software Engineer, Android",https://www.pinterestcareers.com/jobs/?gh_jid=5432095,2026-08-12,no
greenhouse:pinterest:4902175,Pinterest,"Sr. Software Engineer, Backend",https://www.pinterestcareers.com/jobs/?gh_jid=4902175,2026-08-12,no
greenhouse:pinterest:5572858,Pinterest,"Sr. Software Engineer, Backend",https://www.pinterestcareers.com/jobs/?gh_jid=5572858,2026-08-12,no
greenhouse:pinterest:6510646,Pinterest,Sr. Software Engineer - Full Stack,https://www.pinterestcareers.com/jobs/?gh_jid=6510646,2026-08-12,no
greenhouse:pinterest:8011547,Pinterest,"Sr. Software Engineer, iOS",https://www.pinterestcareers.com/jobs/?gh_jid=8011547,2026-08-12,no
greenhouse:pinterest:7999050,Pinterest,"Sr. Software Engineer, Machine Learning, tvScientific",https://www.pinterestcareers.com/jobs/?gh_jid=7999050,2026-08-12,no
greenhouse:pinterest:8024868,Pinterest,"Sr. Software Engineer, Web",https://www.pinterestcareers.com/jobs/?gh_jid=8024868,2026-08-12,no
greenhouse:pinterest:8082234,Pinterest,Sr. Sourcer (6 months fixed term contract),https://www.pinterestcareers.com/jobs/?gh_jid=8082234,2026-08-12,no
greenhouse:pinterest:7724254,Pinterest,"Sr. Staff Machine Learning Engineer, Content Quality",https://www.pinterestcareers.com/jobs/?gh_jid=7724254,2026-08-12,no
greenhouse:pinterest:8036258,Pinterest,"Sr. Staff Machine Learning Engineer, Monetization Engineering",https://www.pinterestcareers.com/jobs/?gh_jid=8036258,2026-08-12,no
greenhouse:pinterest:7746946,Pinterest,"Sr. Staff Software Engineer, Data Product Platform",https://www.pinterestcareers.com/jobs/?gh_jid=7746946,2026-08-12,no
greenhouse:pinterest:8001913,Pinterest,"Sr. Staff Software Engineer, iOS Search and Shopping Journeys",https://www.pinterestcareers.com/jobs/?gh_jid=8001913,2026-08-12,no
greenhouse:pinterest:7770918,Pinterest,"Sr. Staff Software Engineer, Merchants",https://www.pinterestcareers.com/jobs/?gh_jid=7770918,2026-08-12,no
greenhouse:pinterest:8088867,Pinterest,"Sr. Staff Software Engineer, Pinterest Assistant",https://www.pinterestcareers.com/jobs/?gh_jid=8088867,2026-08-12,no
greenhouse:pinterest:7494652,Pinterest,Sr. Staff Technical Program Manager,https://www.pinterestcareers.com/jobs/?gh_jid=7494652,2026-08-12,no
greenhouse:pinterest:8011573,Pinterest,"Sr. Systems Engineer, Sales & Marketing",https://www.pinterestcareers.com/jobs/?gh_jid=8011573,2026-08-12,no
greenhouse:pinterest:7921160,Pinterest,Sr. Technical Support Engineer,https://www.pinterestcareers.com/jobs/?gh_jid=7921160,2026-08-12,no
greenhouse:pinterest:8026607,Pinterest,"Staff Data Scientist, Ads Delivery",https://www.pinterestcareers.com/jobs/?gh_jid=8026607,2026-08-12,no
greenhouse:pinterest:7963755,Pinterest,"Staff Data Scientist, Ads Product",https://www.pinterestcareers.com/jobs/?gh_jid=7963755,2026-08-12,no
greenhouse:pinterest:8036273,Pinterest,"Staff Data Scientist, Finance & Business Ops",https://www.pinterestcareers.com/jobs/?gh_jid=8036273,2026-08-12,no
greenhouse:pinterest:8001932,Pinterest,"Staff Data Scientist, Forecasting",https://www.pinterestcareers.com/jobs/?gh_jid=8001932,2026-08-12,no
greenhouse:pinterest:8095343,Pinterest,"Staff Data Scientist, Notifications",https://www.pinterestcareers.com/jobs/?gh_jid=8095343,2026-08-12,no
greenhouse:pinterest:8011452,Pinterest,"Staff Machine Learning Engineer, Ads Conversion Core Modeling",https://www.pinterestcareers.com/jobs/?gh_jid=8011452,2026-08-12,no
greenhouse:pinterest:8015539,Pinterest,"Staff Machine Learning Engineer, Applied Research",https://www.pinterestcareers.com/jobs/?gh_jid=8015539,2026-08-12,no
greenhouse:pinterest:8015537,Pinterest,"Staff Machine Learning Engineer, Computer Vision",https://www.pinterestcareers.com/jobs/?gh_jid=8015537,2026-08-12,no
greenhouse:pinterest:7494765,Pinterest,"Staff Machine Learning Engineer, Programmatic Ads",https://www.pinterestcareers.com/jobs/?gh_jid=7494765,2026-08-12,no
greenhouse:pinterest:7839695,Pinterest,"Staff Product Designer, Design Innovation",https://www.pinterestcareers.com/jobs/?gh_jid=7839695,2026-08-12,no
greenhouse:pinterest:8050699,Pinterest,Staff Product Manager,https://www.pinterestcareers.com/jobs/?gh_jid=8050699,2026-08-12,no
greenhouse:pinterest:7718015,Pinterest,"Staff Product Manager, AI Safety",https://www.pinterestcareers.com/jobs/?gh_jid=7718015,2026-08-12,no
greenhouse:pinterest:7955593,Pinterest,"Staff Product Manager, Billing",https://www.pinterestcareers.com/jobs/?gh_jid=7955593,2026-08-12,no
greenhouse:pinterest:7525112,Pinterest,"Staff Product Manager, Connections",https://www.pinterestcareers.com/jobs/?gh_jid=7525112,2026-08-12,no
greenhouse:pinterest:7905508,Pinterest,"Staff Product Manager, Model Lifecycle & Management",https://www.pinterestcareers.com/jobs/?gh_jid=7905508,2026-08-12,no
greenhouse:pinterest:7959458,Pinterest,"Staff Product Manager, Programmatic Ads",https://www.pinterestcareers.com/jobs/?gh_jid=7959458,2026-08-12,no
greenhouse:pinterest:7494915,Pinterest,"Staff Software Engineer, Ads Measurement Products",https://www.pinterestcareers.com/jobs/?gh_jid=7494915,2026-08-12,no
greenhouse:pinterest:7494904,Pinterest,"Staff Software Engineer, Ads Measurement Signal ",https://www.pinterestcareers.com/jobs/?gh_jid=7494904,2026-08-12,no
greenhouse:pinterest:7305880,Pinterest,"Staff Software Engineer, AI Tools",https://www.pinterestcareers.com/jobs/?gh_jid=7305880,2026-08-12,no
greenhouse:pinterest:7437356,Pinterest,"Staff Software Engineer, Big Data Storage",https://www.pinterestcareers.com/jobs/?gh_jid=7437356,2026-08-12,no
greenhouse:pinterest:7642253,Pinterest,"Staff Software Engineer, Big Data, tvScientific",https://www.pinterestcareers.com/jobs/?gh_jid=7642253,2026-08-12,no
greenhouse:pinterest:7494668,Pinterest,"Staff Software Engineer, Capacity Engineering",https://www.pinterestcareers.com/jobs/?gh_jid=7494668,2026-08-12,no
greenhouse:pinterest:7990090,Pinterest,"Staff Software Engineer, Edge",https://www.pinterestcareers.com/jobs/?gh_jid=7990090,2026-08-12,no
greenhouse:pinterest:7874931,Pinterest,Staff Software Engineer- Growth Performance Marketing,https://www.pinterestcareers.com/jobs/?gh_jid=7874931,2026-08-12,no
greenhouse:pinterest:7954753,Pinterest,"Staff Software Engineer, Observability",https://www.pinterestcareers.com/jobs/?gh_jid=7954753,2026-08-12,no
greenhouse:pinterest:7990086,Pinterest,"Staff Software Engineer, Service Communications",https://www.pinterestcareers.com/jobs/?gh_jid=7990086,2026-08-12,no
greenhouse:pinterest:8075888,Pinterest,"Staff Software Engineer, Web Product Enablement ",https://www.pinterestcareers.com/jobs/?gh_jid=8075888,2026-08-12,no
greenhouse:pinterest:7770939,Pinterest,"Staff Systems Engineer, Oracle EBS, Accounting",https://www.pinterestcareers.com/jobs/?gh_jid=7770939,2026-08-12,no
greenhouse:pinterest:7771029,Pinterest,"Staff Systems Engineer, Oracle EBS, Integration",https://www.pinterestcareers.com/jobs/?gh_jid=7771029,2026-08-12,no
greenhouse:pinterest:7770953,Pinterest,"Staff Systems Engineer, Oracle EBS, Revenue",https://www.pinterestcareers.com/jobs/?gh_jid=7770953,2026-08-12,no
greenhouse:pinterest:8067933,Pinterest,Staff Technical Program Manager,https://www.pinterestcareers.com/jobs/?gh_jid=8067933,2026-08-12,no
greenhouse:pinterest:7494634,Pinterest,"Staff Technical Program Manager, Compute Infrastructure",https://www.pinterestcareers.com/jobs/?gh_jid=7494634,2026-08-12,no
greenhouse:pinterest:7494686,Pinterest,"Staff Technical Program Manager, Monetization Data Science",https://www.pinterestcareers.com/jobs/?gh_jid=7494686,2026-08-12,no
greenhouse:pinterest:7957799,Pinterest,"Staff Technical Program Manager, Search Relevance",https://www.pinterestcareers.com/jobs/?gh_jid=7957799,2026-08-12,no
greenhouse:pinterest:7494650,Pinterest,"Staff Technical Program Manager, Security",https://www.pinterestcareers.com/jobs/?gh_jid=7494650,2026-08-12,no
greenhouse:thoughtworks:8081410,ThoughtWorks,Associate Workplace Operations & Experience Coordinator Part-time 20 hrs/week (m/f/d) ,https://www.thoughtworks.com/careers/jobs/8081410?gh_jid=8081410,2026-08-12,no
greenhouse:thoughtworks:7979248,ThoughtWorks,Business Development Executive,https://www.thoughtworks.com/careers/jobs/7979248?gh_jid=7979248,2026-08-12,no
greenhouse:thoughtworks:7978633,ThoughtWorks,Business Development Manager,https://www.thoughtworks.com/careers/jobs/7978633?gh_jid=7978633,2026-08-12,no
greenhouse:thoughtworks:7995201,ThoughtWorks,Client Engagement Architect (Technology Advisory) ,https://www.thoughtworks.com/careers/jobs/7995201?gh_jid=7995201,2026-08-12,no
greenhouse:thoughtworks:7956304,ThoughtWorks,Client Partner,https://www.thoughtworks.com/careers/jobs/7956304?gh_jid=7956304,2026-08-12,no
greenhouse:thoughtworks:8041443,ThoughtWorks,"Client Partner - Retail, CPG, Travel & Transportation",https://www.thoughtworks.com/careers/jobs/8041443?gh_jid=8041443,2026-08-12,no
greenhouse:thoughtworks:8081075,ThoughtWorks,Client Partner - Software & Platform,https://www.thoughtworks.com/careers/jobs/8081075?gh_jid=8081075,2026-08-12,no
greenhouse:thoughtworks:8082657,ThoughtWorks,Consultant Developer (Kotlin + Java) Hybrid position in USA,https://www.thoughtworks.com/careers/jobs/8082657?gh_jid=8082657,2026-08-12,no
greenhouse:thoughtworks:8099321,ThoughtWorks,Field Marketing Associate,https://www.thoughtworks.com/careers/jobs/8099321?gh_jid=8099321,2026-08-12,no
greenhouse:thoughtworks:8076587,ThoughtWorks,Finance Manager - Germany,https://www.thoughtworks.com/careers/jobs/8076587?gh_jid=8076587,2026-08-12,no
greenhouse:thoughtworks:7882260,ThoughtWorks,Full-stack Developer (NextJS/NodeJS) ,https://www.thoughtworks.com/careers/jobs/7882260?gh_jid=7882260,2026-08-12,no
greenhouse:thoughtworks:7836837,ThoughtWorks,Lead Business Analyst,https://www.thoughtworks.com/careers/jobs/7836837?gh_jid=7836837,2026-08-12,no
greenhouse:thoughtworks:7964080,ThoughtWorks,Lead Data Engineer,https://www.thoughtworks.com/careers/jobs/7964080?gh_jid=7964080,2026-08-12,no
greenhouse:thoughtworks:7964070,ThoughtWorks,Lead Data Engineer,https://www.thoughtworks.com/careers/jobs/7964070?gh_jid=7964070,2026-08-12,no
greenhouse:thoughtworks:8034937,ThoughtWorks,Lead Data Engineer,https://www.thoughtworks.com/careers/jobs/8034937?gh_jid=8034937,2026-08-12,no
greenhouse:thoughtworks:7964086,ThoughtWorks,Lead Data Scientist,https://www.thoughtworks.com/careers/jobs/7964086?gh_jid=7964086,2026-08-12,no
greenhouse:thoughtworks:7964097,ThoughtWorks,Lead Data Scientist,https://www.thoughtworks.com/careers/jobs/7964097?gh_jid=7964097,2026-08-12,no
greenhouse:thoughtworks:8055146,ThoughtWorks,Lead Developer,https://www.thoughtworks.com/careers/jobs/8055146?gh_jid=8055146,2026-08-12,no
greenhouse:thoughtworks:7907819,ThoughtWorks,"Lead Developer (Enterprise Modernisation, Platform and Cloud)",https://www.thoughtworks.com/careers/jobs/7907819?gh_jid=7907819,2026-08-12,no
greenhouse:thoughtworks:7840672,ThoughtWorks,Lead Developer(NextJS/NodeJS),https://www.thoughtworks.com/careers/jobs/7840672?gh_jid=7840672,2026-08-12,no
greenhouse:thoughtworks:8052979,ThoughtWorks,Lead Full Stack Developer (Python & AI Tooling),https://www.thoughtworks.com/careers/jobs/8052979?gh_jid=8052979,2026-08-12,no
greenhouse:thoughtworks:8044979,ThoughtWorks,Lead Information Security Specialist,https://www.thoughtworks.com/careers/jobs/8044979?gh_jid=8044979,2026-08-12,no
greenhouse:thoughtworks:7907822,ThoughtWorks,Lead/Principal Modernisation Strategist,https://www.thoughtworks.com/careers/jobs/7907822?gh_jid=7907822,2026-08-12,no
greenhouse:thoughtworks:7250404,ThoughtWorks,Lead Software Developer,https://www.thoughtworks.com/careers/jobs/7250404?gh_jid=7250404,2026-08-12,no
greenhouse:thoughtworks:8045789,ThoughtWorks,Lead Systems Support Engineer,https://www.thoughtworks.com/careers/jobs/8045789?gh_jid=8045789,2026-08-12,no
greenhouse:thoughtworks:8027905,ThoughtWorks, Pre-Sales Solutions Architect (Cloud / AI Managed Services),https://www.thoughtworks.com/careers/jobs/8027905?gh_jid=8027905,2026-08-12,no
greenhouse:thoughtworks:8052978,ThoughtWorks,Principal Consultant: Infrastructure Engineer,https://www.thoughtworks.com/careers/jobs/8052978?gh_jid=8052978,2026-08-12,no
greenhouse:thoughtworks:7871188,ThoughtWorks,Principal Data Architect (m/f/d),https://www.thoughtworks.com/careers/jobs/7871188?gh_jid=7871188,2026-08-12,no
greenhouse:thoughtworks:7871187,ThoughtWorks,Principal Data Architect (m/f/d),https://www.thoughtworks.com/careers/jobs/7871187?gh_jid=7871187,2026-08-12,no
greenhouse:thoughtworks:7780014,ThoughtWorks,Principal Data Architect (m/f/d),https://www.thoughtworks.com/careers/jobs/7780014?gh_jid=7780014,2026-08-12,no
greenhouse:thoughtworks:7871184,ThoughtWorks,Principal Data Architect (m/f/d),https://www.thoughtworks.com/careers/jobs/7871184?gh_jid=7871184,2026-08-12,no
greenhouse:thoughtworks:8102569,ThoughtWorks,Principal Data Architect / Strategist (m/f/d),https://www.thoughtworks.com/careers/jobs/8102569?gh_jid=8102569,2026-08-12,no
greenhouse:thoughtworks:8102567,ThoughtWorks,Principal Data Engineer (m/f/d),https://www.thoughtworks.com/careers/jobs/8102567?gh_jid=8102567,2026-08-12,no
greenhouse:thoughtworks:8083297,ThoughtWorks,Principal Data Strategist (m/f/d),https://www.thoughtworks.com/careers/jobs/8083297?gh_jid=8083297,2026-08-12,no
greenhouse:thoughtworks:8082917,ThoughtWorks,Principal Developer,https://www.thoughtworks.com/careers/jobs/8082917?gh_jid=8082917,2026-08-12,no
greenhouse:thoughtworks:8076560,ThoughtWorks,Principal Product Manager (Airlines / Travel / Consulting) ,https://www.thoughtworks.com/careers/jobs/8076560?gh_jid=8076560,2026-08-12,no
greenhouse:thoughtworks:8076502,ThoughtWorks,Principal Product Manager (Banking / Fintech / Consulting),https://www.thoughtworks.com/careers/jobs/8076502?gh_jid=8076502,2026-08-12,no
greenhouse:thoughtworks:8034940,ThoughtWorks,Senior Data Engineer,https://www.thoughtworks.com/careers/jobs/8034940?gh_jid=8034940,2026-08-12,no
greenhouse:thoughtworks:8059716,ThoughtWorks,Senior Developer,https://www.thoughtworks.com/careers/jobs/8059716?gh_jid=8059716,2026-08-12,no
greenhouse:thoughtworks:8060084,ThoughtWorks,Senior Developer (Java Fullstack + AI),https://www.thoughtworks.com/careers/jobs/8060084?gh_jid=8060084,2026-08-12,no
greenhouse:thoughtworks:7920282,ThoughtWorks,"Senior Fullstack Software Engineer (Node.js, React, Java)",https://www.thoughtworks.com/careers/jobs/7920282?gh_jid=7920282,2026-08-12,no
greenhouse:thoughtworks:8053069,ThoughtWorks,Senior Infrastructure Engineer(GCP Cloud) - Advanced English - Chile,https://www.thoughtworks.com/careers/jobs/8053069?gh_jid=8053069,2026-08-12,no
greenhouse:thoughtworks:8070207,ThoughtWorks,Senior Infrastructure Engineer (GCP Cloud) - Advanced English - EC,https://www.thoughtworks.com/careers/jobs/8070207?gh_jid=8070207,2026-08-12,no
greenhouse:thoughtworks:7912301,ThoughtWorks,Senior Software Engineer (Java),https://www.thoughtworks.com/careers/jobs/7912301?gh_jid=7912301,2026-08-12,no
greenhouse:thoughtworks:8073984,ThoughtWorks,Senior Systems Support Engineer,https://www.thoughtworks.com/careers/jobs/8073984?gh_jid=8073984,2026-08-12,no
greenhouse:thoughtworks:8045790,ThoughtWorks,Senior Systems Support Engineer,https://www.thoughtworks.com/careers/jobs/8045790?gh_jid=8045790,2026-08-12,no
greenhouse:thoughtworks:8102477,ThoughtWorks,Senior Technology Advisory Analyst,https://www.thoughtworks.com/careers/jobs/8102477?gh_jid=8102477,2026-08-12,no
greenhouse:thoughtworks:8114192,ThoughtWorks,Senior Technology Advisory Analyst,https://www.thoughtworks.com/careers/jobs/8114192?gh_jid=8114192,2026-08-12,no
greenhouse:thoughtworks:8119209,ThoughtWorks,Senior Technology Advisory Analyst,https://www.thoughtworks.com/careers/jobs/8119209?gh_jid=8119209,2026-08-12,no
greenhouse:thoughtworks:7893065,ThoughtWorks,Solution Architect,https://www.thoughtworks.com/careers/jobs/7893065?gh_jid=7893065,2026-08-12,no
greenhouse:thoughtworks:8045791,ThoughtWorks,Systems Support Engineer,https://www.thoughtworks.com/careers/jobs/8045791?gh_jid=8045791,2026-08-12,no
greenhouse:thoughtworks:7992089,ThoughtWorks,Technical Principal,https://www.thoughtworks.com/careers/jobs/7992089?gh_jid=7992089,2026-08-12,no
greenhouse:thoughtworks:8124407,ThoughtWorks,Senior Site Reliability Engineer (GCP Cloud) - Advanced English - Chile,https://www.thoughtworks.com/careers/jobs/8124407?gh_jid=8124407,2026-08-12,no,greenhouse
greenhouse:wpp:8570968002,WPP,AAI Product Implementation Manager,https://job-boards.greenhouse.io/wpp/jobs/8570968002,2026-08-12,no,greenhouse
greenhouse:wpp:8387140002,WPP,"Account Executive, WPP Open (SaaS Solutions)",https://job-boards.greenhouse.io/wpp/jobs/8387140002,2026-08-12,no,greenhouse
greenhouse:wpp:8387143002,WPP,"Account Executive, WPP Open (SaaS Solutions)",https://job-boards.greenhouse.io/wpp/jobs/8387143002,2026-08-12,no,greenhouse
greenhouse:wpp:8387141002,WPP,"Account Executive, WPP Open (SaaS Solutions)",https://job-boards.greenhouse.io/wpp/jobs/8387141002,2026-08-12,no,greenhouse
greenhouse:wpp:8376511002,WPP,"Account Executive, WPP Open (SaaS Solutions)",https://job-boards.greenhouse.io/wpp/jobs/8376511002,2026-08-12,no,greenhouse
greenhouse:wpp:8327867002,WPP,"Account Executive, WPP Open (SaaS Solutions) ",https://job-boards.greenhouse.io/wpp/jobs/8327867002,2026-08-12,no,greenhouse
greenhouse:wpp:8392269002,WPP,AI Enterprise Architect - WPP Media,https://job-boards.greenhouse.io/wpp/jobs/8392269002,2026-08-12,no,greenhouse
greenhouse:wpp:8617829002,WPP,Analyst - Direct Taxation,https://job-boards.greenhouse.io/wpp/jobs/8617829002,2026-08-12,no,greenhouse
greenhouse:wpp:8585166002,WPP,Analyst - Indirect Taxation,https://job-boards.greenhouse.io/wpp/jobs/8585166002,2026-08-12,no,greenhouse
greenhouse:wpp:8627941002,WPP,Analyst - T&E - US,https://job-boards.greenhouse.io/wpp/jobs/8627941002,2026-08-12,no,greenhouse
greenhouse:wpp:8604821002,WPP, AP Analyst,https://job-boards.greenhouse.io/wpp/jobs/8604821002,2026-08-12,no,greenhouse
greenhouse:wpp:8636390002,WPP,Application & Development Security Lead,https://job-boards.greenhouse.io/wpp/jobs/8636390002,2026-08-12,no,greenhouse
greenhouse:wpp:8604847002,WPP,AR Analyst,https://job-boards.greenhouse.io/wpp/jobs/8604847002,2026-08-12,no,greenhouse
greenhouse:wpp:8605389002,WPP,Assistant Manager People Ops,https://job-boards.greenhouse.io/wpp/jobs/8605389002,2026-08-12,no,greenhouse
greenhouse:wpp:8638009002,WPP,Automation Senior Developer,https://job-boards.greenhouse.io/wpp/jobs/8638009002,2026-08-12,no,greenhouse
greenhouse:wpp:8395643002,WPP,Automation Support Engineer,https://job-boards.greenhouse.io/wpp/jobs/8395643002,2026-08-12,no,greenhouse
greenhouse:wpp:8640253002,WPP,Automation Support Manager,https://job-boards.greenhouse.io/wpp/jobs/8640253002,2026-08-12,no,greenhouse
greenhouse:wpp:8589490002,WPP,AWS & Tooling Platform Lead,https://job-boards.greenhouse.io/wpp/jobs/8589490002,2026-08-12,no,greenhouse
greenhouse:wpp:8515065002,WPP,Azure Dev Ops Engineer,https://job-boards.greenhouse.io/wpp/jobs/8515065002,2026-08-12,no,greenhouse
greenhouse:wpp:8634054002,WPP,"Burson | Account Executive (GCI Health), Japan",https://job-boards.greenhouse.io/wpp/jobs/8634054002,2026-08-12,no,greenhouse
greenhouse:wpp:8633974002,WPP,"Burson |  Account Executive, Japan",https://job-boards.greenhouse.io/wpp/jobs/8633974002,2026-08-12,no,greenhouse
greenhouse:wpp:8634046002,WPP,"Burson | Account Manager (GCI Health), Japan",https://job-boards.greenhouse.io/wpp/jobs/8634046002,2026-08-12,no,greenhouse
greenhouse:wpp:8634005002,WPP,"Burson | Account Manager, Japan",https://job-boards.greenhouse.io/wpp/jobs/8634005002,2026-08-12,no,greenhouse
greenhouse:wpp:8633979002,WPP,"Burson | Senior Account Executive, Japan",https://job-boards.greenhouse.io/wpp/jobs/8633979002,2026-08-12,no,greenhouse
greenhouse:wpp:8640248002,WPP,Business Security Director,https://job-boards.greenhouse.io/wpp/jobs/8640248002,2026-08-12,no,greenhouse
greenhouse:wpp:8644515002,WPP,Change Management Lead - People Technology,https://job-boards.greenhouse.io/wpp/jobs/8644515002,2026-08-12,no,greenhouse
greenhouse:wpp:8660474002,WPP,Company Secretarial Assistant,https://job-boards.greenhouse.io/wpp/jobs/8660474002,2026-08-12,no,greenhouse
greenhouse:wpp:8564404002,WPP," Consultant - Growth Consulting, WPP Open",https://job-boards.greenhouse.io/wpp/jobs/8564404002,2026-08-12,no,greenhouse
greenhouse:wpp:8333107002,WPP,"Consultant - Growth Consulting, WPP Open",https://job-boards.greenhouse.io/wpp/jobs/8333107002,2026-08-12,no,greenhouse
greenhouse:wpp:8605346002,WPP,Content and Social Manager,https://job-boards.greenhouse.io/wpp/jobs/8605346002,2026-08-12,no,greenhouse
greenhouse:wpp:8605342002,WPP,Corporate Affairs Executive,https://job-boards.greenhouse.io/wpp/jobs/8605342002,2026-08-12,no,greenhouse
greenhouse:wpp:8632469002,WPP,CoSec Manager,https://job-boards.greenhouse.io/wpp/jobs/8632469002,2026-08-12,no,greenhouse
greenhouse:wpp:8507858002,WPP,Cyber Security Architect,https://job-boards.greenhouse.io/wpp/jobs/8507858002,2026-08-12,no,greenhouse
greenhouse:wpp:8609892002,WPP,Data Analyst (Procurement & REWS),https://job-boards.greenhouse.io/wpp/jobs/8609892002,2026-08-12,no,greenhouse
greenhouse:wpp:8551651002,WPP,Data Engineer,https://job-boards.greenhouse.io/wpp/jobs/8551651002,2026-08-12,no,greenhouse
greenhouse:wpp:8516442002,WPP,Data Engineer,https://job-boards.greenhouse.io/wpp/jobs/8516442002,2026-08-12,no,greenhouse
greenhouse:wpp:8516607002,WPP,Data Manager - Work Management,https://job-boards.greenhouse.io/wpp/jobs/8516607002,2026-08-12,no,greenhouse
greenhouse:wpp:8539078002,WPP,Data Operation Engineer,https://job-boards.greenhouse.io/wpp/jobs/8539078002,2026-08-12,no,greenhouse
greenhouse:wpp:8484909002,WPP,Data Operations Lead,https://job-boards.greenhouse.io/wpp/jobs/8484909002,2026-08-12,no,greenhouse
greenhouse:wpp:8577702002,WPP,Data Scientist ,https://job-boards.greenhouse.io/wpp/jobs/8577702002,2026-08-12,no,greenhouse
greenhouse:wpp:8576098002,WPP,"Director, EMEA Data Partnerships",https://job-boards.greenhouse.io/wpp/jobs/8576098002,2026-08-12,no,greenhouse
greenhouse:wpp:8576121002,WPP,"Director, EMEA Data Partnerships",https://job-boards.greenhouse.io/wpp/jobs/8576121002,2026-08-12,no,greenhouse
greenhouse:wpp:8613200002,WPP,"Director, Enablement (Commerce)",https://job-boards.greenhouse.io/wpp/jobs/8613200002,2026-08-12,no,greenhouse
greenhouse:wpp:8493710002,WPP,"Director, Finance Operations ",https://job-boards.greenhouse.io/wpp/jobs/8493710002,2026-08-12,no,greenhouse
greenhouse:wpp:8500134002,WPP,EMEA AP Analyst,https://job-boards.greenhouse.io/wpp/jobs/8500134002,2026-08-12,no,greenhouse
greenhouse:wpp:8435096002,WPP,EMEA Treasury Manager,https://job-boards.greenhouse.io/wpp/jobs/8435096002,2026-08-12,no,greenhouse
greenhouse:wpp:8630655002,WPP,Enablement Lead EMEA,https://job-boards.greenhouse.io/wpp/jobs/8630655002,2026-08-12,no,greenhouse
greenhouse:wpp:8658170002,WPP,End User Device Administrator,https://job-boards.greenhouse.io/wpp/jobs/8658170002,2026-08-12,no,greenhouse
greenhouse:wpp:8589507002,WPP,Engineering lead (AI COE),https://job-boards.greenhouse.io/wpp/jobs/8589507002,2026-08-12,no,greenhouse
greenhouse:wpp:8623987002,WPP,Enterprise AI Project Manager,https://job-boards.greenhouse.io/wpp/jobs/8623987002,2026-08-12,no,greenhouse
greenhouse:wpp:8394074002,WPP,"EUS Market Manager, India",https://job-boards.greenhouse.io/wpp/jobs/8394074002,2026-08-12,no,greenhouse
greenhouse:wpp:8655249002,WPP,Executive Assistant - Talent Acquisition,https://job-boards.greenhouse.io/wpp/jobs/8655249002,2026-08-12,no,greenhouse
greenhouse:wpp:8622489002,WPP,"Finance Director, Burson",https://job-boards.greenhouse.io/wpp/jobs/8622489002,2026-08-12,no,greenhouse
greenhouse:wpp:8623758002,WPP,Finance Manager – Transformation,https://job-boards.greenhouse.io/wpp/jobs/8623758002,2026-08-12,no,greenhouse
greenhouse:wpp:8670943002,WPP,Forward Deployed Engineer,https://job-boards.greenhouse.io/wpp/jobs/8670943002,2026-08-12,no,greenhouse
greenhouse:wpp:8670877002,WPP,FP & A Manager,https://job-boards.greenhouse.io/wpp/jobs/8670877002,2026-08-12,no,greenhouse
greenhouse:wpp:8653328002,WPP,FP&A Manager - Planning and Cash Flow,https://job-boards.greenhouse.io/wpp/jobs/8653328002,2026-08-12,no,greenhouse
greenhouse:wpp:8653318002,WPP,FP&A Senior Analyst – Planning and Cash Flow,https://job-boards.greenhouse.io/wpp/jobs/8653318002,2026-08-12,no,greenhouse
greenhouse:wpp:8694712002,WPP,Freelance Senior Talent Acquisition Partner (Tech GTM-Sales),https://job-boards.greenhouse.io/wpp/jobs/8694712002,2026-08-12,no,greenhouse
greenhouse:wpp:8695887002,WPP,Freelance Senior Talent Acquisition Partner (Tech GTM-Sales),https://job-boards.greenhouse.io/wpp/jobs/8695887002,2026-08-12,no,greenhouse
greenhouse:wpp:8695888002,WPP,Freelance Senior Talent Acquisition Partner (Tech GTM-Sales),https://job-boards.greenhouse.io/wpp/jobs/8695888002,2026-08-12,no,greenhouse
greenhouse:wpp:8395792002,WPP,Full Stack Engineering Lead – AI & GenAI,https://job-boards.greenhouse.io/wpp/jobs/8395792002,2026-08-12,no,greenhouse
greenhouse:wpp:8570459002,WPP,Global CRM – Functional Lead/Product Owner : Microsoft Dynamics,https://job-boards.greenhouse.io/wpp/jobs/8570459002,2026-08-12,no,greenhouse
greenhouse:wpp:8641450002,WPP,Global Head of Onefluence - WPP,https://job-boards.greenhouse.io/wpp/jobs/8641450002,2026-08-12,no,greenhouse
greenhouse:wpp:8611466002,WPP,Global Head of Procurement – Technology  ,https://job-boards.greenhouse.io/wpp/jobs/8611466002,2026-08-12,no,greenhouse
greenhouse:wpp:8654127002,WPP,"Global Operations Lead, Social Influencer Practice",https://job-boards.greenhouse.io/wpp/jobs/8654127002,2026-08-12,no,greenhouse
greenhouse:wpp:8623696002,WPP,Global PMO - People Technology (FTC),https://job-boards.greenhouse.io/wpp/jobs/8623696002,2026-08-12,no,greenhouse
greenhouse:wpp:8654112002,WPP,"Global President, Social Influencer",https://job-boards.greenhouse.io/wpp/jobs/8654112002,2026-08-12,no,greenhouse
greenhouse:wpp:8684247002,WPP,Global Programme Director - Finance Technology,https://job-boards.greenhouse.io/wpp/jobs/8684247002,2026-08-12,no,greenhouse
greenhouse:wpp:8623722002,WPP,Global Programme Manager (FTC),https://job-boards.greenhouse.io/wpp/jobs/8623722002,2026-08-12,no,greenhouse
greenhouse:wpp:8630683002,WPP,Global Project Manager - Sales & Marketing,https://job-boards.greenhouse.io/wpp/jobs/8630683002,2026-08-12,no,greenhouse
greenhouse:wpp:8504923002,WPP,GL Reporting Analyst,https://job-boards.greenhouse.io/wpp/jobs/8504923002,2026-08-12,no,greenhouse
greenhouse:wpp:8647992002,WPP,GL Reporting Analyst - EMEA,https://job-boards.greenhouse.io/wpp/jobs/8647992002,2026-08-12,no,greenhouse
greenhouse:wpp:8379822002,WPP,"Grey | Senior Art Director, Japan",https://job-boards.greenhouse.io/wpp/jobs/8379822002,2026-08-12,no,greenhouse
greenhouse:wpp:8690629002,WPP,Head of Tax Germany,https://job-boards.greenhouse.io/wpp/jobs/8690629002,2026-08-12,no,greenhouse
greenhouse:wpp:8584341002,WPP,International Tax Manager ,https://job-boards.greenhouse.io/wpp/jobs/8584341002,2026-08-12,no,greenhouse
greenhouse:wpp:8289356002,WPP,IT Manager,https://job-boards.greenhouse.io/wpp/jobs/8289356002,2026-08-12,no,greenhouse
greenhouse:wpp:8690808002,WPP,Java and Azure Developer : Contract Role,https://job-boards.greenhouse.io/wpp/jobs/8690808002,2026-08-12,no,greenhouse
greenhouse:wpp:8583681002,WPP,Junior Compliance Officer,https://job-boards.greenhouse.io/wpp/jobs/8583681002,2026-08-12,no,greenhouse
greenhouse:wpp:8583405002,WPP,Junior Security Analyst,https://job-boards.greenhouse.io/wpp/jobs/8583405002,2026-08-12,no,greenhouse
greenhouse:wpp:8642311002,WPP,Kaufmännische:r Geschäftsführer:in DACH ,https://job-boards.greenhouse.io/wpp/jobs/8642311002,2026-08-12,no,greenhouse
greenhouse:wpp:8358145002,WPP,"Landor | Senior Designer, Japan",https://job-boards.greenhouse.io/wpp/jobs/8358145002,2026-08-12,no,greenhouse
greenhouse:wpp:8589462002,WPP,Lead Developer,https://job-boards.greenhouse.io/wpp/jobs/8589462002,2026-08-12,no,greenhouse
greenhouse:wpp:8623887002,WPP,Legal Counsel,https://job-boards.greenhouse.io/wpp/jobs/8623887002,2026-08-12,no,greenhouse
greenhouse:wpp:8671039002,WPP,Legal Counsel,https://job-boards.greenhouse.io/wpp/jobs/8671039002,2026-08-12,no,greenhouse
greenhouse:wpp:8642657002,WPP,Legal Counsel Commercial & Contracts (m/w/d) ,https://job-boards.greenhouse.io/wpp/jobs/8642657002,2026-08-12,no,greenhouse
greenhouse:wpp:8623714002,WPP,Maconomy ERP – Senior Test Automation Analyst,https://job-boards.greenhouse.io/wpp/jobs/8623714002,2026-08-12,no,greenhouse
greenhouse:wpp:8623764002,WPP,Maconomy ERP – Test Automation Lead,https://job-boards.greenhouse.io/wpp/jobs/8623764002,2026-08-12,no,greenhouse
greenhouse:wpp:8537136002,WPP,Maconomy Technical Business Analyst,https://job-boards.greenhouse.io/wpp/jobs/8537136002,2026-08-12,no,greenhouse
greenhouse:wpp:8658550002,WPP,Management Accountant,https://job-boards.greenhouse.io/wpp/jobs/8658550002,2026-08-12,no,greenhouse
greenhouse:wpp:8515127002,WPP,"Manager, Accounts Payable",https://job-boards.greenhouse.io/wpp/jobs/8515127002,2026-08-12,no,greenhouse
greenhouse:wpp:8576070002,WPP,Manager - Billing - US,https://job-boards.greenhouse.io/wpp/jobs/8576070002,2026-08-12,no,greenhouse
greenhouse:wpp:8543429002,WPP,.Net Engineering Lead,https://job-boards.greenhouse.io/wpp/jobs/8543429002,2026-08-12,no,greenhouse
greenhouse:wpp:8581556002,WPP,Process Documentation Specialist - UK,https://job-boards.greenhouse.io/wpp/jobs/8581556002,2026-08-12,no,greenhouse
greenhouse:wpp:8682602002,WPP,Procurement Category Manager - Software,https://job-boards.greenhouse.io/wpp/jobs/8682602002,2026-08-12,no,greenhouse
greenhouse:wpp:8634133002,WPP,Procurement Category Manager - Technology ,https://job-boards.greenhouse.io/wpp/jobs/8634133002,2026-08-12,no,greenhouse
greenhouse:wpp:8583369002,WPP,"Product, Application and Offensive Security Engineer",https://job-boards.greenhouse.io/wpp/jobs/8583369002,2026-08-12,no,greenhouse
greenhouse:wpp:8670925002,WPP,Project Manager,https://job-boards.greenhouse.io/wpp/jobs/8670925002,2026-08-12,no,greenhouse
greenhouse:wpp:8627835002,WPP,Project Manager,https://job-boards.greenhouse.io/wpp/jobs/8627835002,2026-08-12,no,greenhouse
greenhouse:wpp:8580426002,WPP,Risk Specialist,https://job-boards.greenhouse.io/wpp/jobs/8580426002,2026-08-12,no,greenhouse
greenhouse:wpp:8580483002,WPP, Security Awareness Specialist,https://job-boards.greenhouse.io/wpp/jobs/8580483002,2026-08-12,no,greenhouse
greenhouse:wpp:8469531002,WPP,Security Process Engineer,https://job-boards.greenhouse.io/wpp/jobs/8469531002,2026-08-12,no,greenhouse
greenhouse:wpp:8589722002,WPP,Security Threat Hunting Lead,https://job-boards.greenhouse.io/wpp/jobs/8589722002,2026-08-12,no,greenhouse
greenhouse:wpp:8587580002,WPP,Security Threat Intelligence Analyst,https://job-boards.greenhouse.io/wpp/jobs/8587580002,2026-08-12,no,greenhouse
greenhouse:wpp:8585301002,WPP,Senior Analyst - Corporate Card Administrator,https://job-boards.greenhouse.io/wpp/jobs/8585301002,2026-08-12,no,greenhouse
greenhouse:wpp:8617370002,WPP,Senior Analyst - US Indirect Taxation,https://job-boards.greenhouse.io/wpp/jobs/8617370002,2026-08-12,no,greenhouse
greenhouse:wpp:8570435002,WPP,Senior Business Analyst – Global CRM Transformation ,https://job-boards.greenhouse.io/wpp/jobs/8570435002,2026-08-12,no,greenhouse
greenhouse:wpp:8555104002,WPP,Senior Credit & Collections Analyst,https://job-boards.greenhouse.io/wpp/jobs/8555104002,2026-08-12,no,greenhouse
greenhouse:wpp:8566112002,WPP,Senior Credit Controller,https://job-boards.greenhouse.io/wpp/jobs/8566112002,2026-08-12,no,greenhouse
greenhouse:wpp:8637890002,WPP,Senior Credit Controller (B2B Collection),https://job-boards.greenhouse.io/wpp/jobs/8637890002,2026-08-12,no,greenhouse
greenhouse:wpp:8570476002,WPP,Senior Data Engineer,https://job-boards.greenhouse.io/wpp/jobs/8570476002,2026-08-12,no,greenhouse
greenhouse:wpp:8578643002,WPP,Senior Data Engineer,https://job-boards.greenhouse.io/wpp/jobs/8578643002,2026-08-12,no,greenhouse
greenhouse:wpp:8570859002,WPP,Senior Data Engineer - Global People Data,https://job-boards.greenhouse.io/wpp/jobs/8570859002,2026-08-12,no,greenhouse
greenhouse:wpp:8686924002,WPP,Senior Data Visualization,https://job-boards.greenhouse.io/wpp/jobs/8686924002,2026-08-12,no,greenhouse
greenhouse:wpp:8576193002,WPP,"Senior Director, APAC Data Partnerships Lead",https://job-boards.greenhouse.io/wpp/jobs/8576193002,2026-08-12,no,greenhouse
greenhouse:wpp:8574816002,WPP,"Senior Director, EMEA Data Partnerships Lead : Data & Tech Solutions",https://job-boards.greenhouse.io/wpp/jobs/8574816002,2026-08-12,no,greenhouse
greenhouse:wpp:8576150002,WPP,"Senior Director, LATAM Data Partnerships Lead ",https://job-boards.greenhouse.io/wpp/jobs/8576150002,2026-08-12,no,greenhouse
greenhouse:wpp:8583637002,WPP,"Senior Director, NA Data Partnerships Lead",https://job-boards.greenhouse.io/wpp/jobs/8583637002,2026-08-12,no,greenhouse
greenhouse:wpp:8396096002,WPP,Senior Full-Stack Engineer,https://job-boards.greenhouse.io/wpp/jobs/8396096002,2026-08-12,no,greenhouse
greenhouse:wpp:8647969002,WPP,Senior GL Reporting Analyst - EMEA,https://job-boards.greenhouse.io/wpp/jobs/8647969002,2026-08-12,no,greenhouse
greenhouse:wpp:8583528002,WPP,Senior Identity and Access Security Engineer,https://job-boards.greenhouse.io/wpp/jobs/8583528002,2026-08-12,no,greenhouse
greenhouse:wpp:8693030002,WPP,Senior Manager - Bank Reconciliation,https://job-boards.greenhouse.io/wpp/jobs/8693030002,2026-08-12,no,greenhouse
greenhouse:wpp:8583605002,WPP,"Senior Manager, Data Enablement Operations",https://job-boards.greenhouse.io/wpp/jobs/8583605002,2026-08-12,no,greenhouse
greenhouse:wpp:8645409002,WPP,Senior Manager Indirect Tax - Freelance,https://job-boards.greenhouse.io/wpp/jobs/8645409002,2026-08-12,no,greenhouse
greenhouse:wpp:8583446002,WPP,"Senior Product Manager, Agent Builder",https://job-boards.greenhouse.io/wpp/jobs/8583446002,2026-08-12,no,greenhouse
greenhouse:wpp:8583460002,WPP,"Senior Product Manager, Agent Hub & Catalogue",https://job-boards.greenhouse.io/wpp/jobs/8583460002,2026-08-12,no,greenhouse
greenhouse:wpp:8590257002,WPP,Senior Project Manager,https://job-boards.greenhouse.io/wpp/jobs/8590257002,2026-08-12,no,greenhouse
greenhouse:wpp:8656427002,WPP,Senior Project Manager - Enterprise AI ,https://job-boards.greenhouse.io/wpp/jobs/8656427002,2026-08-12,no,greenhouse
greenhouse:wpp:8388385002,WPP,Senior Project Manager - Service Management Platform,https://job-boards.greenhouse.io/wpp/jobs/8388385002,2026-08-12,no,greenhouse
greenhouse:wpp:8388395002,WPP,Senior Project Manager - Technology Operations,https://job-boards.greenhouse.io/wpp/jobs/8388395002,2026-08-12,no,greenhouse
greenhouse:wpp:8551604002,WPP,Senior Software Engineer,https://job-boards.greenhouse.io/wpp/jobs/8551604002,2026-08-12,no,greenhouse
greenhouse:wpp:8570388002,WPP,Senior Solution Architect - Sales & Marketing,https://job-boards.greenhouse.io/wpp/jobs/8570388002,2026-08-12,no,greenhouse
greenhouse:wpp:8583373002,WPP,Senior Technology Risk Analyst,https://job-boards.greenhouse.io/wpp/jobs/8583373002,2026-08-12,no,greenhouse
greenhouse:wpp:8508044002,WPP,Service Management Platform Transformation Lead,https://job-boards.greenhouse.io/wpp/jobs/8508044002,2026-08-12,no,greenhouse
greenhouse:wpp:8589438002,WPP,Software Developer,https://job-boards.greenhouse.io/wpp/jobs/8589438002,2026-08-12,no,greenhouse
greenhouse:wpp:8579601002,WPP,Solutions Architect,https://job-boards.greenhouse.io/wpp/jobs/8579601002,2026-08-12,no,greenhouse
greenhouse:wpp:8570472002,WPP,Solutions Architect,https://job-boards.greenhouse.io/wpp/jobs/8570472002,2026-08-12,no,greenhouse
greenhouse:wpp:8578230002,WPP,Sourcing and Procurement Analyst (Strategic Sourcing),https://job-boards.greenhouse.io/wpp/jobs/8578230002,2026-08-12,no,greenhouse
greenhouse:wpp:8658390002,WPP,Sourcing & Procurement Analyst (Software Buying Desk),https://job-boards.greenhouse.io/wpp/jobs/8658390002,2026-08-12,no,greenhouse
greenhouse:wpp:8186750002,WPP,Sr.Analyst - UK -Indirect Tax,https://job-boards.greenhouse.io/wpp/jobs/8186750002,2026-08-12,no,greenhouse
greenhouse:wpp:8584672002,WPP,"Sr. Product Manager, Agentic Workflow & AI Assistant",https://job-boards.greenhouse.io/wpp/jobs/8584672002,2026-08-12,no,greenhouse
greenhouse:wpp:8584719002,WPP,"Sr. Product Manager, Managed Agents",https://job-boards.greenhouse.io/wpp/jobs/8584719002,2026-08-12,no,greenhouse
greenhouse:wpp:8469398002,WPP,"Strategy & Transformation Analyst, CRC",https://job-boards.greenhouse.io/wpp/jobs/8469398002,2026-08-12,no,greenhouse
greenhouse:wpp:8585576002,WPP,Supervisor - Corporate Card Administrator,https://job-boards.greenhouse.io/wpp/jobs/8585576002,2026-08-12,no,greenhouse
greenhouse:wpp:8658111002,WPP,Supervisor - RTR (ANZ),https://job-boards.greenhouse.io/wpp/jobs/8658111002,2026-08-12,no,greenhouse
greenhouse:wpp:8617379002,WPP,Supervisor - US Indirect Taxation,https://job-boards.greenhouse.io/wpp/jobs/8617379002,2026-08-12,no,greenhouse
greenhouse:wpp:8589539002,WPP,Support Engineer (AIOC),https://job-boards.greenhouse.io/wpp/jobs/8589539002,2026-08-12,no,greenhouse
greenhouse:wpp:8581836002,WPP,"SVP, Head of Marketing Performance ",https://job-boards.greenhouse.io/wpp/jobs/8581836002,2026-08-12,yes,greenhouse
greenhouse:wpp:8582730002,WPP,"SVP, Product (Media Solutions) - Data & Intelligence ",https://job-boards.greenhouse.io/wpp/jobs/8582730002,2026-08-12,no,greenhouse
greenhouse:wpp:8589584002,WPP,Systems & Data Integration lead - CRM,https://job-boards.greenhouse.io/wpp/jobs/8589584002,2026-08-12,no,greenhouse
greenhouse:wpp:8644721002,WPP,Tax Manager (all genders),https://job-boards.greenhouse.io/wpp/jobs/8644721002,2026-08-12,no,greenhouse
greenhouse:wpp:8695820002,WPP,Tax Manager / Steuerreferent (m/w/d),https://job-boards.greenhouse.io/wpp/jobs/8695820002,2026-08-12,no,greenhouse
greenhouse:wpp:8622439002,WPP,Tax Manager - US State & Local Tax (SALT),https://job-boards.greenhouse.io/wpp/jobs/8622439002,2026-08-12,no,greenhouse
greenhouse:wpp:8443907002,WPP,Technical Lead,https://job-boards.greenhouse.io/wpp/jobs/8443907002,2026-08-12,no,greenhouse
greenhouse:wpp:8557768002,WPP,"Technical Lead, WPP Open",https://job-boards.greenhouse.io/wpp/jobs/8557768002,2026-08-12,no,greenhouse
greenhouse:wpp:8675636002,WPP,Technical Project Manager (OWM Project),https://job-boards.greenhouse.io/wpp/jobs/8675636002,2026-08-12,no,greenhouse
greenhouse:wpp:8636392002,WPP,"Technical Security Governance Lead - Cloud, Vulnerability Management ",https://job-boards.greenhouse.io/wpp/jobs/8636392002,2026-08-12,no,greenhouse
greenhouse:wpp:8636400002,WPP,Technical Security Governance Lead - Exposure Management,https://job-boards.greenhouse.io/wpp/jobs/8636400002,2026-08-12,no,greenhouse
greenhouse:wpp:8580459002,WPP,Technical Security Governance Lead - Identity,https://job-boards.greenhouse.io/wpp/jobs/8580459002,2026-08-12,no,greenhouse
greenhouse:wpp:8633032002,WPP,Technology Assurance Senior Specialist,https://job-boards.greenhouse.io/wpp/jobs/8633032002,2026-08-12,no,greenhouse
greenhouse:wpp:8469427002,WPP,Technology Programme Manager ,https://job-boards.greenhouse.io/wpp/jobs/8469427002,2026-08-12,no,greenhouse
greenhouse:wpp:8507872002,WPP,Technology Project Manager (Cyber Security),https://job-boards.greenhouse.io/wpp/jobs/8507872002,2026-08-12,no,greenhouse
greenhouse:wpp:8633100002,WPP,Technology Resilience Manager,https://job-boards.greenhouse.io/wpp/jobs/8633100002,2026-08-12,no,greenhouse
greenhouse:wpp:8470014002,WPP,Technology Risk Analyst,https://job-boards.greenhouse.io/wpp/jobs/8470014002,2026-08-12,no,greenhouse
greenhouse:wpp:8633045002,WPP,"Technology Risk & Controls Analyst, ET & Corporate",https://job-boards.greenhouse.io/wpp/jobs/8633045002,2026-08-12,no,greenhouse
greenhouse:wpp:8633083002,WPP,"Technology Risk & Controls Lead, ET & Corporate",https://job-boards.greenhouse.io/wpp/jobs/8633083002,2026-08-12,no,greenhouse
greenhouse:wpp:8633091002,WPP,"Technology Risk & Controls Senior Analyst, ET & Corporate",https://job-boards.greenhouse.io/wpp/jobs/8633091002,2026-08-12,no,greenhouse
greenhouse:wpp:8630716002,WPP,Technology Risk & Controls Senior Specialist,https://job-boards.greenhouse.io/wpp/jobs/8630716002,2026-08-12,no,greenhouse
greenhouse:wpp:8507929002,WPP,"Technology Risk & Controls Senior Specialist, ET & Corporate",https://job-boards.greenhouse.io/wpp/jobs/8507929002,2026-08-12,no,greenhouse
greenhouse:wpp:8630728002,WPP,Technology Risk & Controls Transformation Specialist,https://job-boards.greenhouse.io/wpp/jobs/8630728002,2026-08-12,no,greenhouse
greenhouse:wpp:8690615002,WPP,"Technology Risk & Controls Transformation Specialist, Business Platforms",https://job-boards.greenhouse.io/wpp/jobs/8690615002,2026-08-12,no,greenhouse
greenhouse:wpp:8633057002,WPP,Technology Risk & Governance Lead,https://job-boards.greenhouse.io/wpp/jobs/8633057002,2026-08-12,no,greenhouse
greenhouse:wpp:8469411002,WPP,Technology Risk Senior Analyst,https://job-boards.greenhouse.io/wpp/jobs/8469411002,2026-08-12,no,greenhouse
greenhouse:wpp:8642603002,WPP,Transformation Manager - Enterprise Technology ,https://job-boards.greenhouse.io/wpp/jobs/8642603002,2026-08-12,no,greenhouse
greenhouse:wpp:8614027002,WPP,Treasury Analyst Emea,https://job-boards.greenhouse.io/wpp/jobs/8614027002,2026-08-12,no,greenhouse
greenhouse:wpp:8595208002,WPP,Treasury Back Office Manager,https://job-boards.greenhouse.io/wpp/jobs/8595208002,2026-08-12,no,greenhouse
greenhouse:wpp:8675528002,WPP,Treasury Systems Lead,https://job-boards.greenhouse.io/wpp/jobs/8675528002,2026-08-12,no,greenhouse
greenhouse:wpp:8609874002,WPP,"VML & Ogilvy | Art Director (BEAT Studio), Japan ",https://job-boards.greenhouse.io/wpp/jobs/8609874002,2026-08-12,no,greenhouse
greenhouse:wpp:8675443002,WPP,"VML & Ogilvy | Business Director, Japan",https://job-boards.greenhouse.io/wpp/jobs/8675443002,2026-08-12,no,greenhouse
greenhouse:wpp:8349553002,WPP,"VML & Ogilvy | Client Lead / Project Director (WPP Content Studio), Japan",https://job-boards.greenhouse.io/wpp/jobs/8349553002,2026-08-12,no,greenhouse
greenhouse:wpp:8555907002,WPP,"VML & Ogilvy | Connection Planner, Japan",https://job-boards.greenhouse.io/wpp/jobs/8555907002,2026-08-12,no,greenhouse
greenhouse:wpp:8349688002,WPP,"VML & Ogilvy | Content Creator (WPP Content Studio), Japan",https://job-boards.greenhouse.io/wpp/jobs/8349688002,2026-08-12,no,greenhouse
greenhouse:wpp:8349557002,WPP,"VML & Ogilvy | Creative Director, Japan",https://job-boards.greenhouse.io/wpp/jobs/8349557002,2026-08-12,no,greenhouse
greenhouse:wpp:8488773002,WPP,"VML & Ogilvy | Creative Director (Open X), Japan",https://job-boards.greenhouse.io/wpp/jobs/8488773002,2026-08-12,no,greenhouse
greenhouse:wpp:8551255002,WPP,"VML & Ogilvy | Executive Assistant, Japan",https://job-boards.greenhouse.io/wpp/jobs/8551255002,2026-08-12,no,greenhouse
greenhouse:wpp:8419959002,WPP,"VML & Ogilvy | Integration Lead (Open X), Japan",https://job-boards.greenhouse.io/wpp/jobs/8419959002,2026-08-12,no,greenhouse
greenhouse:wpp:8654627002,WPP,"VML & Ogilvy | Senior Social Strategist, Japan",https://job-boards.greenhouse.io/wpp/jobs/8654627002,2026-08-12,no,greenhouse
greenhouse:wpp:8546923002,WPP,"VML & Ogilvy | Social Content Planner (WPP Content Studio), Japan",https://job-boards.greenhouse.io/wpp/jobs/8546923002,2026-08-12,no,greenhouse
greenhouse:wpp:8559319002,WPP,"VML & Ogilvy | Social Strategy Lead, Japan",https://job-boards.greenhouse.io/wpp/jobs/8559319002,2026-08-12,no,greenhouse
greenhouse:wpp:8583648002,WPP,"VP, Platform Data Enablement",https://job-boards.greenhouse.io/wpp/jobs/8583648002,2026-08-12,no,greenhouse
greenhouse:wpp:8627966002,WPP,"VP, Tech Ops",https://job-boards.greenhouse.io/wpp/jobs/8627966002,2026-08-12,no,greenhouse
greenhouse:wpp:8481178002,WPP,Workday FINS Consultant,https://job-boards.greenhouse.io/wpp/jobs/8481178002,2026-08-12,no,greenhouse
greenhouse:wpp:8481198002,WPP,Workday FINS/PSA Test Lead,https://job-boards.greenhouse.io/wpp/jobs/8481198002,2026-08-12,no,greenhouse
greenhouse:wpp:8589645002,WPP,Workday FINS Senior Consultant,https://job-boards.greenhouse.io/wpp/jobs/8589645002,2026-08-12,no,greenhouse
greenhouse:wpp:8602399002,WPP,Workday Global HCM Support Lead,https://job-boards.greenhouse.io/wpp/jobs/8602399002,2026-08-12,no,greenhouse
greenhouse:wpp:8487127002,WPP,Workday HCM Consultant,https://job-boards.greenhouse.io/wpp/jobs/8487127002,2026-08-12,no,greenhouse
greenhouse:wpp:8622259002,WPP,Workday HCM Lead Analyst,https://job-boards.greenhouse.io/wpp/jobs/8622259002,2026-08-12,no,greenhouse
greenhouse:wpp:8481327002,WPP,Workday Integration Consultant,https://job-boards.greenhouse.io/wpp/jobs/8481327002,2026-08-12,no,greenhouse
greenhouse:wpp:8549456002,WPP,Workday PSA Lead,https://job-boards.greenhouse.io/wpp/jobs/8549456002,2026-08-12,no,greenhouse
greenhouse:wpp:8589605002,WPP,Workday Reporting Consultant,https://job-boards.greenhouse.io/wpp/jobs/8589605002,2026-08-12,no,greenhouse
greenhouse:wpp:8623740002,WPP,Workday Risk and Controls Consultant,https://job-boards.greenhouse.io/wpp/jobs/8623740002,2026-08-12,no,greenhouse
greenhouse:wpp:8481474002,WPP,Workday Senior PSA Consultant,https://job-boards.greenhouse.io/wpp/jobs/8481474002,2026-08-12,no,greenhouse
greenhouse:wpp:8535542002,WPP,Workday Services HCM Consultant - APAC,https://job-boards.greenhouse.io/wpp/jobs/8535542002,2026-08-12,no,greenhouse
greenhouse:wpp:8485153002,WPP,Workday User Access Review Analyst,https://job-boards.greenhouse.io/wpp/jobs/8485153002,2026-08-12,no,greenhouse
greenhouse:wpp:8499600002,WPP,"WPP | HRBP (Head of Talent / Sr. Manager), Japan",https://job-boards.greenhouse.io/wpp/jobs/8499600002,2026-08-12,no,greenhouse
greenhouse:wpp:8618930002,WPP,WPP Media | Head of Influencer Solutions ,https://job-boards.greenhouse.io/wpp/jobs/8618930002,2026-08-12,no,greenhouse
greenhouse:wpp:8424021002,WPP,"WPP Media | (MFG) Senior Vice President - Client Partner, Japan",https://job-boards.greenhouse.io/wpp/jobs/8424021002,2026-08-12,no,greenhouse
greenhouse:wpp:8517863002,WPP,"WPP Media | OOH Media Planning & Buying Specialist, Japan",https://job-boards.greenhouse.io/wpp/jobs/8517863002,2026-08-12,no,greenhouse
greenhouse:wpp:8555977002,WPP,"WPP Media | Planning Manager (EM), Japan ",https://job-boards.greenhouse.io/wpp/jobs/8555977002,2026-08-12,no,greenhouse
greenhouse:wpp:8651222002,WPP,"WPP Media | Senior Activation Executive, Japan",https://job-boards.greenhouse.io/wpp/jobs/8651222002,2026-08-12,no,greenhouse
greenhouse:wpp:8651230002,WPP,"WPP Media| Senior Activation Manager, Japan",https://job-boards.greenhouse.io/wpp/jobs/8651230002,2026-08-12,no,greenhouse
greenhouse:wpp:8517872002,WPP,"WPP Media | Senior Digital Planning Specialist (Investment), Japan",https://job-boards.greenhouse.io/wpp/jobs/8517872002,2026-08-12,no,greenhouse
greenhouse:wpp:8530788002,WPP,WPP Media | Senior Director Account Lead,https://job-boards.greenhouse.io/wpp/jobs/8530788002,2026-08-12,no,greenhouse
greenhouse:wpp:8465446002,WPP,"WPP Media | Senior Media Planner (EM), Japan",https://job-boards.greenhouse.io/wpp/jobs/8465446002,2026-08-12,no,greenhouse
greenhouse:wpp:8617313002,WPP,"WPP Media| Senior Media Planner, Japan",https://job-boards.greenhouse.io/wpp/jobs/8617313002,2026-08-12,no,greenhouse
greenhouse:wpp:8544889002,WPP,"WPP Media | Senior Media Planner (MFG), Japan ",https://job-boards.greenhouse.io/wpp/jobs/8544889002,2026-08-12,no,greenhouse
greenhouse:wpp:8505440002,WPP,"WPP Media | Senior Planner (MS), Japan",https://job-boards.greenhouse.io/wpp/jobs/8505440002,2026-08-12,no,greenhouse
greenhouse:wpp:8617397002,WPP,"WPP Production | Channel Project Manager, Japan",https://job-boards.greenhouse.io/wpp/jobs/8617397002,2026-08-12,no,greenhouse
greenhouse:wpp:8620462002,WPP,"WPP Production | Freelance Content Production Manager, Japan",https://job-boards.greenhouse.io/wpp/jobs/8620462002,2026-08-12,no,greenhouse
greenhouse:wpp:8623638002,WPP,"WPP Production | Interactive Project Director, Japan",https://job-boards.greenhouse.io/wpp/jobs/8623638002,2026-08-12,no,greenhouse
greenhouse:wpp:8620464002,WPP,"WPP Production | Interactive Senior Front End Developer (Lead), Japan",https://job-boards.greenhouse.io/wpp/jobs/8620464002,2026-08-12,no,greenhouse
greenhouse:wpp:8618959002,WPP,"WPP Production | Interactive Senior Project Manager, Japan",https://job-boards.greenhouse.io/wpp/jobs/8618959002,2026-08-12,no,greenhouse
greenhouse:wpp:8620502002,WPP,"WPP Production | Localization Project Manager, Japan",https://job-boards.greenhouse.io/wpp/jobs/8620502002,2026-08-12,no,greenhouse
greenhouse:wpp:8653159002,WPP,WPP SSC MY | Analyst - SSC Finance [Fullset Accounting],https://job-boards.greenhouse.io/wpp/jobs/8653159002,2026-08-12,no,greenhouse
greenhouse:wpp:8675522002,WPP,WPP SSC MY | Internship - Accounting  Finance & Masterdata,https://job-boards.greenhouse.io/wpp/jobs/8675522002,2026-08-12,no,greenhouse
greenhouse:wpp:8670845002,WPP,WPP SSC MY | [Japanese Speaker] Senior Analyst - Masterdata,https://job-boards.greenhouse.io/wpp/jobs/8670845002,2026-08-12,no,greenhouse
greenhouse:wpp:8644473002,WPP,WPP SSC MY | Senior Analyst - SSC Finance [Fullset Accounting],https://job-boards.greenhouse.io/wpp/jobs/8644473002,2026-08-12,no,greenhouse
greenhouse:wpp:8637892002,WPP,WPP SSC MY | Thai Speaker | Senior Finance Analyst - PTP (Account Payable/Invoice/Payment),https://job-boards.greenhouse.io/wpp/jobs/8637892002,2026-08-12,no,greenhouse
greenhouse:spacex:8643277002,SpaceX,Accountant,https://boards.greenhouse.io/spacex/jobs/8643277002?gh_jid=8643277002,2026-08-12,no,greenhouse
greenhouse:spacex:8663938002,SpaceX,"Accountant, Revenue",https://boards.greenhouse.io/spacex/jobs/8663938002?gh_jid=8663938002,2026-08-12,no,greenhouse
greenhouse:spacex:8523414002,SpaceX,"Accountant, Revenue   ",https://boards.greenhouse.io/spacex/jobs/8523414002?gh_jid=8523414002,2026-08-12,no,greenhouse
greenhouse:spacex:8577633002,SpaceX,"Accountant, Revenue   ",https://boards.greenhouse.io/spacex/jobs/8577633002?gh_jid=8577633002,2026-08-12,no,greenhouse
greenhouse:spacex:8436532002,SpaceX,"Accountant, Starlink",https://boards.greenhouse.io/spacex/jobs/8436532002?gh_jid=8436532002,2026-08-12,no,greenhouse
greenhouse:spacex:8594962002,SpaceX,"Account Lead, Starlink Strategic Connectivity",https://boards.greenhouse.io/spacex/jobs/8594962002?gh_jid=8594962002,2026-08-12,no,greenhouse
greenhouse:spacex:8585061002,SpaceX,"Account Lead, Starlink Strategic Connectivity",https://boards.greenhouse.io/spacex/jobs/8585061002?gh_jid=8585061002,2026-08-12,no,greenhouse
greenhouse:spacex:8495838002,SpaceX,"Account Manager, Starlink Strategic Connectivity  ",https://boards.greenhouse.io/spacex/jobs/8495838002?gh_jid=8495838002,2026-08-12,no,greenhouse
greenhouse:spacex:8495870002,SpaceX,"Account Manager, Starlink Strategic Connectivity  ",https://boards.greenhouse.io/spacex/jobs/8495870002?gh_jid=8495870002,2026-08-12,no,greenhouse
greenhouse:spacex:8476089002,SpaceX,"Account Specialist, Starlink Enterprise Account Management (Aviation)",https://boards.greenhouse.io/spacex/jobs/8476089002?gh_jid=8476089002,2026-08-12,no,greenhouse
greenhouse:spacex:8484090002,SpaceX,Additive Technician (Raptor),https://boards.greenhouse.io/spacex/jobs/8484090002?gh_jid=8484090002,2026-08-12,no,greenhouse
greenhouse:spacex:8558715002,SpaceX,Aerodynamics Engineer (Starship),https://boards.greenhouse.io/spacex/jobs/8558715002?gh_jid=8558715002,2026-08-12,no,greenhouse
greenhouse:spacex:8557073002,SpaceX,"AI Engineer, Special Programs - Top Secret Clearance",https://boards.greenhouse.io/spacex/jobs/8557073002?gh_jid=8557073002,2026-08-12,no,greenhouse
greenhouse:spacex:8557219002,SpaceX,"AI Engineer, Special Programs - Top Secret Clearance",https://boards.greenhouse.io/spacex/jobs/8557219002?gh_jid=8557219002,2026-08-12,no,greenhouse
greenhouse:spacex:8559015002,SpaceX,AI Software Engineer (Vehicle Engineering),https://boards.greenhouse.io/spacex/jobs/8559015002?gh_jid=8559015002,2026-08-12,no,greenhouse
greenhouse:spacex:8692102002,SpaceX,Antenna Engineer - Parabolic & Waveguide (Starlink),https://boards.greenhouse.io/spacex/jobs/8692102002?gh_jid=8692102002,2026-08-12,no,greenhouse
greenhouse:spacex:8692241002,SpaceX,"Antenna Engineer, Satellites (Starlink)",https://boards.greenhouse.io/spacex/jobs/8692241002?gh_jid=8692241002,2026-08-12,no,greenhouse
greenhouse:spacex:8621989002,SpaceX,Antenna Engineer (Starlink),https://boards.greenhouse.io/spacex/jobs/8621989002?gh_jid=8621989002,2026-08-12,no,greenhouse
greenhouse:spacex:8587170002,SpaceX,Antenna Engineer (Starlink Mobile),https://boards.greenhouse.io/spacex/jobs/8587170002?gh_jid=8587170002,2026-08-12,no,greenhouse
greenhouse:spacex:8533338002,SpaceX,Antenna Engineer (Starship) ,https://boards.greenhouse.io/spacex/jobs/8533338002?gh_jid=8533338002,2026-08-12,no,greenhouse
greenhouse:spacex:8611191002,SpaceX,Application Software Engineer,https://boards.greenhouse.io/spacex/jobs/8611191002?gh_jid=8611191002,2026-08-12,no,greenhouse
greenhouse:spacex:8494240002,SpaceX,Application Software Engineer,https://boards.greenhouse.io/spacex/jobs/8494240002?gh_jid=8494240002,2026-08-12,no,greenhouse
greenhouse:spacex:8643772002,SpaceX,Application Software Engineer,https://boards.greenhouse.io/spacex/jobs/8643772002?gh_jid=8643772002,2026-08-12,no,greenhouse
greenhouse:spacex:8675909002,SpaceX,Application Software Engineer,https://boards.greenhouse.io/spacex/jobs/8675909002?gh_jid=8675909002,2026-08-12,no,greenhouse
greenhouse:spacex:8611118002,SpaceX,Application Software Engineer,https://boards.greenhouse.io/spacex/jobs/8611118002?gh_jid=8611118002,2026-08-12,no,greenhouse
greenhouse:spacex:8611189002,SpaceX,Application Software Engineer,https://boards.greenhouse.io/spacex/jobs/8611189002?gh_jid=8611189002,2026-08-12,no,greenhouse
greenhouse:spacex:8696154002,SpaceX,Application Software Engineer ,https://boards.greenhouse.io/spacex/jobs/8696154002?gh_jid=8696154002,2026-08-12,no,greenhouse
greenhouse:spacex:8658628002,SpaceX,"Application Software Engineer, Applied AI",https://boards.greenhouse.io/spacex/jobs/8658628002?gh_jid=8658628002,2026-08-12,no,greenhouse
greenhouse:spacex:8658744002,SpaceX,"Application Software Engineer, Applied AI",https://boards.greenhouse.io/spacex/jobs/8658744002?gh_jid=8658744002,2026-08-12,no,greenhouse
greenhouse:spacex:8658743002,SpaceX,"Application Software Engineer, Applied AI",https://boards.greenhouse.io/spacex/jobs/8658743002?gh_jid=8658743002,2026-08-12,no,greenhouse
greenhouse:spacex:8658737002,SpaceX,"Application Software Engineer, Applied AI",https://boards.greenhouse.io/spacex/jobs/8658737002?gh_jid=8658737002,2026-08-12,no,greenhouse
greenhouse:spacex:8658742002,SpaceX,"Application Software Engineer, Applied AI",https://boards.greenhouse.io/spacex/jobs/8658742002?gh_jid=8658742002,2026-08-12,no,greenhouse
greenhouse:spacex:8658740002,SpaceX,"Application Software Engineer, Applied AI",https://boards.greenhouse.io/spacex/jobs/8658740002?gh_jid=8658740002,2026-08-12,no,greenhouse
greenhouse:spacex:8658738002,SpaceX,"Application Software Engineer, Applied AI",https://boards.greenhouse.io/spacex/jobs/8658738002?gh_jid=8658738002,2026-08-12,no,greenhouse
greenhouse:spacex:8632106002,SpaceX,"Application Software Engineer, Employee Experience",https://boards.greenhouse.io/spacex/jobs/8632106002?gh_jid=8632106002,2026-08-12,no,greenhouse
greenhouse:spacex:8600012002,SpaceX,"Application Software Engineer, Manufacturing Systems ",https://boards.greenhouse.io/spacex/jobs/8600012002?gh_jid=8600012002,2026-08-12,no,greenhouse
greenhouse:spacex:8683682002,SpaceX,Apprentice Controls Technician - 2nd Shift,https://boards.greenhouse.io/spacex/jobs/8683682002?gh_jid=8683682002,2026-08-12,no,greenhouse
greenhouse:spacex:8685947002,SpaceX,Apprentice Fabrication Technician - 2nd Shift,https://boards.greenhouse.io/spacex/jobs/8685947002?gh_jid=8685947002,2026-08-12,no,greenhouse
greenhouse:spacex:8686064002,SpaceX,Apprentice Instrumentation Fitter - 2nd Shift,https://boards.greenhouse.io/spacex/jobs/8686064002?gh_jid=8686064002,2026-08-12,no,greenhouse
greenhouse:spacex:8516568002,SpaceX,Apprentice Weld Support Technician,https://boards.greenhouse.io/spacex/jobs/8516568002?gh_jid=8516568002,2026-08-12,no,greenhouse
greenhouse:spacex:8616347002,SpaceX,Architectural Designer,https://boards.greenhouse.io/spacex/jobs/8616347002?gh_jid=8616347002,2026-08-12,no,greenhouse
greenhouse:spacex:8592302002,SpaceX,Architectural Project Manager,https://boards.greenhouse.io/spacex/jobs/8592302002?gh_jid=8592302002,2026-08-12,no,greenhouse
greenhouse:spacex:8653639002,SpaceX,Architectural Project Manager,https://boards.greenhouse.io/spacex/jobs/8653639002?gh_jid=8653639002,2026-08-12,no,greenhouse
greenhouse:spacex:8686195002,SpaceX,ASIC/SOC DFT Engineer (Silicon Engineering),https://boards.greenhouse.io/spacex/jobs/8686195002?gh_jid=8686195002,2026-08-12,no,greenhouse
greenhouse:spacex:8686199002,SpaceX,ASIC/SOC DFT Engineer (Silicon Engineering),https://boards.greenhouse.io/spacex/jobs/8686199002?gh_jid=8686199002,2026-08-12,no,greenhouse
greenhouse:spacex:8672261002,SpaceX,Assembly Engineering Specialist (Starlink),https://boards.greenhouse.io/spacex/jobs/8672261002?gh_jid=8672261002,2026-08-12,no,greenhouse
greenhouse:spacex:8639955002,SpaceX,Automated Welding Technician (Starship),https://boards.greenhouse.io/spacex/jobs/8639955002?gh_jid=8639955002,2026-08-12,no,greenhouse
greenhouse:spacex:8676210002,SpaceX,"Automation and Test Engineer, Satellites (Starlink)",https://boards.greenhouse.io/spacex/jobs/8676210002?gh_jid=8676210002,2026-08-12,no,greenhouse
greenhouse:spacex:8506443002,SpaceX,"Automation & Controls Engineer, Assembly Manufacturing (Starlink)",https://boards.greenhouse.io/spacex/jobs/8506443002?gh_jid=8506443002,2026-08-12,no,greenhouse
greenhouse:spacex:8540471002,SpaceX,Automation & Controls Engineer (Asset Engineering),https://boards.greenhouse.io/spacex/jobs/8540471002?gh_jid=8540471002,2026-08-12,no,greenhouse
greenhouse:spacex:8546353002,SpaceX,Automation & Controls Engineer (Facilities),https://boards.greenhouse.io/spacex/jobs/8546353002?gh_jid=8546353002,2026-08-12,no,greenhouse
greenhouse:spacex:8395276002,SpaceX,"Automation & Controls Engineer, Infrastructure & Utility (Starship)",https://boards.greenhouse.io/spacex/jobs/8395276002?gh_jid=8395276002,2026-08-12,no,greenhouse
greenhouse:spacex:8612924002,SpaceX,"Automation & Controls Engineer, Insource Manufacturing (Starlink)",https://boards.greenhouse.io/spacex/jobs/8612924002?gh_jid=8612924002,2026-08-12,no,greenhouse
greenhouse:spacex:8536717002,SpaceX,"Automation & Controls Engineer, Launch Pad (Starship)",https://boards.greenhouse.io/spacex/jobs/8536717002?gh_jid=8536717002,2026-08-12,no,greenhouse
greenhouse:spacex:8617201002,SpaceX,Automation & Controls Engineer (Raptor Manufacturing Systems) ,https://boards.greenhouse.io/spacex/jobs/8617201002?gh_jid=8617201002,2026-08-12,no,greenhouse
greenhouse:spacex:8545793002,SpaceX,"Automation & Controls Engineer, Solar Cell Factory (Starlink)",https://boards.greenhouse.io/spacex/jobs/8545793002?gh_jid=8545793002,2026-08-12,no,greenhouse
greenhouse:spacex:8677412002,SpaceX,"Automation & Controls Engineer, Solar (Starlink)",https://boards.greenhouse.io/spacex/jobs/8677412002?gh_jid=8677412002,2026-08-12,no,greenhouse
greenhouse:spacex:8676957002,SpaceX,Automation & Controls Engineer (Starlink),https://boards.greenhouse.io/spacex/jobs/8676957002?gh_jid=8676957002,2026-08-12,no,greenhouse
greenhouse:spacex:8558761002,SpaceX,Automation & Controls Engineer (Starship),https://boards.greenhouse.io/spacex/jobs/8558761002?gh_jid=8558761002,2026-08-12,no,greenhouse
greenhouse:spacex:8433913002,SpaceX,Automation & Controls Engineer (Starship Launch Hardware),https://boards.greenhouse.io/spacex/jobs/8433913002?gh_jid=8433913002,2026-08-12,no,greenhouse
greenhouse:spacex:8399547002,SpaceX,Automation & Controls Specialist,https://boards.greenhouse.io/spacex/jobs/8399547002?gh_jid=8399547002,2026-08-12,no,greenhouse
greenhouse:spacex:8506464002,SpaceX,"Automation & Controls Specialist, Assembly Manufacturing (Starlink)",https://boards.greenhouse.io/spacex/jobs/8506464002?gh_jid=8506464002,2026-08-12,no,greenhouse
greenhouse:spacex:8560090002,SpaceX,"Automation & Controls Specialist, PCB Manufacturing (Starlink)",https://boards.greenhouse.io/spacex/jobs/8560090002?gh_jid=8560090002,2026-08-12,no,greenhouse
greenhouse:spacex:8450986002,SpaceX,"Automation & Controls Specialist, Silicon Process Manufacturing (Starlink)",https://boards.greenhouse.io/spacex/jobs/8450986002?gh_jid=8450986002,2026-08-12,no,greenhouse
greenhouse:spacex:8635208002,SpaceX,"Automation & Controls Specialist, Solar Cell Manufacturing (Starlink)",https://boards.greenhouse.io/spacex/jobs/8635208002?gh_jid=8635208002,2026-08-12,no,greenhouse
greenhouse:spacex:8546178002,SpaceX,Automation & Controls Specialist (Starlink Development),https://boards.greenhouse.io/spacex/jobs/8546178002?gh_jid=8546178002,2026-08-12,no,greenhouse
greenhouse:spacex:8560912002,SpaceX,Automation & Controls Specialist (Starship),https://boards.greenhouse.io/spacex/jobs/8560912002?gh_jid=8560912002,2026-08-12,no,greenhouse
greenhouse:spacex:8493473002,SpaceX,Automation & Controls Specialist (Starship),https://boards.greenhouse.io/spacex/jobs/8493473002?gh_jid=8493473002,2026-08-12,no,greenhouse
greenhouse:spacex:8391268002,SpaceX,Automation & Controls Specialist (Starship) - Level 4/5,https://boards.greenhouse.io/spacex/jobs/8391268002?gh_jid=8391268002,2026-08-12,no,greenhouse
greenhouse:spacex:8652982002,SpaceX,Automation & Controls Specialist (Starship) - Night Shift,https://boards.greenhouse.io/spacex/jobs/8652982002?gh_jid=8652982002,2026-08-12,no,greenhouse
greenhouse:spacex:8585039002,SpaceX,"Automation & Controls Specialist, Tool & Die - 2nd Shift",https://boards.greenhouse.io/spacex/jobs/8585039002?gh_jid=8585039002,2026-08-12,no,greenhouse
greenhouse:spacex:8395296002,SpaceX,"Automation & Controls Technician, Infrastructure & Utility (Starship) ",https://boards.greenhouse.io/spacex/jobs/8395296002?gh_jid=8395296002,2026-08-12,no,greenhouse
greenhouse:spacex:8561420002,SpaceX,Automation & Controls Technician (Starship),https://boards.greenhouse.io/spacex/jobs/8561420002?gh_jid=8561420002,2026-08-12,no,greenhouse
greenhouse:spacex:8502939002,SpaceX,"Automation Engineer, Blades and Vanes Foundry",https://boards.greenhouse.io/spacex/jobs/8502939002?gh_jid=8502939002,2026-08-12,no,greenhouse
greenhouse:spacex:8550182002,SpaceX,"AV Administrator, Events & Experiences",https://boards.greenhouse.io/spacex/jobs/8550182002?gh_jid=8550182002,2026-08-12,no,greenhouse
greenhouse:spacex:8601783002,SpaceX,"AV Administrator, Events & Experiences",https://boards.greenhouse.io/spacex/jobs/8601783002?gh_jid=8601783002,2026-08-12,no,greenhouse
greenhouse:spacex:8538120002,SpaceX,"AV Administrator, Events & Experiences",https://boards.greenhouse.io/spacex/jobs/8538120002?gh_jid=8538120002,2026-08-12,no,greenhouse
greenhouse:spacex:8646256002,SpaceX,Aviation Development Engineer (Starlink),https://boards.greenhouse.io/spacex/jobs/8646256002?gh_jid=8646256002,2026-08-12,no,greenhouse
greenhouse:spacex:8456300002,SpaceX,Avionics Build Associate (Starship) ,https://boards.greenhouse.io/spacex/jobs/8456300002?gh_jid=8456300002,2026-08-12,no,greenhouse
greenhouse:spacex:8612875002,SpaceX,Avionics Harness Technician (Starlink Aviation),https://boards.greenhouse.io/spacex/jobs/8612875002?gh_jid=8612875002,2026-08-12,no,greenhouse
greenhouse:spacex:8625626002,SpaceX,Avionics Integration & Test Engineer (Starshield),https://boards.greenhouse.io/spacex/jobs/8625626002?gh_jid=8625626002,2026-08-12,no,greenhouse
greenhouse:spacex:8559225002,SpaceX,Avionics Integration & Test Technician (Starship) - Night Shift,https://boards.greenhouse.io/spacex/jobs/8559225002?gh_jid=8559225002,2026-08-12,no,greenhouse
greenhouse:spacex:8377628002,SpaceX,Avionics Systems Engineer (Starship) ,https://boards.greenhouse.io/spacex/jobs/8377628002?gh_jid=8377628002,2026-08-12,no,greenhouse
greenhouse:spacex:8356336002,SpaceX,Avionics Systems Engineer (Starship)   ,https://boards.greenhouse.io/spacex/jobs/8356336002?gh_jid=8356336002,2026-08-12,no,greenhouse
greenhouse:spacex:8651062002,SpaceX,Avionics Technician (Falcon & Dragon),https://boards.greenhouse.io/spacex/jobs/8651062002?gh_jid=8651062002,2026-08-12,no,greenhouse
greenhouse:spacex:8644026002,SpaceX,Avionics Test Engineer (Starfall),https://boards.greenhouse.io/spacex/jobs/8644026002?gh_jid=8644026002,2026-08-12,no,greenhouse
greenhouse:spacex:8501166002,SpaceX,Avionics Test Engineer (Starshield),https://boards.greenhouse.io/spacex/jobs/8501166002?gh_jid=8501166002,2026-08-12,no,greenhouse
greenhouse:spacex:8355075002,SpaceX,Avionics Test Engineer (Starship),https://boards.greenhouse.io/spacex/jobs/8355075002?gh_jid=8355075002,2026-08-12,no,greenhouse
greenhouse:spacex:8417078002,SpaceX,Avionics Wire Harness Technician (Starship),https://boards.greenhouse.io/spacex/jobs/8417078002?gh_jid=8417078002,2026-08-12,no,greenhouse
greenhouse:spacex:8398679002,SpaceX,"Backend Software Engineer, GNC (Starlink) ",https://boards.greenhouse.io/spacex/jobs/8398679002?gh_jid=8398679002,2026-08-12,no,greenhouse
greenhouse:spacex:8626596002,SpaceX,Barista,https://boards.greenhouse.io/spacex/jobs/8626596002?gh_jid=8626596002,2026-08-12,no,greenhouse
greenhouse:spacex:8573629002,SpaceX,Barista ,https://boards.greenhouse.io/spacex/jobs/8573629002?gh_jid=8573629002,2026-08-12,no,greenhouse
greenhouse:spacex:8579745002,SpaceX,Barista - Temporary,https://boards.greenhouse.io/spacex/jobs/8579745002?gh_jid=8579745002,2026-08-12,no,greenhouse
greenhouse:spacex:8654606002,SpaceX,Barista - Temporary,https://boards.greenhouse.io/spacex/jobs/8654606002?gh_jid=8654606002,2026-08-12,no,greenhouse
greenhouse:spacex:8533131002,SpaceX,Barista - Temporary ,https://boards.greenhouse.io/spacex/jobs/8533131002?gh_jid=8533131002,2026-08-12,no,greenhouse
greenhouse:spacex:8488313002,SpaceX,Bastrop Campus Planning Manager,https://boards.greenhouse.io/spacex/jobs/8488313002?gh_jid=8488313002,2026-08-12,no,greenhouse
greenhouse:spacex:8488318002,SpaceX,Bastrop Site Expansion Manager,https://boards.greenhouse.io/spacex/jobs/8488318002?gh_jid=8488318002,2026-08-12,no,greenhouse
greenhouse:spacex:8488324002,SpaceX,"Battery Test Engineer, Satellites (Starlink)",https://boards.greenhouse.io/spacex/jobs/8488324002?gh_jid=8488324002,2026-08-12,no,greenhouse
greenhouse:spacex:8356343002,SpaceX,BAW Filter Design Engineer (Starlink/Akoustis),https://boards.greenhouse.io/spacex/jobs/8356343002?gh_jid=8356343002,2026-08-12,no,greenhouse
greenhouse:spacex:8662103002,SpaceX,BAW Filter Design Engineer (Starlink/Akoustis),https://boards.greenhouse.io/spacex/jobs/8662103002?gh_jid=8662103002,2026-08-12,no,greenhouse
greenhouse:spacex:8468662002,SpaceX,Benefits Analyst (Leave Administration),https://boards.greenhouse.io/spacex/jobs/8468662002?gh_jid=8468662002,2026-08-12,no,greenhouse
greenhouse:spacex:8390355002,SpaceX,Benefits Coordinator,https://boards.greenhouse.io/spacex/jobs/8390355002?gh_jid=8390355002,2026-08-12,no,greenhouse
greenhouse:spacex:8563022002,SpaceX,BIM Specialist,https://boards.greenhouse.io/spacex/jobs/8563022002?gh_jid=8563022002,2026-08-12,no,greenhouse
greenhouse:spacex:8673107002,SpaceX,Build Coordinator (Starship),https://boards.greenhouse.io/spacex/jobs/8673107002?gh_jid=8673107002,2026-08-12,no,greenhouse
greenhouse:spacex:8633051002,SpaceX,"Build Engineer, COPVS (Starship)",https://boards.greenhouse.io/spacex/jobs/8633051002?gh_jid=8633051002,2026-08-12,no,greenhouse
greenhouse:spacex:8553649002,SpaceX,Build Engineer (Starship),https://boards.greenhouse.io/spacex/jobs/8553649002?gh_jid=8553649002,2026-08-12,no,greenhouse
greenhouse:spacex:8563891002,SpaceX,Build Engineer (Starship) - Nights,https://boards.greenhouse.io/spacex/jobs/8563891002?gh_jid=8563891002,2026-08-12,no,greenhouse
greenhouse:spacex:8562456002,SpaceX,"Build Engineer, Structures (Starship)",https://boards.greenhouse.io/spacex/jobs/8562456002?gh_jid=8562456002,2026-08-12,no,greenhouse
greenhouse:spacex:8374828002,SpaceX,Build Engineer (Super Heavy Booster),https://boards.greenhouse.io/spacex/jobs/8374828002?gh_jid=8374828002,2026-08-12,no,greenhouse
greenhouse:spacex:8563890002,SpaceX,Build Engineer (Super Heavy Booster),https://boards.greenhouse.io/spacex/jobs/8563890002?gh_jid=8563890002,2026-08-12,no,greenhouse
greenhouse:spacex:8639275002,SpaceX,Build Reliability Engineer (Falcon/Starship Valves & Components),https://boards.greenhouse.io/spacex/jobs/8639275002?gh_jid=8639275002,2026-08-12,no,greenhouse
greenhouse:spacex:8462757002,SpaceX,Build Reliability Engineer (Starship),https://boards.greenhouse.io/spacex/jobs/8462757002?gh_jid=8462757002,2026-08-12,no,greenhouse
greenhouse:spacex:8643473002,SpaceX,"Build Specialist, Automation & Controls (Starship Launch Pad)",https://boards.greenhouse.io/spacex/jobs/8643473002?gh_jid=8643473002,2026-08-12,no,greenhouse
greenhouse:spacex:8350432002,SpaceX,"Build Specialist, Automation & Controls (Starship Launch Pad) ",https://boards.greenhouse.io/spacex/jobs/8350432002?gh_jid=8350432002,2026-08-12,no,greenhouse
greenhouse:spacex:8686807002,SpaceX,"Build Specialist, Barrel Production (Starship) ",https://boards.greenhouse.io/spacex/jobs/8686807002?gh_jid=8686807002,2026-08-12,no,greenhouse
greenhouse:spacex:8553662002,SpaceX,Build Specialist (Starship),https://boards.greenhouse.io/spacex/jobs/8553662002?gh_jid=8553662002,2026-08-12,no,greenhouse
greenhouse:spacex:8563900002,SpaceX,Build Specialist (Super Heavy Booster),https://boards.greenhouse.io/spacex/jobs/8563900002?gh_jid=8563900002,2026-08-12,no,greenhouse
greenhouse:spacex:8545779002,SpaceX,Build Supervisor (Starship),https://boards.greenhouse.io/spacex/jobs/8545779002?gh_jid=8545779002,2026-08-12,no,greenhouse
greenhouse:spacex:8582792002,SpaceX,Build Supervisor (Starship) - 2nd Shift,https://boards.greenhouse.io/spacex/jobs/8582792002?gh_jid=8582792002,2026-08-12,no,greenhouse
greenhouse:spacex:8678710002,SpaceX,Build Supervisor (Starship Booster Structures Manufacturing),https://boards.greenhouse.io/spacex/jobs/8678710002?gh_jid=8678710002,2026-08-12,no,greenhouse
greenhouse:spacex:8582829002,SpaceX,Build Supervisor (Starship Mechanisms),https://boards.greenhouse.io/spacex/jobs/8582829002?gh_jid=8582829002,2026-08-12,no,greenhouse
greenhouse:spacex:8685316002,SpaceX,Build Supervisor (Starship) - Night Shift,https://boards.greenhouse.io/spacex/jobs/8685316002?gh_jid=8685316002,2026-08-12,no,greenhouse
greenhouse:spacex:8641250002,SpaceX,Business Analyst (Customer Success),https://boards.greenhouse.io/spacex/jobs/8641250002?gh_jid=8641250002,2026-08-12,no,greenhouse
greenhouse:spacex:8641231002,SpaceX,Business Analyst (Customer Success),https://boards.greenhouse.io/spacex/jobs/8641231002?gh_jid=8641231002,2026-08-12,no,greenhouse
greenhouse:spacex:8681172002,SpaceX,Business Analyst (Starlink Growth),https://boards.greenhouse.io/spacex/jobs/8681172002?gh_jid=8681172002,2026-08-12,no,greenhouse
greenhouse:spacex:8657082002,SpaceX,Business Analyst (Starlink Market Analysis),https://boards.greenhouse.io/spacex/jobs/8657082002?gh_jid=8657082002,2026-08-12,no,greenhouse
greenhouse:spacex:8675308002,SpaceX,"Business Development Manager, US & Canada (Starlink Product Growth)",https://boards.greenhouse.io/spacex/jobs/8675308002?gh_jid=8675308002,2026-08-12,no,greenhouse
greenhouse:spacex:8675212002,SpaceX,"Business Development Manager, US & Canada (Starlink Product Growth)",https://boards.greenhouse.io/spacex/jobs/8675212002?gh_jid=8675212002,2026-08-12,no,greenhouse
greenhouse:spacex:8511086002,SpaceX,Business Operations Analyst (Starlink),https://boards.greenhouse.io/spacex/jobs/8511086002?gh_jid=8511086002,2026-08-12,no,greenhouse
greenhouse:spacex:8519655002,SpaceX,Business Operations Analyst (Starlink),https://boards.greenhouse.io/spacex/jobs/8519655002?gh_jid=8519655002,2026-08-12,no,greenhouse
greenhouse:spacex:8547926002,SpaceX,Business Operations Analyst (Starlink Aviation),https://boards.greenhouse.io/spacex/jobs/8547926002?gh_jid=8547926002,2026-08-12,no,greenhouse
greenhouse:spacex:8646629002,SpaceX,"Business Operations Analyst, Supply Chain (Starlink Aviation)",https://boards.greenhouse.io/spacex/jobs/8646629002?gh_jid=8646629002,2026-08-12,no,greenhouse
greenhouse:spacex:8636654002,SpaceX,"Business Operations Lead, Commercial Launch",https://boards.greenhouse.io/spacex/jobs/8636654002?gh_jid=8636654002,2026-08-12,no,greenhouse
greenhouse:spacex:8687959002,SpaceX,Business Operations Manager (Starlink),https://boards.greenhouse.io/spacex/jobs/8687959002?gh_jid=8687959002,2026-08-12,no,greenhouse
greenhouse:spacex:8656685002,SpaceX,Business Operations Manager (Starlink Platform Integrity),https://boards.greenhouse.io/spacex/jobs/8656685002?gh_jid=8656685002,2026-08-12,no,greenhouse
greenhouse:spacex:8656711002,SpaceX,Business Operations Manager (Starlink Platform Integrity),https://boards.greenhouse.io/spacex/jobs/8656711002?gh_jid=8656711002,2026-08-12,no,greenhouse
greenhouse:spacex:8656705002,SpaceX,Business Operations Manager (Starlink Platform Integrity),https://boards.greenhouse.io/spacex/jobs/8656705002?gh_jid=8656705002,2026-08-12,no,greenhouse
greenhouse:spacex:8488317002,SpaceX,Campus Infrastructure Project Manager ,https://boards.greenhouse.io/spacex/jobs/8488317002?gh_jid=8488317002,2026-08-12,no,greenhouse
greenhouse:spacex:8377329002,SpaceX,"Casting Specialist, Heat Shield Manufacturing (Starship)",https://boards.greenhouse.io/spacex/jobs/8377329002?gh_jid=8377329002,2026-08-12,no,greenhouse
greenhouse:spacex:8470464002,SpaceX,"Certified Welding Inspector, NDE (Launch)",https://boards.greenhouse.io/spacex/jobs/8470464002?gh_jid=8470464002,2026-08-12,no,greenhouse
greenhouse:spacex:8624452002,SpaceX,Chemical Engineer,https://boards.greenhouse.io/spacex/jobs/8624452002?gh_jid=8624452002,2026-08-12,no,greenhouse
greenhouse:spacex:8562076002,SpaceX,"Chemical Engineer, PCB (Starlink)",https://boards.greenhouse.io/spacex/jobs/8562076002?gh_jid=8562076002,2026-08-12,no,greenhouse
greenhouse:spacex:8671116002,SpaceX,Chemical Lab Analyst (Starlink PCB),https://boards.greenhouse.io/spacex/jobs/8671116002?gh_jid=8671116002,2026-08-12,no,greenhouse
greenhouse:spacex:8682883002,SpaceX,Chemical Process Engineer (Starship Launch Systems),https://boards.greenhouse.io/spacex/jobs/8682883002?gh_jid=8682883002,2026-08-12,no,greenhouse
greenhouse:spacex:8560018002,SpaceX,"Chemical Process Specialist, PCB (Starlink)",https://boards.greenhouse.io/spacex/jobs/8560018002?gh_jid=8560018002,2026-08-12,no,greenhouse
greenhouse:spacex:8653788002,SpaceX,"Chemical Texturing Equipment Engineer, Solar Cells (Starlink)",https://boards.greenhouse.io/spacex/jobs/8653788002?gh_jid=8653788002,2026-08-12,no,greenhouse
greenhouse:spacex:8541119002,SpaceX,Chiller Mechanic (Chilled Water/Data Center) - Level 4/5 ,https://boards.greenhouse.io/spacex/jobs/8541119002?gh_jid=8541119002,2026-08-12,no,greenhouse
greenhouse:spacex:8651304002,SpaceX,Civil Engineer,https://boards.greenhouse.io/spacex/jobs/8651304002?gh_jid=8651304002,2026-08-12,no,greenhouse
greenhouse:spacex:8563034002,SpaceX,"Civil Engineer, Land Development (Starlink)",https://boards.greenhouse.io/spacex/jobs/8563034002?gh_jid=8563034002,2026-08-12,no,greenhouse
greenhouse:spacex:8673971002,SpaceX,"Civil Engineer, Land Development (Starship Infrastructure)",https://boards.greenhouse.io/spacex/jobs/8673971002?gh_jid=8673971002,2026-08-12,no,greenhouse
greenhouse:spacex:8483977002,SpaceX,"Civil Engineer, Land Development (Starship Launch Pad)",https://boards.greenhouse.io/spacex/jobs/8483977002?gh_jid=8483977002,2026-08-12,no,greenhouse
greenhouse:spacex:8609445002,SpaceX,"Civil Engineer, Land Development (Starship Launch Pad)",https://boards.greenhouse.io/spacex/jobs/8609445002?gh_jid=8609445002,2026-08-12,no,greenhouse
greenhouse:spacex:8583754002,SpaceX,"Civil Engineer, Starbase Infrastructure (Starship)",https://boards.greenhouse.io/spacex/jobs/8583754002?gh_jid=8583754002,2026-08-12,no,greenhouse
greenhouse:spacex:8672666002,SpaceX,Civil/Structural Engineer,https://boards.greenhouse.io/spacex/jobs/8672666002?gh_jid=8672666002,2026-08-12,no,greenhouse
greenhouse:spacex:8594579002,SpaceX,Classified Cyber Assurance Analyst,https://boards.greenhouse.io/spacex/jobs/8594579002?gh_jid=8594579002,2026-08-12,no,greenhouse
greenhouse:spacex:8567600002,SpaceX,Cleanroom Technician - Microelectronics (Starlink),https://boards.greenhouse.io/spacex/jobs/8567600002?gh_jid=8567600002,2026-08-12,no,greenhouse
greenhouse:spacex:8570197002,SpaceX,"CMF Designer - Color, Material, and Finish (Starlink)",https://boards.greenhouse.io/spacex/jobs/8570197002?gh_jid=8570197002,2026-08-12,no,greenhouse
greenhouse:spacex:8694895002,SpaceX,CMM Programmer (Starlink) - 2nd Shift,https://boards.greenhouse.io/spacex/jobs/8694895002?gh_jid=8694895002,2026-08-12,no,greenhouse
greenhouse:spacex:8343870002,SpaceX,CMM Programmer (Valves) - 2nd Shift,https://boards.greenhouse.io/spacex/jobs/8343870002?gh_jid=8343870002,2026-08-12,no,greenhouse
greenhouse:spacex:8680028002,SpaceX,CNC Lathe Machinist (Starship),https://boards.greenhouse.io/spacex/jobs/8680028002?gh_jid=8680028002,2026-08-12,no,greenhouse
greenhouse:spacex:8642112002,SpaceX,CNC Machinist (Launch Hardware) - Level 4/5,https://boards.greenhouse.io/spacex/jobs/8642112002?gh_jid=8642112002,2026-08-12,no,greenhouse
greenhouse:spacex:8659436002,SpaceX,"CNC Machinist, Multi-Axis - Level 4/5 (2nd Shift)",https://boards.greenhouse.io/spacex/jobs/8659436002?gh_jid=8659436002,2026-08-12,no,greenhouse
greenhouse:spacex:8675289002,SpaceX,CNC Machinist (Raptor),https://boards.greenhouse.io/spacex/jobs/8675289002?gh_jid=8675289002,2026-08-12,no,greenhouse
greenhouse:spacex:8675313002,SpaceX,CNC Machinist (Raptor) - 2nd Shift,https://boards.greenhouse.io/spacex/jobs/8675313002?gh_jid=8675313002,2026-08-12,no,greenhouse
greenhouse:spacex:8643907002,SpaceX,CNC Machinist (Raptor Combustion Devices & Valves),https://boards.greenhouse.io/spacex/jobs/8643907002?gh_jid=8643907002,2026-08-12,no,greenhouse
greenhouse:spacex:8580473002,SpaceX,CNC Machinist (Starlink) - 2nd Shift,https://boards.greenhouse.io/spacex/jobs/8580473002?gh_jid=8580473002,2026-08-12,no,greenhouse
greenhouse:spacex:8580498002,SpaceX,CNC Machinist (Starlink) - 2nd Shift - Level 4/5,https://boards.greenhouse.io/spacex/jobs/8580498002?gh_jid=8580498002,2026-08-12,no,greenhouse
greenhouse:spacex:8663204002,SpaceX,CNC Machinist (Starship),https://boards.greenhouse.io/spacex/jobs/8663204002?gh_jid=8663204002,2026-08-12,no,greenhouse
greenhouse:spacex:8565816002,SpaceX,CNC Machinist (Starship Components) - Level 4/5,https://boards.greenhouse.io/spacex/jobs/8565816002?gh_jid=8565816002,2026-08-12,no,greenhouse
greenhouse:spacex:8621901002,SpaceX,"CNC Machinist, Tool & Die (Starlink)",https://boards.greenhouse.io/spacex/jobs/8621901002?gh_jid=8621901002,2026-08-12,no,greenhouse
greenhouse:spacex:8483510002,SpaceX,"CNC Maintenance Technician, Level 4/5 (Starship) - 2nd Shift",https://boards.greenhouse.io/spacex/jobs/8483510002?gh_jid=8483510002,2026-08-12,no,greenhouse
greenhouse:spacex:8487596002,SpaceX,CNC Programmer - Level 4/5 (2nd Shift),https://boards.greenhouse.io/spacex/jobs/8487596002?gh_jid=8487596002,2026-08-12,no,greenhouse
greenhouse:spacex:8509075002,SpaceX,CNC Programmer (Starship Components) - Level 4/5   ,https://boards.greenhouse.io/spacex/jobs/8509075002?gh_jid=8509075002,2026-08-12,no,greenhouse
greenhouse:spacex:8581415002,SpaceX,CNC Programmer (Starship Components) - Level 4/5 (2nd Shift),https://boards.greenhouse.io/spacex/jobs/8581415002?gh_jid=8581415002,2026-08-12,no,greenhouse
greenhouse:spacex:8544478002,SpaceX,"Commercial Counsel, Starlink",https://boards.greenhouse.io/spacex/jobs/8544478002?gh_jid=8544478002,2026-08-12,no,greenhouse
greenhouse:spacex:8612522002,SpaceX,Commercial Plumber - 2nd Shift (Service & Repair),https://boards.greenhouse.io/spacex/jobs/8612522002?gh_jid=8612522002,2026-08-12,no,greenhouse
greenhouse:spacex:8544090002,SpaceX,Commercial Sales Manager (Starlink Mobile),https://boards.greenhouse.io/spacex/jobs/8544090002?gh_jid=8544090002,2026-08-12,no,greenhouse
greenhouse:spacex:8544517002,SpaceX,Commercial Sales Manager (Starlink Mobile),https://boards.greenhouse.io/spacex/jobs/8544517002?gh_jid=8544517002,2026-08-12,no,greenhouse
greenhouse:spacex:8544512002,SpaceX,Commercial Sales Manager (Starlink Mobile),https://boards.greenhouse.io/spacex/jobs/8544512002?gh_jid=8544512002,2026-08-12,no,greenhouse
greenhouse:spacex:8597953002,SpaceX,Commissioning Engineer (Starlink),https://boards.greenhouse.io/spacex/jobs/8597953002?gh_jid=8597953002,2026-08-12,no,greenhouse
greenhouse:spacex:8503043002,SpaceX,Communications Lead,https://boards.greenhouse.io/spacex/jobs/8503043002?gh_jid=8503043002,2026-08-12,no,greenhouse
greenhouse:spacex:8622739002,SpaceX,Communications Security Account Manager ,https://boards.greenhouse.io/spacex/jobs/8622739002?gh_jid=8622739002,2026-08-12,no,greenhouse
greenhouse:spacex:8605112002,SpaceX,Compressed Air Technician (Facilities),https://boards.greenhouse.io/spacex/jobs/8605112002?gh_jid=8605112002,2026-08-12,no,greenhouse
greenhouse:spacex:8622731002,SpaceX,COMSEC Account Manager ,https://boards.greenhouse.io/spacex/jobs/8622731002?gh_jid=8622731002,2026-08-12,no,greenhouse
greenhouse:spacex:8594523002,SpaceX,COMSEC Analyst ,https://boards.greenhouse.io/spacex/jobs/8594523002?gh_jid=8594523002,2026-08-12,no,greenhouse
greenhouse:spacex:8622749002,SpaceX,COMSEC Responsible Officer,https://boards.greenhouse.io/spacex/jobs/8622749002?gh_jid=8622749002,2026-08-12,no,greenhouse
greenhouse:spacex:8573360002,SpaceX,Construction Project Engineer (Global Office),https://boards.greenhouse.io/spacex/jobs/8573360002?gh_jid=8573360002,2026-08-12,no,greenhouse
greenhouse:spacex:8609102002,SpaceX,Construction Project Engineer (Starship),https://boards.greenhouse.io/spacex/jobs/8609102002?gh_jid=8609102002,2026-08-12,no,greenhouse
greenhouse:spacex:8492974002,SpaceX,Construction Project Manager,https://boards.greenhouse.io/spacex/jobs/8492974002?gh_jid=8492974002,2026-08-12,no,greenhouse
greenhouse:spacex:8612800002,SpaceX,"Construction Project Manager, Critical Lift (Starship)",https://boards.greenhouse.io/spacex/jobs/8612800002?gh_jid=8612800002,2026-08-12,no,greenhouse
greenhouse:spacex:8623616002,SpaceX,Construction Project Manager (Facilities Infrastructure),https://boards.greenhouse.io/spacex/jobs/8623616002?gh_jid=8623616002,2026-08-12,no,greenhouse
greenhouse:spacex:8492506002,SpaceX,"Construction Project Manager, MEP",https://boards.greenhouse.io/spacex/jobs/8492506002?gh_jid=8492506002,2026-08-12,no,greenhouse
greenhouse:spacex:8407955002,SpaceX,Construction Project Manager - Project Controls,https://boards.greenhouse.io/spacex/jobs/8407955002?gh_jid=8407955002,2026-08-12,no,greenhouse
greenhouse:spacex:8488374002,SpaceX,"Construction Project Manager, Residential (Starbase Development)",https://boards.greenhouse.io/spacex/jobs/8488374002?gh_jid=8488374002,2026-08-12,no,greenhouse
greenhouse:spacex:8379486002,SpaceX,"Construction Project Manager, Starbase Development (Starship)",https://boards.greenhouse.io/spacex/jobs/8379486002?gh_jid=8379486002,2026-08-12,no,greenhouse
greenhouse:spacex:8565650002,SpaceX,Construction Project Manager (Starlink),https://boards.greenhouse.io/spacex/jobs/8565650002?gh_jid=8565650002,2026-08-12,no,greenhouse
greenhouse:spacex:8654508002,SpaceX,Construction Project Manager (Starlink),https://boards.greenhouse.io/spacex/jobs/8654508002?gh_jid=8654508002,2026-08-12,no,greenhouse
greenhouse:spacex:8565644002,SpaceX,Construction Project Manager (Starlink),https://boards.greenhouse.io/spacex/jobs/8565644002?gh_jid=8565644002,2026-08-12,no,greenhouse
greenhouse:spacex:8461302002,SpaceX,Construction Project Manager (Starship Launch Infrastructure) ,https://boards.greenhouse.io/spacex/jobs/8461302002?gh_jid=8461302002,2026-08-12,no,greenhouse
greenhouse:spacex:8521444002,SpaceX,Construction Project Manager (Starship Launch Pad),https://boards.greenhouse.io/spacex/jobs/8521444002?gh_jid=8521444002,2026-08-12,no,greenhouse
greenhouse:spacex:8685087002,SpaceX,Construction Project Manager (Starship Launch Pads),https://boards.greenhouse.io/spacex/jobs/8685087002?gh_jid=8685087002,2026-08-12,no,greenhouse
greenhouse:spacex:8651400002,SpaceX,Construction Superintendent,https://boards.greenhouse.io/spacex/jobs/8651400002?gh_jid=8651400002,2026-08-12,no,greenhouse
greenhouse:spacex:8563038002,SpaceX,Construction Superintendent,https://boards.greenhouse.io/spacex/jobs/8563038002?gh_jid=8563038002,2026-08-12,no,greenhouse
greenhouse:spacex:8505377002,SpaceX,Construction Superintendent,https://boards.greenhouse.io/spacex/jobs/8505377002?gh_jid=8505377002,2026-08-12,no,greenhouse
greenhouse:spacex:8645314002,SpaceX,Construction Superintendent - Fabrication (Starbase),https://boards.greenhouse.io/spacex/jobs/8645314002?gh_jid=8645314002,2026-08-12,no,greenhouse
greenhouse:spacex:8563043002,SpaceX,Construction Superintendent (Night Shift),https://boards.greenhouse.io/spacex/jobs/8563043002?gh_jid=8563043002,2026-08-12,no,greenhouse
greenhouse:spacex:8488362002,SpaceX,"Construction Superintendent, Residential (Starbase Development)",https://boards.greenhouse.io/spacex/jobs/8488362002?gh_jid=8488362002,2026-08-12,no,greenhouse
greenhouse:spacex:8609140002,SpaceX,Construction Superintendent (Starship),https://boards.greenhouse.io/spacex/jobs/8609140002?gh_jid=8609140002,2026-08-12,no,greenhouse
greenhouse:spacex:8609426002,SpaceX,Construction Superintendent (Starship) ,https://boards.greenhouse.io/spacex/jobs/8609426002?gh_jid=8609426002,2026-08-12,no,greenhouse
greenhouse:spacex:8389476002,SpaceX,Construction Superintendent (Starship) - Night Shift,https://boards.greenhouse.io/spacex/jobs/8389476002?gh_jid=8389476002,2026-08-12,no,greenhouse
greenhouse:spacex:8693196002,SpaceX,Construction Superintendent (Starship Pad Build),https://boards.greenhouse.io/spacex/jobs/8693196002?gh_jid=8693196002,2026-08-12,no,greenhouse
greenhouse:spacex:8645226002,SpaceX,Construction Superintendent - Welding (Starbase) ,https://boards.greenhouse.io/spacex/jobs/8645226002?gh_jid=8645226002,2026-08-12,no,greenhouse
greenhouse:spacex:8536110002,SpaceX,Construction Technician,https://boards.greenhouse.io/spacex/jobs/8536110002?gh_jid=8536110002,2026-08-12,no,greenhouse
greenhouse:spacex:8648204002,SpaceX,Contractor Service Administrator (Facilities) ,https://boards.greenhouse.io/spacex/jobs/8648204002?gh_jid=8648204002,2026-08-12,no,greenhouse
greenhouse:spacex:8593259002,SpaceX,Controls Technician (Starship Launch Pad),https://boards.greenhouse.io/spacex/jobs/8593259002?gh_jid=8593259002,2026-08-12,no,greenhouse
greenhouse:spacex:8488303002,SpaceX,Controls Technician (Starship) - Level 4/5,https://boards.greenhouse.io/spacex/jobs/8488303002?gh_jid=8488303002,2026-08-12,no,greenhouse
greenhouse:spacex:8653891002,SpaceX,Controls Technician (Starship) - Night Shift - Level 4/5 ,https://boards.greenhouse.io/spacex/jobs/8653891002?gh_jid=8653891002,2026-08-12,no,greenhouse
greenhouse:spacex:8535185002,SpaceX,Cook ,https://boards.greenhouse.io/spacex/jobs/8535185002?gh_jid=8535185002,2026-08-12,no,greenhouse
greenhouse:spacex:8543611002,SpaceX,Cook - 2nd Shift (Temporary),https://boards.greenhouse.io/spacex/jobs/8543611002?gh_jid=8543611002,2026-08-12,no,greenhouse
greenhouse:spacex:8595116002,SpaceX,Cook - Temporary,https://boards.greenhouse.io/spacex/jobs/8595116002?gh_jid=8595116002,2026-08-12,no,greenhouse
greenhouse:spacex:8652786002,SpaceX,Cook - Temporary,https://boards.greenhouse.io/spacex/jobs/8652786002?gh_jid=8652786002,2026-08-12,no,greenhouse
greenhouse:spacex:8534579002,SpaceX,Cook - Temporary ,https://boards.greenhouse.io/spacex/jobs/8534579002?gh_jid=8534579002,2026-08-12,no,greenhouse
greenhouse:spacex:8660710002,SpaceX,"Corporate Counsel, Strategic Investments",https://boards.greenhouse.io/spacex/jobs/8660710002?gh_jid=8660710002,2026-08-12,no,greenhouse
greenhouse:spacex:8645899002,SpaceX,"Counsel, Global Trade Compliance",https://boards.greenhouse.io/spacex/jobs/8645899002?gh_jid=8645899002,2026-08-12,no,greenhouse
greenhouse:spacex:8645888002,SpaceX,"Counsel, Global Trade Compliance",https://boards.greenhouse.io/spacex/jobs/8645888002?gh_jid=8645888002,2026-08-12,no,greenhouse
greenhouse:spacex:8449948002,SpaceX,Crane Operator,https://boards.greenhouse.io/spacex/jobs/8449948002?gh_jid=8449948002,2026-08-12,no,greenhouse
greenhouse:spacex:8628980002,SpaceX,Crane Operator - 2nd Shift,https://boards.greenhouse.io/spacex/jobs/8628980002?gh_jid=8628980002,2026-08-12,no,greenhouse
greenhouse:spacex:8553652002,SpaceX,Critical Lift Technician (Starship),https://boards.greenhouse.io/spacex/jobs/8553652002?gh_jid=8553652002,2026-08-12,no,greenhouse
greenhouse:spacex:8456320002,SpaceX,Critical Lift & Transport Engineer (Falcon),https://boards.greenhouse.io/spacex/jobs/8456320002?gh_jid=8456320002,2026-08-12,no,greenhouse
greenhouse:spacex:8413684002,SpaceX,Critical Lift & Transport Engineer (Starship),https://boards.greenhouse.io/spacex/jobs/8413684002?gh_jid=8413684002,2026-08-12,no,greenhouse
greenhouse:spacex:8474742002,SpaceX,Critical Lift & Transport Technician (Crane Operations) - Night Shift,https://boards.greenhouse.io/spacex/jobs/8474742002?gh_jid=8474742002,2026-08-12,no,greenhouse
greenhouse:spacex:8633422002,SpaceX,Critical Lift & Transport Technician (Falcon 9) ,https://boards.greenhouse.io/spacex/jobs/8633422002?gh_jid=8633422002,2026-08-12,no,greenhouse
greenhouse:spacex:8548093002,SpaceX,"Customer Support Associate, Bilingual - Ukrainian (Starlink)",https://boards.greenhouse.io/spacex/jobs/8548093002?gh_jid=8548093002,2026-08-12,no,greenhouse
greenhouse:spacex:8548098002,SpaceX,"Customer Support Associate, Bilingual - Ukrainian (Starlink)",https://boards.greenhouse.io/spacex/jobs/8548098002?gh_jid=8548098002,2026-08-12,no,greenhouse
greenhouse:spacex:8540988002,SpaceX,"Customer Support Associate, Bilingual - Vietnamese (Starlink)",https://boards.greenhouse.io/spacex/jobs/8540988002?gh_jid=8540988002,2026-08-12,no,greenhouse
greenhouse:spacex:8540938002,SpaceX,"Customer Support Associate, Bilingual - Vietnamese (Starlink)",https://boards.greenhouse.io/spacex/jobs/8540938002?gh_jid=8540938002,2026-08-12,no,greenhouse
greenhouse:spacex:8698627002,SpaceX,Dangerous Goods Lead,https://boards.greenhouse.io/spacex/jobs/8698627002?gh_jid=8698627002,2026-08-12,no,greenhouse
greenhouse:spacex:8698643002,SpaceX,Dangerous Goods Lead,https://boards.greenhouse.io/spacex/jobs/8698643002?gh_jid=8698643002,2026-08-12,no,greenhouse
greenhouse:spacex:8698644002,SpaceX,Dangerous Goods Lead,https://boards.greenhouse.io/spacex/jobs/8698644002?gh_jid=8698644002,2026-08-12,no,greenhouse
greenhouse:spacex:8698642002,SpaceX,Dangerous Goods Lead,https://boards.greenhouse.io/spacex/jobs/8698642002?gh_jid=8698642002,2026-08-12,no,greenhouse
greenhouse:spacex:8544410002,SpaceX,Data Center Administrator,https://boards.greenhouse.io/spacex/jobs/8544410002?gh_jid=8544410002,2026-08-12,no,greenhouse
greenhouse:spacex:8660139002,SpaceX,Data Center Safety Engineer,https://boards.greenhouse.io/spacex/jobs/8660139002?gh_jid=8660139002,2026-08-12,no,greenhouse
greenhouse:spacex:8552660002,SpaceX,Data & Control Systems Engineer,https://boards.greenhouse.io/spacex/jobs/8552660002?gh_jid=8552660002,2026-08-12,no,greenhouse
greenhouse:spacex:8543809002,SpaceX,Data & Control Systems Technician (Starship Launch Hardware),https://boards.greenhouse.io/spacex/jobs/8543809002?gh_jid=8543809002,2026-08-12,no,greenhouse
greenhouse:spacex:8633150002,SpaceX,Data & Control Systems Technician (Starship Launch Hardware) - Level 4/5,https://boards.greenhouse.io/spacex/jobs/8633150002?gh_jid=8633150002,2026-08-12,no,greenhouse
greenhouse:spacex:8626500002,SpaceX,Data Engineer (Starlink),https://boards.greenhouse.io/spacex/jobs/8626500002?gh_jid=8626500002,2026-08-12,no,greenhouse
greenhouse:spacex:8626535002,SpaceX,Data Engineer (Starlink),https://boards.greenhouse.io/spacex/jobs/8626535002?gh_jid=8626535002,2026-08-12,no,greenhouse
greenhouse:spacex:8637472002,SpaceX,Data Engineer (Starlink Go-To-Market),https://boards.greenhouse.io/spacex/jobs/8637472002?gh_jid=8637472002,2026-08-12,no,greenhouse
greenhouse:spacex:8573711002,SpaceX,"Data Engineer (Starlink Network Analytics, Wi-Fi) ",https://boards.greenhouse.io/spacex/jobs/8573711002?gh_jid=8573711002,2026-08-12,no,greenhouse
greenhouse:spacex:8569186002,SpaceX,Data Engineer (Starship),https://boards.greenhouse.io/spacex/jobs/8569186002?gh_jid=8569186002,2026-08-12,no,greenhouse
greenhouse:spacex:8510434002,SpaceX,Data Infrastructure Operations Manager II (Starlink) ,https://boards.greenhouse.io/spacex/jobs/8510434002?gh_jid=8510434002,2026-08-12,no,greenhouse
greenhouse:spacex:8510418002,SpaceX,Data Infrastructure Operations Manager (Starlink) ,https://boards.greenhouse.io/spacex/jobs/8510418002?gh_jid=8510418002,2026-08-12,no,greenhouse
greenhouse:spacex:8680153002,SpaceX,"Deburr Technician, Machining (Starship)",https://boards.greenhouse.io/spacex/jobs/8680153002?gh_jid=8680153002,2026-08-12,no,greenhouse
greenhouse:spacex:8627507002,SpaceX,"December 2026 New Graduate Engineer, Mechanical (Starship)",https://boards.greenhouse.io/spacex/jobs/8627507002?gh_jid=8627507002,2026-08-12,no,greenhouse
greenhouse:spacex:8627510002,SpaceX,"December 2026 New Graduate Engineer, Propulsion (Starship)",https://boards.greenhouse.io/spacex/jobs/8627510002?gh_jid=8627510002,2026-08-12,no,greenhouse
greenhouse:spacex:8675197002,SpaceX,Delivery Systems Specialist - Driver,https://boards.greenhouse.io/spacex/jobs/8675197002?gh_jid=8675197002,2026-08-12,no,greenhouse
greenhouse:spacex:8492189002,SpaceX,Design Criteria Engineer (Starshield),https://boards.greenhouse.io/spacex/jobs/8492189002?gh_jid=8492189002,2026-08-12,no,greenhouse
greenhouse:spacex:8499349002,SpaceX,Design Criteria Engineer (Starship),https://boards.greenhouse.io/spacex/jobs/8499349002?gh_jid=8499349002,2026-08-12,no,greenhouse
greenhouse:spacex:8356404002,SpaceX,Design Development Technician (Starlink),https://boards.greenhouse.io/spacex/jobs/8356404002?gh_jid=8356404002,2026-08-12,no,greenhouse
greenhouse:spacex:8682164002,SpaceX,Design Reliability Engineer (Falcon & Dragon),https://boards.greenhouse.io/spacex/jobs/8682164002?gh_jid=8682164002,2026-08-12,no,greenhouse
greenhouse:spacex:8632395002,SpaceX,Design Verification Engineer (Silicon Engineering),https://boards.greenhouse.io/spacex/jobs/8632395002?gh_jid=8632395002,2026-08-12,no,greenhouse
greenhouse:spacex:8632894002,SpaceX,Design Verification Engineer (Silicon Engineering),https://boards.greenhouse.io/spacex/jobs/8632894002?gh_jid=8632894002,2026-08-12,no,greenhouse
greenhouse:spacex:8632971002,SpaceX,Design Verification Engineer (Silicon Engineering),https://boards.greenhouse.io/spacex/jobs/8632971002?gh_jid=8632971002,2026-08-12,no,greenhouse
greenhouse:spacex:8632967002,SpaceX,Design Verification Engineer (Silicon Engineering),https://boards.greenhouse.io/spacex/jobs/8632967002?gh_jid=8632967002,2026-08-12,no,greenhouse
greenhouse:spacex:8570074002,SpaceX,"Development Process Technician, Injection Molding (Starlink) - Level 4/5",https://boards.greenhouse.io/spacex/jobs/8570074002?gh_jid=8570074002,2026-08-12,no,greenhouse
greenhouse:spacex:8534711002,SpaceX,Development Technician (PCBA) - 2nd Shift (Starlink),https://boards.greenhouse.io/spacex/jobs/8534711002?gh_jid=8534711002,2026-08-12,no,greenhouse
greenhouse:spacex:8647452002,SpaceX,"Development Test Engineer, Battery (Starship Electronics)",https://boards.greenhouse.io/spacex/jobs/8647452002?gh_jid=8647452002,2026-08-12,no,greenhouse
greenhouse:spacex:8532641002,SpaceX,"Development Test Engineer, Satellites (Starlink)",https://boards.greenhouse.io/spacex/jobs/8532641002?gh_jid=8532641002,2026-08-12,no,greenhouse
greenhouse:spacex:8633959002,SpaceX,Development Test Engineer (Starshield),https://boards.greenhouse.io/spacex/jobs/8633959002?gh_jid=8633959002,2026-08-12,no,greenhouse
greenhouse:spacex:8551872002,SpaceX,"Development Test Engineer, Structures (Starship)",https://boards.greenhouse.io/spacex/jobs/8551872002?gh_jid=8551872002,2026-08-12,no,greenhouse
greenhouse:spacex:8378521002,SpaceX,Development Test Technician (Mechanical),https://boards.greenhouse.io/spacex/jobs/8378521002?gh_jid=8378521002,2026-08-12,no,greenhouse
greenhouse:spacex:8428913002,SpaceX,Diamond Turning Machinist (Starlink),https://boards.greenhouse.io/spacex/jobs/8428913002?gh_jid=8428913002,2026-08-12,no,greenhouse
greenhouse:spacex:8452928002,SpaceX,Diamond Turning Machinist (Starlink) - Level 4/5,https://boards.greenhouse.io/spacex/jobs/8452928002?gh_jid=8452928002,2026-08-12,no,greenhouse
greenhouse:spacex:8523980002,SpaceX,Diamond Turning Machinist (Starshield),https://boards.greenhouse.io/spacex/jobs/8523980002?gh_jid=8523980002,2026-08-12,no,greenhouse
greenhouse:spacex:8523995002,SpaceX,Diamond Turning Machinist (Starshield) - Level 4/5,https://boards.greenhouse.io/spacex/jobs/8523995002?gh_jid=8523995002,2026-08-12,no,greenhouse
greenhouse:spacex:8582763002,SpaceX,Diamond Turning Technician (Starlink) - 2nd Shift,https://boards.greenhouse.io/spacex/jobs/8582763002?gh_jid=8582763002,2026-08-12,no,greenhouse
greenhouse:spacex:8633899002,SpaceX,Dimensional Inspector - Supply Chain (Starship),https://boards.greenhouse.io/spacex/jobs/8633899002?gh_jid=8633899002,2026-08-12,no,greenhouse
greenhouse:spacex:8559222002,SpaceX,"Director, Datacenter Operations ",https://boards.greenhouse.io/spacex/jobs/8559222002?gh_jid=8559222002,2026-08-12,no,greenhouse
greenhouse:spacex:8468502002,SpaceX,"Director, Starlink Production (Assembly)",https://boards.greenhouse.io/spacex/jobs/8468502002?gh_jid=8468502002,2026-08-12,no,greenhouse
greenhouse:spacex:8632993002,SpaceX,EDA Engineer (RFIC Engineering),https://boards.greenhouse.io/spacex/jobs/8632993002?gh_jid=8632993002,2026-08-12,no,greenhouse
greenhouse:spacex:8632982002,SpaceX,EDA Engineer (RFIC Engineering),https://boards.greenhouse.io/spacex/jobs/8632982002?gh_jid=8632982002,2026-08-12,no,greenhouse
greenhouse:spacex:8691691002,SpaceX,EDM Machinist (Starlink),https://boards.greenhouse.io/spacex/jobs/8691691002?gh_jid=8691691002,2026-08-12,no,greenhouse
greenhouse:spacex:8579766002,SpaceX,EDM Programmer (Starlink),https://boards.greenhouse.io/spacex/jobs/8579766002?gh_jid=8579766002,2026-08-12,no,greenhouse
greenhouse:spacex:8335226002,SpaceX,EEE Parts Lab Specialist (Starlink Satellite PCB Engineering),https://boards.greenhouse.io/spacex/jobs/8335226002?gh_jid=8335226002,2026-08-12,no,greenhouse
greenhouse:spacex:8629130002,SpaceX,Electrical Design Engineer (Falcon & Dragon Avionics),https://boards.greenhouse.io/spacex/jobs/8629130002?gh_jid=8629130002,2026-08-12,no,greenhouse
greenhouse:spacex:8357124002,SpaceX,"Electrical Design Engineer, Gateways & Customer Hardware (Starlink) ",https://boards.greenhouse.io/spacex/jobs/8357124002?gh_jid=8357124002,2026-08-12,no,greenhouse
greenhouse:spacex:8682184002,SpaceX,"Electrical Design Engineer, Satellites Payload (Starlink) ",https://boards.greenhouse.io/spacex/jobs/8682184002?gh_jid=8682184002,2026-08-12,no,greenhouse
greenhouse:spacex:8563212002,SpaceX,Electrical Design Engineer (Starlink Mobile),https://boards.greenhouse.io/spacex/jobs/8563212002?gh_jid=8563212002,2026-08-12,no,greenhouse
greenhouse:spacex:8676042002,SpaceX,Electrical Design Engineer (Starshield),https://boards.greenhouse.io/spacex/jobs/8676042002?gh_jid=8676042002,2026-08-12,no,greenhouse
greenhouse:spacex:8647939002,SpaceX,Electrical Engineer - Energy & Generation,https://boards.greenhouse.io/spacex/jobs/8647939002?gh_jid=8647939002,2026-08-12,no,greenhouse
greenhouse:spacex:8686707002,SpaceX,Electrical Engineer (Facilities),https://boards.greenhouse.io/spacex/jobs/8686707002?gh_jid=8686707002,2026-08-12,no,greenhouse
greenhouse:spacex:8583707002,SpaceX,"Electrical Engineer, Facilities Infrastructure",https://boards.greenhouse.io/spacex/jobs/8583707002?gh_jid=8583707002,2026-08-12,no,greenhouse
greenhouse:spacex:8649939002,SpaceX,"Electrical Engineer, Facilities (Starlink)",https://boards.greenhouse.io/spacex/jobs/8649939002?gh_jid=8649939002,2026-08-12,no,greenhouse
greenhouse:spacex:8546238002,SpaceX,"Electrical Engineer, Facilities (Starlink) ",https://boards.greenhouse.io/spacex/jobs/8546238002?gh_jid=8546238002,2026-08-12,no,greenhouse
greenhouse:spacex:8581449002,SpaceX,"Electrical Engineer, Hardware Reliability (Starlink)",https://boards.greenhouse.io/spacex/jobs/8581449002?gh_jid=8581449002,2026-08-12,no,greenhouse
greenhouse:spacex:8621275002,SpaceX,Electrical Engineer - Instrumentation and Controls,https://boards.greenhouse.io/spacex/jobs/8621275002?gh_jid=8621275002,2026-08-12,no,greenhouse
greenhouse:spacex:8564730002,SpaceX,"Electrical Engineer, Launch Pad (Starship)",https://boards.greenhouse.io/spacex/jobs/8564730002?gh_jid=8564730002,2026-08-12,no,greenhouse
greenhouse:spacex:8509293002,SpaceX,"Electrical Engineer, PCB (Starlink)",https://boards.greenhouse.io/spacex/jobs/8509293002?gh_jid=8509293002,2026-08-12,no,greenhouse
greenhouse:spacex:8609188002,SpaceX,Electrical Engineer (Power Systems),https://boards.greenhouse.io/spacex/jobs/8609188002?gh_jid=8609188002,2026-08-12,no,greenhouse
greenhouse:spacex:8436568002,SpaceX,"Electrical Engineer, Power Systems (Starlink)",https://boards.greenhouse.io/spacex/jobs/8436568002?gh_jid=8436568002,2026-08-12,no,greenhouse
greenhouse:spacex:8500856002,SpaceX,"Electrical Engineer, Propellant Generation (Starship)",https://boards.greenhouse.io/spacex/jobs/8500856002?gh_jid=8500856002,2026-08-12,no,greenhouse
greenhouse:spacex:8403132002,SpaceX,"Electrical Engineer, Sensors (Starship Avionics) ",https://boards.greenhouse.io/spacex/jobs/8403132002?gh_jid=8403132002,2026-08-12,no,greenhouse
greenhouse:spacex:8559232002,SpaceX,Electrical Engineer (Starship Avionics),https://boards.greenhouse.io/spacex/jobs/8559232002?gh_jid=8559232002,2026-08-12,no,greenhouse
greenhouse:spacex:8593382002,SpaceX,Electrical Engineer (Starship Avionics),https://boards.greenhouse.io/spacex/jobs/8593382002?gh_jid=8593382002,2026-08-12,no,greenhouse
greenhouse:spacex:8560590002,SpaceX,Electrical Foreman,https://boards.greenhouse.io/spacex/jobs/8560590002?gh_jid=8560590002,2026-08-12,no,greenhouse
greenhouse:spacex:8639247002,SpaceX,"Electrical Hardware Engineer, AI Satellites (Starmind)",https://boards.greenhouse.io/spacex/jobs/8639247002?gh_jid=8639247002,2026-08-12,no,greenhouse
greenhouse:spacex:8631618002,SpaceX,"Electrical Hardware Engineer, Satellites (Starlink) ",https://boards.greenhouse.io/spacex/jobs/8631618002?gh_jid=8631618002,2026-08-12,no,greenhouse
greenhouse:spacex:8569030002,SpaceX,Electrical Maintenance Supervisor,https://boards.greenhouse.io/spacex/jobs/8569030002?gh_jid=8569030002,2026-08-12,no,greenhouse
greenhouse:spacex:8526673002,SpaceX,"Electrical On-orbit Hardware Reliability Engineer, Satellites (Starlink) ",https://boards.greenhouse.io/spacex/jobs/8526673002?gh_jid=8526673002,2026-08-12,no,greenhouse
greenhouse:spacex:8579716002,SpaceX,Electrical Superintendent,https://boards.greenhouse.io/spacex/jobs/8579716002?gh_jid=8579716002,2026-08-12,no,greenhouse
greenhouse:spacex:8445519002,SpaceX,"Electrical Test and Reliability Engineer, Gateways (Starlink)",https://boards.greenhouse.io/spacex/jobs/8445519002?gh_jid=8445519002,2026-08-12,no,greenhouse
greenhouse:spacex:8659087002,SpaceX,"Electrical Test and Reliability Engineer, Satellites (Starlink)",https://boards.greenhouse.io/spacex/jobs/8659087002?gh_jid=8659087002,2026-08-12,no,greenhouse
greenhouse:spacex:8532471002,SpaceX,"Electrical Test Engineer, PCB (Starlink)",https://boards.greenhouse.io/spacex/jobs/8532471002?gh_jid=8532471002,2026-08-12,no,greenhouse
greenhouse:spacex:8643997002,SpaceX,Electrical Test Engineer (Starshield),https://boards.greenhouse.io/spacex/jobs/8643997002?gh_jid=8643997002,2026-08-12,no,greenhouse
greenhouse:spacex:8495213002,SpaceX,"Electrical Test Specialist, PCB (Starlink)",https://boards.greenhouse.io/spacex/jobs/8495213002?gh_jid=8495213002,2026-08-12,no,greenhouse
greenhouse:spacex:8658859002,SpaceX,"Electric Engineer, Energy Infrastructure & Generation",https://boards.greenhouse.io/spacex/jobs/8658859002?gh_jid=8658859002,2026-08-12,no,greenhouse
greenhouse:spacex:8672648002,SpaceX,Electrician,https://boards.greenhouse.io/spacex/jobs/8672648002?gh_jid=8672648002,2026-08-12,no,greenhouse
greenhouse:spacex:8400817002,SpaceX,"Electrician, Medium Voltage (Starship)",https://boards.greenhouse.io/spacex/jobs/8400817002?gh_jid=8400817002,2026-08-12,no,greenhouse
greenhouse:spacex:8530679002,SpaceX,"Electrician, Solar Cells (Starlink) - Day Shift",https://boards.greenhouse.io/spacex/jobs/8530679002?gh_jid=8530679002,2026-08-12,no,greenhouse
greenhouse:spacex:8657722002,SpaceX,Electrician (Starlink),https://boards.greenhouse.io/spacex/jobs/8657722002?gh_jid=8657722002,2026-08-12,no,greenhouse
greenhouse:spacex:8216065002,SpaceX,Electrician (Starship),https://boards.greenhouse.io/spacex/jobs/8216065002?gh_jid=8216065002,2026-08-12,no,greenhouse
greenhouse:spacex:8617097002,SpaceX,"Electrician, Starship Launch Pad - Night Shift",https://boards.greenhouse.io/spacex/jobs/8617097002?gh_jid=8617097002,2026-08-12,no,greenhouse
greenhouse:spacex:8460962002,SpaceX,"Electric Propulsion Engineer, Mechanical - (Starlink)",https://boards.greenhouse.io/spacex/jobs/8460962002?gh_jid=8460962002,2026-08-12,no,greenhouse
greenhouse:spacex:8650130002,SpaceX,"Electric Propulsion Engineer, Mechanical (Starshield) ",https://boards.greenhouse.io/spacex/jobs/8650130002?gh_jid=8650130002,2026-08-12,no,greenhouse
greenhouse:spacex:8577643002,SpaceX,Electromagnetic Effects Engineer,https://boards.greenhouse.io/spacex/jobs/8577643002?gh_jid=8577643002,2026-08-12,no,greenhouse
greenhouse:spacex:8586528002,SpaceX, Electromagnetic EffectsTest Engineer,https://boards.greenhouse.io/spacex/jobs/8586528002?gh_jid=8586528002,2026-08-12,no,greenhouse
greenhouse:spacex:8342924002,SpaceX,Electro-Mechanical Build & Test Technician (Starship Avionics),https://boards.greenhouse.io/spacex/jobs/8342924002?gh_jid=8342924002,2026-08-12,no,greenhouse
greenhouse:spacex:8472114002,SpaceX,Electromechanical Technician (Night Shift),https://boards.greenhouse.io/spacex/jobs/8472114002?gh_jid=8472114002,2026-08-12,no,greenhouse
greenhouse:spacex:8569955002,SpaceX,Electromechanical Technician (Starshield),https://boards.greenhouse.io/spacex/jobs/8569955002?gh_jid=8569955002,2026-08-12,no,greenhouse
greenhouse:spacex:8569969002,SpaceX,Electromechanical Technician (Starshield) - Level 4/5,https://boards.greenhouse.io/spacex/jobs/8569969002?gh_jid=8569969002,2026-08-12,no,greenhouse
greenhouse:spacex:8569299002,SpaceX,Electron Beam Welder (Raptor Combustion Devices),https://boards.greenhouse.io/spacex/jobs/8569299002?gh_jid=8569299002,2026-08-12,no,greenhouse
greenhouse:spacex:8436445002,SpaceX,Elevator Mechanic - Level 4/5,https://boards.greenhouse.io/spacex/jobs/8436445002?gh_jid=8436445002,2026-08-12,no,greenhouse
greenhouse:spacex:8624836002,SpaceX,Embedded Security Engineer (Starlink),https://boards.greenhouse.io/spacex/jobs/8624836002?gh_jid=8624836002,2026-08-12,no,greenhouse
greenhouse:spacex:8577410002,SpaceX,Embedded Security Engineer (Starlink),https://boards.greenhouse.io/spacex/jobs/8577410002?gh_jid=8577410002,2026-08-12,no,greenhouse
greenhouse:spacex:8543670002,SpaceX,Embedded Security Engineer (Starlink),https://boards.greenhouse.io/spacex/jobs/8543670002?gh_jid=8543670002,2026-08-12,no,greenhouse
greenhouse:spacex:8578934002,SpaceX,"Embedded Software Engineer, Laser Mesh Routing (Starlink)   ",https://boards.greenhouse.io/spacex/jobs/8578934002?gh_jid=8578934002,2026-08-12,no,greenhouse
greenhouse:spacex:8578936002,SpaceX,"Embedded Software Engineer, Laser Mesh Routing (Starlink)   ",https://boards.greenhouse.io/spacex/jobs/8578936002?gh_jid=8578936002,2026-08-12,no,greenhouse
greenhouse:spacex:8552893002,SpaceX,"Embedded Software Engineer, OS/Platform  (Starlink)",https://boards.greenhouse.io/spacex/jobs/8552893002?gh_jid=8552893002,2026-08-12,no,greenhouse
greenhouse:spacex:8511391002,SpaceX,"Embedded Software Engineer, OS/Platform (Starlink)",https://boards.greenhouse.io/spacex/jobs/8511391002?gh_jid=8511391002,2026-08-12,no,greenhouse
greenhouse:spacex:8530798002,SpaceX,"Embedded Software Engineer, OS/Platform (Starshield)",https://boards.greenhouse.io/spacex/jobs/8530798002?gh_jid=8530798002,2026-08-12,no,greenhouse
greenhouse:spacex:8603628002,SpaceX,"Embedded Software Engineer, Satellite Antenna (Starlink)",https://boards.greenhouse.io/spacex/jobs/8603628002?gh_jid=8603628002,2026-08-12,no,greenhouse
greenhouse:spacex:8368715002,SpaceX,Embedded Software Engineer (Starlink) ,https://boards.greenhouse.io/spacex/jobs/8368715002?gh_jid=8368715002,2026-08-12,no,greenhouse
greenhouse:spacex:8512656002,SpaceX,EMC/EMI Test Technician (Second Shift),https://boards.greenhouse.io/spacex/jobs/8512656002?gh_jid=8512656002,2026-08-12,no,greenhouse
greenhouse:spacex:8604755002,SpaceX,Employee Experience Specialist,https://boards.greenhouse.io/spacex/jobs/8604755002?gh_jid=8604755002,2026-08-12,no,greenhouse
greenhouse:spacex:8473726002,SpaceX,Engineering Technician (Starlink/Akoustis),https://boards.greenhouse.io/spacex/jobs/8473726002?gh_jid=8473726002,2026-08-12,no,greenhouse
greenhouse:spacex:8561581002,SpaceX,Enterprise Account Manager (Aviation),https://boards.greenhouse.io/spacex/jobs/8561581002?gh_jid=8561581002,2026-08-12,no,greenhouse
greenhouse:spacex:8632059002,SpaceX,Entry Level - Laser Production Technician (Starlink)    ,https://boards.greenhouse.io/spacex/jobs/8632059002?gh_jid=8632059002,2026-08-12,no,greenhouse
greenhouse:spacex:8657538002,SpaceX,(Entry Level) Production Technician - PCBA,https://boards.greenhouse.io/spacex/jobs/8657538002?gh_jid=8657538002,2026-08-12,no,greenhouse
greenhouse:spacex:8453769002,SpaceX,Environmental Engineer,https://boards.greenhouse.io/spacex/jobs/8453769002?gh_jid=8453769002,2026-08-12,no,greenhouse
greenhouse:spacex:8548791002,SpaceX,Environmental Engineer,https://boards.greenhouse.io/spacex/jobs/8548791002?gh_jid=8548791002,2026-08-12,no,greenhouse
greenhouse:spacex:8639498002,SpaceX,Environmental Engineer,https://boards.greenhouse.io/spacex/jobs/8639498002?gh_jid=8639498002,2026-08-12,no,greenhouse
greenhouse:spacex:8430442002,SpaceX,Environmental Engineer,https://boards.greenhouse.io/spacex/jobs/8430442002?gh_jid=8430442002,2026-08-12,no,greenhouse
greenhouse:spacex:8615030002,SpaceX,Environmental Engineer,https://boards.greenhouse.io/spacex/jobs/8615030002?gh_jid=8615030002,2026-08-12,no,greenhouse
greenhouse:spacex:8399532002,SpaceX,Environmental Health & Safety Engineer,https://boards.greenhouse.io/spacex/jobs/8399532002?gh_jid=8399532002,2026-08-12,no,greenhouse
greenhouse:spacex:8638851002,SpaceX,Environmental Health & Safety Engineer,https://boards.greenhouse.io/spacex/jobs/8638851002?gh_jid=8638851002,2026-08-12,no,greenhouse
greenhouse:spacex:8548936002,SpaceX,Environmental Health & Safety Engineer,https://boards.greenhouse.io/spacex/jobs/8548936002?gh_jid=8548936002,2026-08-12,no,greenhouse
greenhouse:spacex:8568159002,SpaceX,Environmental Health & Safety Engineer,https://boards.greenhouse.io/spacex/jobs/8568159002?gh_jid=8568159002,2026-08-12,no,greenhouse
greenhouse:spacex:8515808002,SpaceX,Environmental Health & Safety Engineer (Construction Safety),https://boards.greenhouse.io/spacex/jobs/8515808002?gh_jid=8515808002,2026-08-12,no,greenhouse
greenhouse:spacex:8614340002,SpaceX,"Environmental Health & Safety Engineer, Construction (Starlink)",https://boards.greenhouse.io/spacex/jobs/8614340002?gh_jid=8614340002,2026-08-12,no,greenhouse
greenhouse:spacex:8533693002,SpaceX,Environmental Health & Safety Engineer (Falcon/Dragon),https://boards.greenhouse.io/spacex/jobs/8533693002?gh_jid=8533693002,2026-08-12,no,greenhouse
greenhouse:spacex:8503045002,SpaceX,"Environmental Health & Safety Engineer (Radiation, Laser, and Chemical Safety)",https://boards.greenhouse.io/spacex/jobs/8503045002?gh_jid=8503045002,2026-08-12,no,greenhouse
greenhouse:spacex:8402669002,SpaceX,Environmental Health & Safety Engineer (Satellites),https://boards.greenhouse.io/spacex/jobs/8402669002?gh_jid=8402669002,2026-08-12,no,greenhouse
greenhouse:spacex:8570026002,SpaceX,Environmental Health & Safety Engineer (Satellites),https://boards.greenhouse.io/spacex/jobs/8570026002?gh_jid=8570026002,2026-08-12,no,greenhouse
greenhouse:spacex:8533475002,SpaceX,Environmental Health & Safety Professional,https://boards.greenhouse.io/spacex/jobs/8533475002?gh_jid=8533475002,2026-08-12,no,greenhouse
greenhouse:spacex:8652202002,SpaceX,Environmental Health & Safety Specialist,https://boards.greenhouse.io/spacex/jobs/8652202002?gh_jid=8652202002,2026-08-12,no,greenhouse
greenhouse:spacex:8615562002,SpaceX,Environmental Health & Safety Specialist (Construction Safety) ,https://boards.greenhouse.io/spacex/jobs/8615562002?gh_jid=8615562002,2026-08-12,no,greenhouse
greenhouse:spacex:8627375002,SpaceX,Environmental Health & Safety Specialist (Falcon/Dragon),https://boards.greenhouse.io/spacex/jobs/8627375002?gh_jid=8627375002,2026-08-12,no,greenhouse
greenhouse:spacex:8512752002,SpaceX,Environmental Health & Safety Specialist (Raptor/Starship),https://boards.greenhouse.io/spacex/jobs/8512752002?gh_jid=8512752002,2026-08-12,no,greenhouse
greenhouse:spacex:8573853002,SpaceX,Environmental Health & Safety Specialist (Satellites),https://boards.greenhouse.io/spacex/jobs/8573853002?gh_jid=8573853002,2026-08-12,no,greenhouse
greenhouse:spacex:8652223002,SpaceX,Environmental Health & Safety Technician,https://boards.greenhouse.io/spacex/jobs/8652223002?gh_jid=8652223002,2026-08-12,no,greenhouse
greenhouse:spacex:8627488002,SpaceX,Environmental Health & Safety Technician,https://boards.greenhouse.io/spacex/jobs/8627488002?gh_jid=8627488002,2026-08-12,no,greenhouse
greenhouse:spacex:8484560002,SpaceX,Environmental & Materials Compliance Engineer (Starlink),https://boards.greenhouse.io/spacex/jobs/8484560002?gh_jid=8484560002,2026-08-12,no,greenhouse
greenhouse:spacex:8589035002,SpaceX,Environmental Specialist,https://boards.greenhouse.io/spacex/jobs/8589035002?gh_jid=8589035002,2026-08-12,no,greenhouse
greenhouse:spacex:8646660002,SpaceX,Equipment Engineering Manager - Solar Cell Factory (Starlink),https://boards.greenhouse.io/spacex/jobs/8646660002?gh_jid=8646660002,2026-08-12,no,greenhouse
greenhouse:spacex:8568127002,SpaceX,"Equipment Maintenance & Reliability Engineer, PCB (Starlink)",https://boards.greenhouse.io/spacex/jobs/8568127002?gh_jid=8568127002,2026-08-12,no,greenhouse
greenhouse:spacex:8506543002,SpaceX,"Equipment Maintenance Technician, Heatshield (Starship) ",https://boards.greenhouse.io/spacex/jobs/8506543002?gh_jid=8506543002,2026-08-12,no,greenhouse
greenhouse:spacex:8504224002,SpaceX,"Equipment Maintenance Technician, Silicon Assembly (Starlink)",https://boards.greenhouse.io/spacex/jobs/8504224002?gh_jid=8504224002,2026-08-12,no,greenhouse
greenhouse:spacex:8639487002,SpaceX,Equipment Maintenance Technician (Starlink/Akoustis),https://boards.greenhouse.io/spacex/jobs/8639487002?gh_jid=8639487002,2026-08-12,no,greenhouse
greenhouse:spacex:8565657002,SpaceX,Equipment Maintenance Technician (Starship),https://boards.greenhouse.io/spacex/jobs/8565657002?gh_jid=8565657002,2026-08-12,no,greenhouse
greenhouse:spacex:8565654002,SpaceX,Equipment Maintenance Technician (Starship) - Level 4/5,https://boards.greenhouse.io/spacex/jobs/8565654002?gh_jid=8565654002,2026-08-12,no,greenhouse
greenhouse:spacex:8628397002,SpaceX,Equipment Operator (Starlink/Akoustis),https://boards.greenhouse.io/spacex/jobs/8628397002?gh_jid=8628397002,2026-08-12,no,greenhouse
greenhouse:spacex:8568130002,SpaceX,"Equipment Reliability Engineer, PCB Maintenance (Starlink)",https://boards.greenhouse.io/spacex/jobs/8568130002?gh_jid=8568130002,2026-08-12,no,greenhouse
greenhouse:spacex:8546260002,SpaceX,Equipment Reliability Engineer (Starlink),https://boards.greenhouse.io/spacex/jobs/8546260002?gh_jid=8546260002,2026-08-12,no,greenhouse
greenhouse:spacex:8567008002,SpaceX,Equipment Reliability Engineer (Starlink/Akoustis),https://boards.greenhouse.io/spacex/jobs/8567008002?gh_jid=8567008002,2026-08-12,no,greenhouse
greenhouse:spacex:8384965002,SpaceX,Equipment Reliability Engineer (Starship),https://boards.greenhouse.io/spacex/jobs/8384965002?gh_jid=8384965002,2026-08-12,no,greenhouse
greenhouse:spacex:8614436002,SpaceX,Equipment Safety Engineer,https://boards.greenhouse.io/spacex/jobs/8614436002?gh_jid=8614436002,2026-08-12,no,greenhouse
greenhouse:spacex:8534570002,SpaceX,Executive Assistant (Starlink),https://boards.greenhouse.io/spacex/jobs/8534570002?gh_jid=8534570002,2026-08-12,no,greenhouse
greenhouse:spacex:8617198002,SpaceX,Executive IT Support Specialist,https://boards.greenhouse.io/spacex/jobs/8617198002?gh_jid=8617198002,2026-08-12,no,greenhouse
greenhouse:spacex:8603048002,SpaceX,Executive Sous Chef,https://boards.greenhouse.io/spacex/jobs/8603048002?gh_jid=8603048002,2026-08-12,no,greenhouse
greenhouse:spacex:8621720002,SpaceX,Executive Sous Chef,https://boards.greenhouse.io/spacex/jobs/8621720002?gh_jid=8621720002,2026-08-12,no,greenhouse
greenhouse:spacex:8599262002,SpaceX,Fabrication Technician,https://boards.greenhouse.io/spacex/jobs/8599262002?gh_jid=8599262002,2026-08-12,no,greenhouse
greenhouse:spacex:8564822002,SpaceX,Fabrication Technician - 2nd Shift,https://boards.greenhouse.io/spacex/jobs/8564822002?gh_jid=8564822002,2026-08-12,no,greenhouse
greenhouse:spacex:8644982002,SpaceX,Fabrication Technician - 2nd Shift,https://boards.greenhouse.io/spacex/jobs/8644982002?gh_jid=8644982002,2026-08-12,no,greenhouse
greenhouse:spacex:8437614002,SpaceX,Fabrication Technician (Fluid Systems) - Night Shift,https://boards.greenhouse.io/spacex/jobs/8437614002?gh_jid=8437614002,2026-08-12,no,greenhouse
greenhouse:spacex:8597945002,SpaceX,Facilities Controls & Automation Engineer (Starlink),https://boards.greenhouse.io/spacex/jobs/8597945002?gh_jid=8597945002,2026-08-12,no,greenhouse
greenhouse:spacex:8687551002,SpaceX,"Facilities Coordinator, Solar Cells (Starlink)",https://boards.greenhouse.io/spacex/jobs/8687551002?gh_jid=8687551002,2026-08-12,no,greenhouse
greenhouse:spacex:8649975002,SpaceX,"Facilities Engineer, Electrical (Starlink)",https://boards.greenhouse.io/spacex/jobs/8649975002?gh_jid=8649975002,2026-08-12,no,greenhouse
greenhouse:spacex:8540341002,SpaceX,"Facilities Engineer, Mechanical (Starlink) ",https://boards.greenhouse.io/spacex/jobs/8540341002?gh_jid=8540341002,2026-08-12,no,greenhouse
greenhouse:spacex:8580838002,SpaceX,"Facilities Engineer, MEP",https://boards.greenhouse.io/spacex/jobs/8580838002?gh_jid=8580838002,2026-08-12,no,greenhouse
greenhouse:spacex:8524791002,SpaceX,"Facilities Engineer, Solar Cell Factory (Starlink)",https://boards.greenhouse.io/spacex/jobs/8524791002?gh_jid=8524791002,2026-08-12,no,greenhouse
greenhouse:spacex:8381785002,SpaceX,Facilities Infrastructure Engineer,https://boards.greenhouse.io/spacex/jobs/8381785002?gh_jid=8381785002,2026-08-12,no,greenhouse
greenhouse:spacex:8530696002,SpaceX,"Facilities Maintenance Technician, Solar Cells (Starlink) - Day Shift",https://boards.greenhouse.io/spacex/jobs/8530696002?gh_jid=8530696002,2026-08-12,no,greenhouse
greenhouse:spacex:8599299002,SpaceX,Facilities Mechanical HVAC Engineer (Starlink),https://boards.greenhouse.io/spacex/jobs/8599299002?gh_jid=8599299002,2026-08-12,no,greenhouse
greenhouse:spacex:8497591002,SpaceX,Facilities Mechanical Specialist,https://boards.greenhouse.io/spacex/jobs/8497591002?gh_jid=8497591002,2026-08-12,no,greenhouse
greenhouse:spacex:8635006002,SpaceX,Facilities Operations Engineer (Starlink),https://boards.greenhouse.io/spacex/jobs/8635006002?gh_jid=8635006002,2026-08-12,no,greenhouse
greenhouse:spacex:8583832002,SpaceX,Facilities Specialist (Starship),https://boards.greenhouse.io/spacex/jobs/8583832002?gh_jid=8583832002,2026-08-12,no,greenhouse
greenhouse:spacex:8694679002,SpaceX,Facilities Supervisor,https://boards.greenhouse.io/spacex/jobs/8694679002?gh_jid=8694679002,2026-08-12,no,greenhouse
greenhouse:spacex:8546581002,SpaceX,Facilities Supervisor (Starlink),https://boards.greenhouse.io/spacex/jobs/8546581002?gh_jid=8546581002,2026-08-12,no,greenhouse
greenhouse:spacex:8546614002,SpaceX,Facilities Supervisor (Starlink),https://boards.greenhouse.io/spacex/jobs/8546614002?gh_jid=8546614002,2026-08-12,no,greenhouse
greenhouse:spacex:8689246002,SpaceX,Facilities Technician (Starlink) - 2nd shift,https://boards.greenhouse.io/spacex/jobs/8689246002?gh_jid=8689246002,2026-08-12,no,greenhouse
greenhouse:spacex:8574251002,SpaceX,Facilities Technician (Starlink/Akoustis) - Night Shift,https://boards.greenhouse.io/spacex/jobs/8574251002?gh_jid=8574251002,2026-08-12,no,greenhouse
greenhouse:spacex:8612903002,SpaceX,Factory Build Engineer (Starlink Production),https://boards.greenhouse.io/spacex/jobs/8612903002?gh_jid=8612903002,2026-08-12,no,greenhouse
greenhouse:spacex:8612094002,SpaceX,Factory Engineer (Starlink Production),https://boards.greenhouse.io/spacex/jobs/8612094002?gh_jid=8612094002,2026-08-12,no,greenhouse
greenhouse:spacex:8574053002,SpaceX,Factory Software Engineer (Starlink),https://boards.greenhouse.io/spacex/jobs/8574053002?gh_jid=8574053002,2026-08-12,no,greenhouse
greenhouse:spacex:8498761002,SpaceX,"Failure Analysis Engineer, Microelectronics (Starlink)",https://boards.greenhouse.io/spacex/jobs/8498761002?gh_jid=8498761002,2026-08-12,no,greenhouse
greenhouse:spacex:8525109002,SpaceX,Fiber Furnace Technician (Starship) - Multiple Shifts,https://boards.greenhouse.io/spacex/jobs/8525109002?gh_jid=8525109002,2026-08-12,no,greenhouse
greenhouse:spacex:8517609002,SpaceX,Finance Manager,https://boards.greenhouse.io/spacex/jobs/8517609002?gh_jid=8517609002,2026-08-12,no,greenhouse
greenhouse:spacex:8660037002,SpaceX,Financial Analyst,https://boards.greenhouse.io/spacex/jobs/8660037002?gh_jid=8660037002,2026-08-12,no,greenhouse
greenhouse:spacex:8571649002,SpaceX,Financial Systems Analyst   ,https://boards.greenhouse.io/spacex/jobs/8571649002?gh_jid=8571649002,2026-08-12,no,greenhouse
greenhouse:spacex:8686319002,SpaceX,Fire Protection Engineer,https://boards.greenhouse.io/spacex/jobs/8686319002?gh_jid=8686319002,2026-08-12,no,greenhouse
greenhouse:spacex:8393693002,SpaceX,Fire Protection Engineer,https://boards.greenhouse.io/spacex/jobs/8393693002?gh_jid=8393693002,2026-08-12,no,greenhouse
greenhouse:spacex:8552269002,SpaceX,Fire Protection Engineer (Starlink)   ,https://boards.greenhouse.io/spacex/jobs/8552269002?gh_jid=8552269002,2026-08-12,no,greenhouse
greenhouse:spacex:8565741002,SpaceX,Fleet Maintenance Technician (Starship),https://boards.greenhouse.io/spacex/jobs/8565741002?gh_jid=8565741002,2026-08-12,no,greenhouse
greenhouse:spacex:8565743002,SpaceX,Fleet Maintenance Technician (Starship) - Level 4/5,https://boards.greenhouse.io/spacex/jobs/8565743002?gh_jid=8565743002,2026-08-12,no,greenhouse
greenhouse:spacex:8556909002,SpaceX,Flight Software Engineer (Starlink Mobile),https://boards.greenhouse.io/spacex/jobs/8556909002?gh_jid=8556909002,2026-08-12,no,greenhouse
greenhouse:spacex:8692260002,SpaceX,Flight Software Infrastructure Engineer (Starlink),https://boards.greenhouse.io/spacex/jobs/8692260002?gh_jid=8692260002,2026-08-12,no,greenhouse
greenhouse:spacex:8563304002,SpaceX,Fluids Engineer (Starship),https://boards.greenhouse.io/spacex/jobs/8563304002?gh_jid=8563304002,2026-08-12,no,greenhouse
greenhouse:spacex:8335423002,SpaceX,Fluids Systems Technician (Starship),https://boards.greenhouse.io/spacex/jobs/8335423002?gh_jid=8335423002,2026-08-12,no,greenhouse
greenhouse:spacex:8672670002,SpaceX,"Fluid Systems Engineer, Solar Cell Factory (Starlink)",https://boards.greenhouse.io/spacex/jobs/8672670002?gh_jid=8672670002,2026-08-12,no,greenhouse
greenhouse:spacex:8612601002,SpaceX,Food Services Specialist - Multiple Shifts,https://boards.greenhouse.io/spacex/jobs/8612601002?gh_jid=8612601002,2026-08-12,no,greenhouse
greenhouse:spacex:8621410002,SpaceX,Food Services Specialist - Multiple Shifts - Level 4/5,https://boards.greenhouse.io/spacex/jobs/8621410002?gh_jid=8621410002,2026-08-12,no,greenhouse
greenhouse:spacex:8625551002,SpaceX,Food Services Specialist - Stocking ,https://boards.greenhouse.io/spacex/jobs/8625551002?gh_jid=8625551002,2026-08-12,no,greenhouse
greenhouse:spacex:8652862002,SpaceX,Food Services Specialist - Temporary,https://boards.greenhouse.io/spacex/jobs/8652862002?gh_jid=8652862002,2026-08-12,no,greenhouse
greenhouse:spacex:8660215002,SpaceX,Food Services Specialist - Temporary,https://boards.greenhouse.io/spacex/jobs/8660215002?gh_jid=8660215002,2026-08-12,no,greenhouse
greenhouse:spacex:8584666002,SpaceX,Food Services Specialist - Temporary,https://boards.greenhouse.io/spacex/jobs/8584666002?gh_jid=8584666002,2026-08-12,no,greenhouse
greenhouse:spacex:8529777002,SpaceX,Food Services Specialist - Temporary,https://boards.greenhouse.io/spacex/jobs/8529777002?gh_jid=8529777002,2026-08-12,no,greenhouse
greenhouse:spacex:8560022002,SpaceX,FPGA/ASIC Design Engineer (Silicon Engineering),https://boards.greenhouse.io/spacex/jobs/8560022002?gh_jid=8560022002,2026-08-12,no,greenhouse
greenhouse:spacex:8408634002,SpaceX,Fulfillment Buyer (Starship),https://boards.greenhouse.io/spacex/jobs/8408634002?gh_jid=8408634002,2026-08-12,no,greenhouse
greenhouse:spacex:8652425002,SpaceX,Fulfillment Coordinator (Starlink Aviation) - 2nd Shift,https://boards.greenhouse.io/spacex/jobs/8652425002?gh_jid=8652425002,2026-08-12,no,greenhouse
greenhouse:spacex:8675232002,SpaceX,Full Stack Engineer (Application Software),https://boards.greenhouse.io/spacex/jobs/8675232002?gh_jid=8675232002,2026-08-12,no,greenhouse
greenhouse:spacex:8681166002,SpaceX,Full Stack Engineer (Application Software),https://boards.greenhouse.io/spacex/jobs/8681166002?gh_jid=8681166002,2026-08-12,no,greenhouse
greenhouse:spacex:8648213002,SpaceX,Full Stack Software Engineer (Application Software),https://boards.greenhouse.io/spacex/jobs/8648213002?gh_jid=8648213002,2026-08-12,no,greenhouse
greenhouse:spacex:8495180002,SpaceX,Full Stack Software Engineer (Application Software),https://boards.greenhouse.io/spacex/jobs/8495180002?gh_jid=8495180002,2026-08-12,no,greenhouse
greenhouse:spacex:8639573002,SpaceX,Full Stack Software Engineer (Application Software),https://boards.greenhouse.io/spacex/jobs/8639573002?gh_jid=8639573002,2026-08-12,no,greenhouse
greenhouse:spacex:8555791002,SpaceX,Full Stack Software Engineer (Build Reliability) ,https://boards.greenhouse.io/spacex/jobs/8555791002?gh_jid=8555791002,2026-08-12,no,greenhouse
greenhouse:spacex:8421359002,SpaceX,Full Stack Software Engineer (Components),https://boards.greenhouse.io/spacex/jobs/8421359002?gh_jid=8421359002,2026-08-12,no,greenhouse
greenhouse:spacex:8398604002,SpaceX,"Full Stack Software Engineer, Constellation Tools (Starlink)",https://boards.greenhouse.io/spacex/jobs/8398604002?gh_jid=8398604002,2026-08-12,no,greenhouse
greenhouse:spacex:8656465002,SpaceX,"Full Stack Software Engineer, Data (Starlink)",https://boards.greenhouse.io/spacex/jobs/8656465002?gh_jid=8656465002,2026-08-12,no,greenhouse
greenhouse:spacex:8663562002,SpaceX,"Full Stack Software Engineer, Internal Systems ",https://boards.greenhouse.io/spacex/jobs/8663562002?gh_jid=8663562002,2026-08-12,no,greenhouse
greenhouse:spacex:8681167002,SpaceX,"Full Stack Software Engineer, Internal Systems ",https://boards.greenhouse.io/spacex/jobs/8681167002?gh_jid=8681167002,2026-08-12,no,greenhouse
greenhouse:spacex:8686286002,SpaceX,"Full Stack Software Engineer, Internal Systems ",https://boards.greenhouse.io/spacex/jobs/8686286002?gh_jid=8686286002,2026-08-12,no,greenhouse
greenhouse:spacex:8650988002,SpaceX,"Full Stack Software Engineer, Manufacturing",https://boards.greenhouse.io/spacex/jobs/8650988002?gh_jid=8650988002,2026-08-12,no,greenhouse
greenhouse:spacex:8645325002,SpaceX,"Full Stack Software Engineer, Manufacturing Systems ",https://boards.greenhouse.io/spacex/jobs/8645325002?gh_jid=8645325002,2026-08-12,no,greenhouse
greenhouse:spacex:8696897002,SpaceX,"Full Stack Software Engineer, MES (Manufacturing Execution System)",https://boards.greenhouse.io/spacex/jobs/8696897002?gh_jid=8696897002,2026-08-12,no,greenhouse
greenhouse:spacex:8638457002,SpaceX,"Full Stack Software Engineer, Observability (Starlink)",https://boards.greenhouse.io/spacex/jobs/8638457002?gh_jid=8638457002,2026-08-12,no,greenhouse
greenhouse:spacex:8501225002,SpaceX,Full Stack Software Engineer (Starlink),https://boards.greenhouse.io/spacex/jobs/8501225002?gh_jid=8501225002,2026-08-12,no,greenhouse
greenhouse:spacex:8610872002,SpaceX,Full Stack Software Engineer (Starshield),https://boards.greenhouse.io/spacex/jobs/8610872002?gh_jid=8610872002,2026-08-12,no,greenhouse
greenhouse:spacex:8397609002,SpaceX,Full Stack Software Engineer - Top Secret Clearance,https://boards.greenhouse.io/spacex/jobs/8397609002?gh_jid=8397609002,2026-08-12,no,greenhouse
greenhouse:spacex:8530730002,SpaceX,"Gas & Chemical Technician, Solar Cells (Starlink) - Day Shift",https://boards.greenhouse.io/spacex/jobs/8530730002?gh_jid=8530730002,2026-08-12,no,greenhouse
greenhouse:spacex:8594706002,SpaceX,Gateway Fleet Specialist,https://boards.greenhouse.io/spacex/jobs/8594706002?gh_jid=8594706002,2026-08-12,no,greenhouse
greenhouse:spacex:8575795002,SpaceX,Gateway Manufacturing Specialist (Starlink),https://boards.greenhouse.io/spacex/jobs/8575795002?gh_jid=8575795002,2026-08-12,no,greenhouse
greenhouse:spacex:8577167002,SpaceX,Gateway Site Development Engineer (Starlink),https://boards.greenhouse.io/spacex/jobs/8577167002?gh_jid=8577167002,2026-08-12,no,greenhouse
greenhouse:spacex:8520181002,SpaceX,Global Immigration and Compliance Specialist,https://boards.greenhouse.io/spacex/jobs/8520181002?gh_jid=8520181002,2026-08-12,no,greenhouse
greenhouse:spacex:8542315002,SpaceX,Global Immigration and Compliance Specialist,https://boards.greenhouse.io/spacex/jobs/8542315002?gh_jid=8542315002,2026-08-12,no,greenhouse
greenhouse:spacex:8698645002,SpaceX,Global Logistics Lead (Dangerous Goods),https://boards.greenhouse.io/spacex/jobs/8698645002?gh_jid=8698645002,2026-08-12,no,greenhouse
greenhouse:spacex:8698646002,SpaceX,Global Logistics Lead (Dangerous Goods),https://boards.greenhouse.io/spacex/jobs/8698646002?gh_jid=8698646002,2026-08-12,no,greenhouse
greenhouse:spacex:8698648002,SpaceX,Global Logistics Lead (Dangerous Goods),https://boards.greenhouse.io/spacex/jobs/8698648002?gh_jid=8698648002,2026-08-12,no,greenhouse
greenhouse:spacex:8698647002,SpaceX,Global Logistics Lead (Dangerous Goods),https://boards.greenhouse.io/spacex/jobs/8698647002?gh_jid=8698647002,2026-08-12,no,greenhouse
greenhouse:spacex:8558896002,SpaceX,Global Logistics Lead (Starlink),https://boards.greenhouse.io/spacex/jobs/8558896002?gh_jid=8558896002,2026-08-12,no,greenhouse
greenhouse:spacex:8642532002,SpaceX,Global Operations Engineer (Product & Change Management),https://boards.greenhouse.io/spacex/jobs/8642532002?gh_jid=8642532002,2026-08-12,no,greenhouse
greenhouse:spacex:8687316002,SpaceX,Global Operations Engineer (Starlink),https://boards.greenhouse.io/spacex/jobs/8687316002?gh_jid=8687316002,2026-08-12,no,greenhouse
greenhouse:spacex:8680030002,SpaceX,Global Operations Engineer (Starlink),https://boards.greenhouse.io/spacex/jobs/8680030002?gh_jid=8680030002,2026-08-12,no,greenhouse
greenhouse:spacex:8644743002,SpaceX,Global Operations Lead (Tax Technology),https://boards.greenhouse.io/spacex/jobs/8644743002?gh_jid=8644743002,2026-08-12,no,greenhouse
greenhouse:spacex:8695944002,SpaceX,"Global Operations Manager, Latin America (Country Launch)",https://boards.greenhouse.io/spacex/jobs/8695944002?gh_jid=8695944002,2026-08-12,no,greenhouse
greenhouse:spacex:8695933002,SpaceX,"Global Operations Manager, Latin America (Country Launch)",https://boards.greenhouse.io/spacex/jobs/8695933002?gh_jid=8695933002,2026-08-12,no,greenhouse
greenhouse:spacex:8438725002,SpaceX,Global Relocation Program Manager,https://boards.greenhouse.io/spacex/jobs/8438725002?gh_jid=8438725002,2026-08-12,no,greenhouse
greenhouse:spacex:8510348002,SpaceX,Global Sourcing Manager (Starshield),https://boards.greenhouse.io/spacex/jobs/8510348002?gh_jid=8510348002,2026-08-12,no,greenhouse
greenhouse:spacex:8619816002,SpaceX,"Global Supply Manager, Capital Equipment & Construction (Starlink)",https://boards.greenhouse.io/spacex/jobs/8619816002?gh_jid=8619816002,2026-08-12,no,greenhouse
greenhouse:spacex:8682682002,SpaceX,"Global Supply Manager, Capital Equipment & Construction (Starlink)",https://boards.greenhouse.io/spacex/jobs/8682682002?gh_jid=8682682002,2026-08-12,no,greenhouse
greenhouse:spacex:8547833002,SpaceX,"Global Supply Manager, Capital Equipment, Semiconductor (Starlink)",https://boards.greenhouse.io/spacex/jobs/8547833002?gh_jid=8547833002,2026-08-12,no,greenhouse
greenhouse:spacex:8619991002,SpaceX,"Global Supply Manager, Contract Manufacturing (Starlink)",https://boards.greenhouse.io/spacex/jobs/8619991002?gh_jid=8619991002,2026-08-12,no,greenhouse
greenhouse:spacex:8619988002,SpaceX,"Global Supply Manager, Custom Silicon and Semiconductor (Starlink)",https://boards.greenhouse.io/spacex/jobs/8619988002?gh_jid=8619988002,2026-08-12,no,greenhouse
greenhouse:spacex:8687332002,SpaceX,"Global Supply Manager, Custom Silicon and Semiconductor (Starlink)",https://boards.greenhouse.io/spacex/jobs/8687332002?gh_jid=8687332002,2026-08-12,no,greenhouse
greenhouse:spacex:8584591002,SpaceX,"Global Supply Manager, Datacenter Cooling Equipment (Starlink)",https://boards.greenhouse.io/spacex/jobs/8584591002?gh_jid=8584591002,2026-08-12,no,greenhouse
greenhouse:spacex:8584640002,SpaceX,"Global Supply Manager, Datacenter Switches and Optics (Starlink)",https://boards.greenhouse.io/spacex/jobs/8584640002?gh_jid=8584640002,2026-08-12,no,greenhouse
greenhouse:spacex:8555545002,SpaceX,"Global Supply Manager, Datacenter Switches and Optics (Starlink)",https://boards.greenhouse.io/spacex/jobs/8555545002?gh_jid=8555545002,2026-08-12,no,greenhouse
greenhouse:spacex:8550748002,SpaceX,"Global Supply Manager, Fleet, Waste, and Facilities",https://boards.greenhouse.io/spacex/jobs/8550748002?gh_jid=8550748002,2026-08-12,no,greenhouse
greenhouse:spacex:8542207002,SpaceX,"Global Supply Manager, Fleet, Waste, and Facilities",https://boards.greenhouse.io/spacex/jobs/8542207002?gh_jid=8542207002,2026-08-12,no,greenhouse
greenhouse:spacex:8584649002,SpaceX,"Global Supply Manager, GPU/Accelerators (Starlink)",https://boards.greenhouse.io/spacex/jobs/8584649002?gh_jid=8584649002,2026-08-12,no,greenhouse
greenhouse:spacex:8555636002,SpaceX,"Global Supply Manager, GPU/Accelerators (Starlink)",https://boards.greenhouse.io/spacex/jobs/8555636002?gh_jid=8555636002,2026-08-12,no,greenhouse
greenhouse:spacex:8604026002,SpaceX,"Global Supply Manager, Ground Infrastructure (Starlink)",https://boards.greenhouse.io/spacex/jobs/8604026002?gh_jid=8604026002,2026-08-12,no,greenhouse
greenhouse:spacex:8563615002,SpaceX,"Global Supply Manager, Harness (Starlink)",https://boards.greenhouse.io/spacex/jobs/8563615002?gh_jid=8563615002,2026-08-12,no,greenhouse
greenhouse:spacex:8619483002,SpaceX,"Global Supply Manager, Mechanical (Starlink)",https://boards.greenhouse.io/spacex/jobs/8619483002?gh_jid=8619483002,2026-08-12,no,greenhouse
greenhouse:spacex:8555680002,SpaceX,"Global Supply Manager, ODM/CM Management (Starlink)",https://boards.greenhouse.io/spacex/jobs/8555680002?gh_jid=8555680002,2026-08-12,no,greenhouse
greenhouse:spacex:8680130002,SpaceX,Global Supply Manager PCB/PCBA (Starship Electronics),https://boards.greenhouse.io/spacex/jobs/8680130002?gh_jid=8680130002,2026-08-12,no,greenhouse
greenhouse:spacex:8581956002,SpaceX,"Global Supply Manager, Pipeline and Gas (Starlink)",https://boards.greenhouse.io/spacex/jobs/8581956002?gh_jid=8581956002,2026-08-12,no,greenhouse
greenhouse:spacex:8555722002,SpaceX,"Global Supply Manager, Pipeline and Gas (Starlink)",https://boards.greenhouse.io/spacex/jobs/8555722002?gh_jid=8555722002,2026-08-12,no,greenhouse
greenhouse:spacex:8659658002,SpaceX,Global Supply Manager (Raptor),https://boards.greenhouse.io/spacex/jobs/8659658002?gh_jid=8659658002,2026-08-12,no,greenhouse
greenhouse:spacex:8649185002,SpaceX,"Global Supply Manager, Raw Materials (Raptor)",https://boards.greenhouse.io/spacex/jobs/8649185002?gh_jid=8649185002,2026-08-12,no,greenhouse
greenhouse:spacex:8569168002,SpaceX,"Global Supply Manager, Semiconductor Capital Equipment (Starlink)",https://boards.greenhouse.io/spacex/jobs/8569168002?gh_jid=8569168002,2026-08-12,no,greenhouse
greenhouse:spacex:8542118002,SpaceX,"Global Supply Manager, Services",https://boards.greenhouse.io/spacex/jobs/8542118002?gh_jid=8542118002,2026-08-12,no,greenhouse
greenhouse:spacex:8525735002,SpaceX,Global Supply Manager (Starlink Aviation),https://boards.greenhouse.io/spacex/jobs/8525735002?gh_jid=8525735002,2026-08-12,no,greenhouse
greenhouse:spacex:8402990002,SpaceX,Global Supply Manager (Starship),https://boards.greenhouse.io/spacex/jobs/8402990002?gh_jid=8402990002,2026-08-12,no,greenhouse
greenhouse:spacex:8542186002,SpaceX,Global Supply Manager (Starship Electronics),https://boards.greenhouse.io/spacex/jobs/8542186002?gh_jid=8542186002,2026-08-12,no,greenhouse
greenhouse:spacex:8555745002,SpaceX,"Global Supply Manager, Transmission and Substation (Starlink)",https://boards.greenhouse.io/spacex/jobs/8555745002?gh_jid=8555745002,2026-08-12,no,greenhouse
greenhouse:spacex:8638181002,SpaceX,"Global Supply Manager, Utilities & Infrastructure (Starlink)",https://boards.greenhouse.io/spacex/jobs/8638181002?gh_jid=8638181002,2026-08-12,no,greenhouse
greenhouse:spacex:8542413002,SpaceX,"GNC Engineer, ADCS (Starlink) ",https://boards.greenhouse.io/spacex/jobs/8542413002?gh_jid=8542413002,2026-08-12,no,greenhouse
greenhouse:spacex:8397623002,SpaceX,"GNC Engineer, ADCS (Starshield) ",https://boards.greenhouse.io/spacex/jobs/8397623002?gh_jid=8397623002,2026-08-12,no,greenhouse
greenhouse:spacex:8564124002,SpaceX,"GNC Engineer, Beam Planning (Starshield)",https://boards.greenhouse.io/spacex/jobs/8564124002?gh_jid=8564124002,2026-08-12,no,greenhouse
greenhouse:spacex:8395371002,SpaceX,"GNC Engineer, Device Navigation and Beam Pointing (Starlink)",https://boards.greenhouse.io/spacex/jobs/8395371002?gh_jid=8395371002,2026-08-12,no,greenhouse
greenhouse:spacex:8677846002,SpaceX,"GNC Engineer - Embedded Controls, AI Satellites (Starmind)",https://boards.greenhouse.io/spacex/jobs/8677846002?gh_jid=8677846002,2026-08-12,no,greenhouse
greenhouse:spacex:8564126002,SpaceX,"GNC Engineer, Fleet Management (Starshield)",https://boards.greenhouse.io/spacex/jobs/8564126002?gh_jid=8564126002,2026-08-12,no,greenhouse
greenhouse:spacex:8540057002,SpaceX,"GNC Engineer, Orbit Control (Starlink) ",https://boards.greenhouse.io/spacex/jobs/8540057002?gh_jid=8540057002,2026-08-12,no,greenhouse
greenhouse:spacex:8382583002,SpaceX,"GNC Engineer, Orbit Determination/Stargaze (Starlink)",https://boards.greenhouse.io/spacex/jobs/8382583002?gh_jid=8382583002,2026-08-12,no,greenhouse
greenhouse:spacex:8397638002,SpaceX,"GNC Engineer, Phased Array Devices (Starshield)",https://boards.greenhouse.io/spacex/jobs/8397638002?gh_jid=8397638002,2026-08-12,no,greenhouse
greenhouse:spacex:8459660002,SpaceX,"GNC Engineer, Satellite Power Systems (Starlink)",https://boards.greenhouse.io/spacex/jobs/8459660002?gh_jid=8459660002,2026-08-12,no,greenhouse
greenhouse:spacex:8665541002,SpaceX,GNC Engineer (Starfall),https://boards.greenhouse.io/spacex/jobs/8665541002?gh_jid=8665541002,2026-08-12,no,greenhouse
greenhouse:spacex:8394899002,SpaceX,"GNC Engineer, Starlink Controls (Starlink)",https://boards.greenhouse.io/spacex/jobs/8394899002?gh_jid=8394899002,2026-08-12,no,greenhouse
greenhouse:spacex:8561432002,SpaceX,GNC Engineer (Starship),https://boards.greenhouse.io/spacex/jobs/8561432002?gh_jid=8561432002,2026-08-12,no,greenhouse
greenhouse:spacex:8397612002,SpaceX,GNC Engineer - Top Secret Clearance,https://boards.greenhouse.io/spacex/jobs/8397612002?gh_jid=8397612002,2026-08-12,no,greenhouse
greenhouse:spacex:8560746002,SpaceX,GNC Software Engineer - Top Secret Clearance,https://boards.greenhouse.io/spacex/jobs/8560746002?gh_jid=8560746002,2026-08-12,no,greenhouse
greenhouse:spacex:8543457002,SpaceX,Government Affairs Manager,https://boards.greenhouse.io/spacex/jobs/8543457002?gh_jid=8543457002,2026-08-12,no,greenhouse
greenhouse:spacex:8441122002,SpaceX,Government Affairs Manager (Federal),https://boards.greenhouse.io/spacex/jobs/8441122002?gh_jid=8441122002,2026-08-12,no,greenhouse
greenhouse:spacex:8511132002,SpaceX,Government Affairs Manager (National Security) ,https://boards.greenhouse.io/spacex/jobs/8511132002?gh_jid=8511132002,2026-08-12,no,greenhouse
greenhouse:spacex:8544282002,SpaceX,Government Affairs Manager (Tennessee),https://boards.greenhouse.io/spacex/jobs/8544282002?gh_jid=8544282002,2026-08-12,no,greenhouse
greenhouse:spacex:8647718002,SpaceX,Government Program Development Manager (Federal Civil Agencies),https://boards.greenhouse.io/spacex/jobs/8647718002?gh_jid=8647718002,2026-08-12,no,greenhouse
greenhouse:spacex:8647689002,SpaceX,Government Program Development Manager (International),https://boards.greenhouse.io/spacex/jobs/8647689002?gh_jid=8647689002,2026-08-12,no,greenhouse
greenhouse:spacex:8643863002,SpaceX,Government Project Engineer,https://boards.greenhouse.io/spacex/jobs/8643863002?gh_jid=8643863002,2026-08-12,no,greenhouse
greenhouse:spacex:8505407002,SpaceX,Graphic Designer,https://boards.greenhouse.io/spacex/jobs/8505407002?gh_jid=8505407002,2026-08-12,no,greenhouse
greenhouse:spacex:8570230002,SpaceX,Graphic Designer (Starlink),https://boards.greenhouse.io/spacex/jobs/8570230002?gh_jid=8570230002,2026-08-12,no,greenhouse
greenhouse:spacex:8555569002,SpaceX,Ground Network Specialist (Starshield),https://boards.greenhouse.io/spacex/jobs/8555569002?gh_jid=8555569002,2026-08-12,no,greenhouse
greenhouse:spacex:8583974002,SpaceX,Hardware Development Electrical Engineer (Starlink Aviation),https://boards.greenhouse.io/spacex/jobs/8583974002?gh_jid=8583974002,2026-08-12,no,greenhouse
greenhouse:spacex:8440611002,SpaceX,"Hardware Development Engineer, Gateway Failure Analysis (Starlink)",https://boards.greenhouse.io/spacex/jobs/8440611002?gh_jid=8440611002,2026-08-12,no,greenhouse
greenhouse:spacex:8613971002,SpaceX,Hardware Development Engineer- Microelectronics ,https://boards.greenhouse.io/spacex/jobs/8613971002?gh_jid=8613971002,2026-08-12,no,greenhouse
greenhouse:spacex:8558344002,SpaceX,"Hardware Development Engineer, PCBA Manufacturing (Starlink)",https://boards.greenhouse.io/spacex/jobs/8558344002?gh_jid=8558344002,2026-08-12,no,greenhouse
greenhouse:spacex:8534765002,SpaceX,"Hardware Development Engineer, Power (Starlink) ",https://boards.greenhouse.io/spacex/jobs/8534765002?gh_jid=8534765002,2026-08-12,no,greenhouse
greenhouse:spacex:8631636002,SpaceX,"Hardware Engineer - Electrical, Satellites (Starlink)",https://boards.greenhouse.io/spacex/jobs/8631636002?gh_jid=8631636002,2026-08-12,no,greenhouse
greenhouse:spacex:8490691002,SpaceX,"Hardware Engineer, Gateways & Customer Hardware (Starlink) ",https://boards.greenhouse.io/spacex/jobs/8490691002?gh_jid=8490691002,2026-08-12,no,greenhouse
greenhouse:spacex:8426161002,SpaceX,"Hardware Reliability Engineer, Components (Starshield)",https://boards.greenhouse.io/spacex/jobs/8426161002?gh_jid=8426161002,2026-08-12,no,greenhouse
greenhouse:spacex:8625576002,SpaceX,"Hardware Reliability Engineer, Electrical (Starshield)",https://boards.greenhouse.io/spacex/jobs/8625576002?gh_jid=8625576002,2026-08-12,no,greenhouse
greenhouse:spacex:8657631002,SpaceX,"Hardware Reliability Engineer, Mechanical (Starshield)",https://boards.greenhouse.io/spacex/jobs/8657631002?gh_jid=8657631002,2026-08-12,no,greenhouse
greenhouse:spacex:8656524002,SpaceX,Hardware Reliability Engineer (Starlink) ,https://boards.greenhouse.io/spacex/jobs/8656524002?gh_jid=8656524002,2026-08-12,no,greenhouse
greenhouse:spacex:8625574002,SpaceX,Hardware Reliability Engineer (Starshield),https://boards.greenhouse.io/spacex/jobs/8625574002?gh_jid=8625574002,2026-08-12,no,greenhouse
greenhouse:spacex:8683095002,SpaceX,"Hardware Reliability Specialist, Gateway (Starlink)",https://boards.greenhouse.io/spacex/jobs/8683095002?gh_jid=8683095002,2026-08-12,no,greenhouse
greenhouse:spacex:8581417002,SpaceX,Hardware Reliability Specialist (Starlink),https://boards.greenhouse.io/spacex/jobs/8581417002?gh_jid=8581417002,2026-08-12,no,greenhouse
greenhouse:spacex:8546780002,SpaceX,"Hardware Reliability Technician, Root Cause (Starlink)",https://boards.greenhouse.io/spacex/jobs/8546780002?gh_jid=8546780002,2026-08-12,no,greenhouse
greenhouse:spacex:8440972002,SpaceX,"Hardware Test Automation Engineer, Satellites (Starlink)",https://boards.greenhouse.io/spacex/jobs/8440972002?gh_jid=8440972002,2026-08-12,no,greenhouse
greenhouse:spacex:8565090002,SpaceX,Hardware Test Engineer (Starlink),https://boards.greenhouse.io/spacex/jobs/8565090002?gh_jid=8565090002,2026-08-12,no,greenhouse
greenhouse:spacex:8497592002,SpaceX,Hardware Test Engineer (Starlink),https://boards.greenhouse.io/spacex/jobs/8497592002?gh_jid=8497592002,2026-08-12,no,greenhouse
greenhouse:spacex:8612778002,SpaceX,"Harness Design Engineer, Satellites (Starlink)",https://boards.greenhouse.io/spacex/jobs/8612778002?gh_jid=8612778002,2026-08-12,no,greenhouse
greenhouse:spacex:8635886002,SpaceX,Harness Design Engineer (Starshield) ,https://boards.greenhouse.io/spacex/jobs/8635886002?gh_jid=8635886002,2026-08-12,no,greenhouse
greenhouse:spacex:8635913002,SpaceX,Harness Engineering Specialist (Starshield),https://boards.greenhouse.io/spacex/jobs/8635913002?gh_jid=8635913002,2026-08-12,no,greenhouse
greenhouse:spacex:8642065002,SpaceX,High-Speed Electro-Optical IC Engineer (RFIC Engineering),https://boards.greenhouse.io/spacex/jobs/8642065002?gh_jid=8642065002,2026-08-12,no,greenhouse
greenhouse:spacex:8553703002,SpaceX,Hospitality Specialist (Starbase),https://boards.greenhouse.io/spacex/jobs/8553703002?gh_jid=8553703002,2026-08-12,no,greenhouse
greenhouse:spacex:8558191002,SpaceX,Hospitality Supervisor,https://boards.greenhouse.io/spacex/jobs/8558191002?gh_jid=8558191002,2026-08-12,no,greenhouse
greenhouse:spacex:8581427002,SpaceX,HR Business Partner (Employee Relations),https://boards.greenhouse.io/spacex/jobs/8581427002?gh_jid=8581427002,2026-08-12,no,greenhouse
greenhouse:spacex:8628759002,SpaceX,HR Business Partner (Employee Relations),https://boards.greenhouse.io/spacex/jobs/8628759002?gh_jid=8628759002,2026-08-12,no,greenhouse
greenhouse:spacex:8505413002,SpaceX,HR Generalist,https://boards.greenhouse.io/spacex/jobs/8505413002?gh_jid=8505413002,2026-08-12,no,greenhouse
greenhouse:spacex:8657726002,SpaceX,Human Resources Coordinator (Employee Relations),https://boards.greenhouse.io/spacex/jobs/8657726002?gh_jid=8657726002,2026-08-12,no,greenhouse
greenhouse:spacex:8560125002,SpaceX,HVAC Design Engineer (Facilities),https://boards.greenhouse.io/spacex/jobs/8560125002?gh_jid=8560125002,2026-08-12,no,greenhouse
greenhouse:spacex:8647921002,SpaceX,HVAC Programmer,https://boards.greenhouse.io/spacex/jobs/8647921002?gh_jid=8647921002,2026-08-12,no,greenhouse
greenhouse:spacex:8497590002,SpaceX,HVAC Programmer,https://boards.greenhouse.io/spacex/jobs/8497590002?gh_jid=8497590002,2026-08-12,no,greenhouse
greenhouse:spacex:8540414002,SpaceX,HVAC Specialist (Chilled Water/Data Center) - Level 4/5 ,https://boards.greenhouse.io/spacex/jobs/8540414002?gh_jid=8540414002,2026-08-12,no,greenhouse
greenhouse:spacex:8614735002,SpaceX,HVAC Supervisor (Starship),https://boards.greenhouse.io/spacex/jobs/8614735002?gh_jid=8614735002,2026-08-12,no,greenhouse
greenhouse:spacex:8457155002,SpaceX,HVAC Technician,https://boards.greenhouse.io/spacex/jobs/8457155002?gh_jid=8457155002,2026-08-12,no,greenhouse
greenhouse:spacex:8605108002,SpaceX,HVAC Technician - 2nd Shift,https://boards.greenhouse.io/spacex/jobs/8605108002?gh_jid=8605108002,2026-08-12,no,greenhouse
greenhouse:spacex:8654421002,SpaceX,HVAC Technician (Facilities) - 3rd Shift ,https://boards.greenhouse.io/spacex/jobs/8654421002?gh_jid=8654421002,2026-08-12,no,greenhouse
greenhouse:spacex:8576014002,SpaceX,HVAC Technician - Level 4/5 (Starlink),https://boards.greenhouse.io/spacex/jobs/8576014002?gh_jid=8576014002,2026-08-12,no,greenhouse
greenhouse:spacex:8530746002,SpaceX,"HVAC Technician, Solar Cells (Starlink) - Day Shift",https://boards.greenhouse.io/spacex/jobs/8530746002?gh_jid=8530746002,2026-08-12,no,greenhouse
greenhouse:spacex:8546215002,SpaceX,Industrial Controls Technician ,https://boards.greenhouse.io/spacex/jobs/8546215002?gh_jid=8546215002,2026-08-12,no,greenhouse
greenhouse:spacex:8570369002,SpaceX,Industrial Designer (Starlink),https://boards.greenhouse.io/spacex/jobs/8570369002?gh_jid=8570369002,2026-08-12,no,greenhouse
greenhouse:spacex:8573472002,SpaceX,Industrial Hygienist,https://boards.greenhouse.io/spacex/jobs/8573472002?gh_jid=8573472002,2026-08-12,no,greenhouse
greenhouse:spacex:8369532002,SpaceX,Industrial Hygienist,https://boards.greenhouse.io/spacex/jobs/8369532002?gh_jid=8369532002,2026-08-12,no,greenhouse
greenhouse:spacex:8627620002,SpaceX,Industrial Maintenance Technician (Starlink) - 2nd Shift,https://boards.greenhouse.io/spacex/jobs/8627620002?gh_jid=8627620002,2026-08-12,no,greenhouse
greenhouse:spacex:8517412002,SpaceX,Information Security Analyst,https://boards.greenhouse.io/spacex/jobs/8517412002?gh_jid=8517412002,2026-08-12,no,greenhouse
greenhouse:spacex:8530684002,SpaceX,Information Security Analyst,https://boards.greenhouse.io/spacex/jobs/8530684002?gh_jid=8530684002,2026-08-12,no,greenhouse
greenhouse:spacex:8599803002,SpaceX,Information System Security Manager ,https://boards.greenhouse.io/spacex/jobs/8599803002?gh_jid=8599803002,2026-08-12,no,greenhouse
greenhouse:spacex:8599825002,SpaceX,Information System Security Officer ,https://boards.greenhouse.io/spacex/jobs/8599825002?gh_jid=8599825002,2026-08-12,no,greenhouse
greenhouse:spacex:8604308002,SpaceX,Infrastructure Engineer,https://boards.greenhouse.io/spacex/jobs/8604308002?gh_jid=8604308002,2026-08-12,no,greenhouse
greenhouse:spacex:8601649002,SpaceX,Injection Molding Technician - 2nd Shift,https://boards.greenhouse.io/spacex/jobs/8601649002?gh_jid=8601649002,2026-08-12,no,greenhouse
greenhouse:spacex:8678289002,SpaceX,Inspection and Warranty Specialist,https://boards.greenhouse.io/spacex/jobs/8678289002?gh_jid=8678289002,2026-08-12,no,greenhouse
greenhouse:spacex:8552428002,SpaceX,Instrumentation & Controls Technician,https://boards.greenhouse.io/spacex/jobs/8552428002?gh_jid=8552428002,2026-08-12,no,greenhouse
greenhouse:spacex:8624498002,SpaceX,Instrumentation & Controls Technician - 2nd Shift,https://boards.greenhouse.io/spacex/jobs/8624498002?gh_jid=8624498002,2026-08-12,no,greenhouse
greenhouse:spacex:8687256002,SpaceX,"Instrumentation & Controls Technician, Solar Cells (Starlink)",https://boards.greenhouse.io/spacex/jobs/8687256002?gh_jid=8687256002,2026-08-12,no,greenhouse
greenhouse:spacex:8656129002,SpaceX,"Instrumentation & Controls Technician, Water Treatment (Starlink)",https://boards.greenhouse.io/spacex/jobs/8656129002?gh_jid=8656129002,2026-08-12,no,greenhouse
greenhouse:spacex:8659928002,SpaceX,Instrumentation Fitter,https://boards.greenhouse.io/spacex/jobs/8659928002?gh_jid=8659928002,2026-08-12,no,greenhouse
greenhouse:spacex:8659936002,SpaceX,Instrumentation Fitter - 2nd Shift,https://boards.greenhouse.io/spacex/jobs/8659936002?gh_jid=8659936002,2026-08-12,no,greenhouse
greenhouse:spacex:8603368002,SpaceX,"Integration Engineer, Heatshield (Starship) ",https://boards.greenhouse.io/spacex/jobs/8603368002?gh_jid=8603368002,2026-08-12,no,greenhouse
greenhouse:spacex:8576029002,SpaceX,Integration Engineer (Starship),https://boards.greenhouse.io/spacex/jobs/8576029002?gh_jid=8576029002,2026-08-12,no,greenhouse
greenhouse:spacex:8527462002,SpaceX,Integration Engineer (Starship) - Night Shift,https://boards.greenhouse.io/spacex/jobs/8527462002?gh_jid=8527462002,2026-08-12,no,greenhouse
greenhouse:spacex:8567325002,SpaceX,Integration Engineer (Super Heavy Booster),https://boards.greenhouse.io/spacex/jobs/8567325002?gh_jid=8567325002,2026-08-12,no,greenhouse
greenhouse:spacex:8536021002,SpaceX,Integration Specialist (Starlink Aviation),https://boards.greenhouse.io/spacex/jobs/8536021002?gh_jid=8536021002,2026-08-12,no,greenhouse
greenhouse:spacex:8536073002,SpaceX,Integration Specialist (Starlink Aviation) - 2nd Shift,https://boards.greenhouse.io/spacex/jobs/8536073002?gh_jid=8536073002,2026-08-12,no,greenhouse
greenhouse:spacex:8661339002,SpaceX,Integration Technician (F9 Booster & Fairings) - Multiple Shifts,https://boards.greenhouse.io/spacex/jobs/8661339002?gh_jid=8661339002,2026-08-12,no,greenhouse
greenhouse:spacex:8533357002,SpaceX,Integration Technician (Fairings) - Night Shift,https://boards.greenhouse.io/spacex/jobs/8533357002?gh_jid=8533357002,2026-08-12,no,greenhouse
greenhouse:spacex:8533342002,SpaceX,Integration Technician (Falcon Operations) - Night Shift   ,https://boards.greenhouse.io/spacex/jobs/8533342002?gh_jid=8533342002,2026-08-12,no,greenhouse
greenhouse:spacex:8533487002,SpaceX,Integration Technician (Payloads) - Multiple Shifts,https://boards.greenhouse.io/spacex/jobs/8533487002?gh_jid=8533487002,2026-08-12,no,greenhouse
greenhouse:spacex:8588049002,SpaceX,Integration Technician (Starlink)  ,https://boards.greenhouse.io/spacex/jobs/8588049002?gh_jid=8588049002,2026-08-12,no,greenhouse
greenhouse:spacex:8580380002,SpaceX,Integration Technician (Starlink)  - 1st Shift ,https://boards.greenhouse.io/spacex/jobs/8580380002?gh_jid=8580380002,2026-08-12,no,greenhouse
greenhouse:spacex:8530195002,SpaceX,Integration Technician (Starlink) - 2nd Shift,https://boards.greenhouse.io/spacex/jobs/8530195002?gh_jid=8530195002,2026-08-12,no,greenhouse
greenhouse:spacex:8635662002,SpaceX,Integration Technician (Starshield),https://boards.greenhouse.io/spacex/jobs/8635662002?gh_jid=8635662002,2026-08-12,no,greenhouse
greenhouse:spacex:8635683002,SpaceX,Integration Technician (Starshield) - Level 4/5,https://boards.greenhouse.io/spacex/jobs/8635683002?gh_jid=8635683002,2026-08-12,no,greenhouse
greenhouse:spacex:8648198002,SpaceX,Integration Technician (Starship)   ,https://boards.greenhouse.io/spacex/jobs/8648198002?gh_jid=8648198002,2026-08-12,no,greenhouse
greenhouse:spacex:8374631002,SpaceX,Integration Technician (Super Heavy Booster)   ,https://boards.greenhouse.io/spacex/jobs/8374631002?gh_jid=8374631002,2026-08-12,no,greenhouse
greenhouse:spacex:8571994002,SpaceX,Integration & Test Engineer (Bus & Payload Sub-Assemblies),https://boards.greenhouse.io/spacex/jobs/8571994002?gh_jid=8571994002,2026-08-12,no,greenhouse
greenhouse:spacex:8609453002,SpaceX,Integration & Test Engineer (Fairings),https://boards.greenhouse.io/spacex/jobs/8609453002?gh_jid=8609453002,2026-08-12,no,greenhouse
greenhouse:spacex:8527331002,SpaceX,Integration & Test Engineer (Starlink),https://boards.greenhouse.io/spacex/jobs/8527331002?gh_jid=8527331002,2026-08-12,no,greenhouse
greenhouse:spacex:8629248002,SpaceX,Integration & Test Engineer (Starlink Aviation) ,https://boards.greenhouse.io/spacex/jobs/8629248002?gh_jid=8629248002,2026-08-12,no,greenhouse
greenhouse:spacex:8463069002,SpaceX,Integration & Test Engineer (Starlink Propulsion),https://boards.greenhouse.io/spacex/jobs/8463069002?gh_jid=8463069002,2026-08-12,no,greenhouse
greenhouse:spacex:8553658002,SpaceX,Integration & Test Engineer (Starship),https://boards.greenhouse.io/spacex/jobs/8553658002?gh_jid=8553658002,2026-08-12,no,greenhouse
greenhouse:spacex:8550962002,SpaceX,Integration & Test Specialist (Bus & Payload Sub-Assemblies) - 2nd shift,https://boards.greenhouse.io/spacex/jobs/8550962002?gh_jid=8550962002,2026-08-12,no,greenhouse
greenhouse:spacex:8623621002,SpaceX,Internal Fleet Driver,https://boards.greenhouse.io/spacex/jobs/8623621002?gh_jid=8623621002,2026-08-12,no,greenhouse
greenhouse:spacex:8619984002,SpaceX,International Infrastructure Operations Specialist (Starlink),https://boards.greenhouse.io/spacex/jobs/8619984002?gh_jid=8619984002,2026-08-12,no,greenhouse
greenhouse:spacex:8643531002,SpaceX,"Inventory Control Analyst, Maintenance (Starlink)",https://boards.greenhouse.io/spacex/jobs/8643531002?gh_jid=8643531002,2026-08-12,no,greenhouse
greenhouse:spacex:8623133002,SpaceX,Inventory Control Clerk ,https://boards.greenhouse.io/spacex/jobs/8623133002?gh_jid=8623133002,2026-08-12,no,greenhouse
greenhouse:spacex:8623034002,SpaceX,Inventory Control Clerk - 2nd Shift,https://boards.greenhouse.io/spacex/jobs/8623034002?gh_jid=8623034002,2026-08-12,no,greenhouse
greenhouse:spacex:8617116002,SpaceX,Inventory Specialist - 2nd Shift Weekday ,https://boards.greenhouse.io/spacex/jobs/8617116002?gh_jid=8617116002,2026-08-12,no,greenhouse
greenhouse:spacex:8686223002,SpaceX,Inventory Specialist (Raptor) - 1st Shift,https://boards.greenhouse.io/spacex/jobs/8686223002?gh_jid=8686223002,2026-08-12,no,greenhouse
greenhouse:spacex:8486094002,SpaceX,Inventory Specialist (Starlink),https://boards.greenhouse.io/spacex/jobs/8486094002?gh_jid=8486094002,2026-08-12,no,greenhouse
greenhouse:spacex:8645845002,SpaceX,Inventory Specialist (Starlink) - 3rd Shift,https://boards.greenhouse.io/spacex/jobs/8645845002?gh_jid=8645845002,2026-08-12,no,greenhouse
greenhouse:spacex:8692214002,SpaceX,Inventory Specialist (Starlink) - Weekend Shift,https://boards.greenhouse.io/spacex/jobs/8692214002?gh_jid=8692214002,2026-08-12,no,greenhouse
greenhouse:spacex:8451903002,SpaceX,"IT Infrastructure Engineer, Virtualization & Storage",https://boards.greenhouse.io/spacex/jobs/8451903002?gh_jid=8451903002,2026-08-12,no,greenhouse
greenhouse:spacex:8675100002,SpaceX,IT Internal Audit Manager,https://boards.greenhouse.io/spacex/jobs/8675100002?gh_jid=8675100002,2026-08-12,no,greenhouse
greenhouse:spacex:8629373002,SpaceX,IT Network Administrator,https://boards.greenhouse.io/spacex/jobs/8629373002?gh_jid=8629373002,2026-08-12,no,greenhouse
greenhouse:spacex:8648054002,SpaceX,IT Network Engineer,https://boards.greenhouse.io/spacex/jobs/8648054002?gh_jid=8648054002,2026-08-12,no,greenhouse
greenhouse:spacex:8679658002,SpaceX,"IT Network Engineer, Mission Systems",https://boards.greenhouse.io/spacex/jobs/8679658002?gh_jid=8679658002,2026-08-12,no,greenhouse
greenhouse:spacex:8456295002,SpaceX,IT Network Engineer - Top Secret Clearance,https://boards.greenhouse.io/spacex/jobs/8456295002?gh_jid=8456295002,2026-08-12,no,greenhouse
greenhouse:spacex:8570046002,SpaceX,IT Network Infrastructure Engineer,https://boards.greenhouse.io/spacex/jobs/8570046002?gh_jid=8570046002,2026-08-12,no,greenhouse
greenhouse:spacex:8458745002,SpaceX,"IT Network Infrastructure Engineer, Launch",https://boards.greenhouse.io/spacex/jobs/8458745002?gh_jid=8458745002,2026-08-12,no,greenhouse
greenhouse:spacex:8536387002,SpaceX,IT Network Infrastructure Specialist,https://boards.greenhouse.io/spacex/jobs/8536387002?gh_jid=8536387002,2026-08-12,no,greenhouse
greenhouse:spacex:8579623002,SpaceX,IT Network Infrastructure Technician,https://boards.greenhouse.io/spacex/jobs/8579623002?gh_jid=8579623002,2026-08-12,no,greenhouse
greenhouse:spacex:8459561002,SpaceX,IT Network Infrastructure Technician,https://boards.greenhouse.io/spacex/jobs/8459561002?gh_jid=8459561002,2026-08-12,no,greenhouse
greenhouse:spacex:8684618002,SpaceX,IT Operations Engineer,https://boards.greenhouse.io/spacex/jobs/8684618002?gh_jid=8684618002,2026-08-12,no,greenhouse
greenhouse:spacex:8698113002,SpaceX,IT Storage Engineer,https://boards.greenhouse.io/spacex/jobs/8698113002?gh_jid=8698113002,2026-08-12,no,greenhouse
greenhouse:spacex:8687953002,SpaceX,IT Storage Engineer,https://boards.greenhouse.io/spacex/jobs/8687953002?gh_jid=8687953002,2026-08-12,no,greenhouse
greenhouse:spacex:8698258002,SpaceX,IT Storage Engineer,https://boards.greenhouse.io/spacex/jobs/8698258002?gh_jid=8698258002,2026-08-12,no,greenhouse
greenhouse:spacex:8698173002,SpaceX,IT Storage Engineer,https://boards.greenhouse.io/spacex/jobs/8698173002?gh_jid=8698173002,2026-08-12,no,greenhouse
greenhouse:spacex:8698140002,SpaceX,IT Storage Engineer,https://boards.greenhouse.io/spacex/jobs/8698140002?gh_jid=8698140002,2026-08-12,no,greenhouse
greenhouse:spacex:8517131002,SpaceX,IT Support Technician,https://boards.greenhouse.io/spacex/jobs/8517131002?gh_jid=8517131002,2026-08-12,no,greenhouse
greenhouse:spacex:8577847002,SpaceX,IT Support Technician,https://boards.greenhouse.io/spacex/jobs/8577847002?gh_jid=8577847002,2026-08-12,no,greenhouse
greenhouse:spacex:8629135002,SpaceX,IT Support Technician,https://boards.greenhouse.io/spacex/jobs/8629135002?gh_jid=8629135002,2026-08-12,no,greenhouse
greenhouse:spacex:8534863002,SpaceX,IT Support Technician,https://boards.greenhouse.io/spacex/jobs/8534863002?gh_jid=8534863002,2026-08-12,no,greenhouse
greenhouse:spacex:8650222002,SpaceX,IT Support Technician,https://boards.greenhouse.io/spacex/jobs/8650222002?gh_jid=8650222002,2026-08-12,no,greenhouse
greenhouse:spacex:8650224002,SpaceX,IT Support Technician (Logistics),https://boards.greenhouse.io/spacex/jobs/8650224002?gh_jid=8650224002,2026-08-12,no,greenhouse
greenhouse:spacex:8469052002,SpaceX,"IT Systems Administrator, Launch",https://boards.greenhouse.io/spacex/jobs/8469052002?gh_jid=8469052002,2026-08-12,no,greenhouse
greenhouse:spacex:8525777002,SpaceX,"IT Systems Administrator, Mission Systems",https://boards.greenhouse.io/spacex/jobs/8525777002?gh_jid=8525777002,2026-08-12,no,greenhouse
greenhouse:spacex:8609444002,SpaceX,IT Systems Engineer (Endpoint),https://boards.greenhouse.io/spacex/jobs/8609444002?gh_jid=8609444002,2026-08-12,no,greenhouse
greenhouse:spacex:8603113002,SpaceX,IT Systems Engineer (Endpoint),https://boards.greenhouse.io/spacex/jobs/8603113002?gh_jid=8603113002,2026-08-12,no,greenhouse
greenhouse:spacex:8548102002,SpaceX,IT Systems Engineer - Top Secret Clearance,https://boards.greenhouse.io/spacex/jobs/8548102002?gh_jid=8548102002,2026-08-12,no,greenhouse
greenhouse:spacex:8548907002,SpaceX,IT Windows Systems Engineer - Top Secret Clearance,https://boards.greenhouse.io/spacex/jobs/8548907002?gh_jid=8548907002,2026-08-12,no,greenhouse
greenhouse:spacex:8631545002,SpaceX,Jr. Sous Chef - Temporary,https://boards.greenhouse.io/spacex/jobs/8631545002?gh_jid=8631545002,2026-08-12,no,greenhouse
greenhouse:spacex:8627591002,SpaceX,Jr. Sous Chef - Temporary,https://boards.greenhouse.io/spacex/jobs/8627591002?gh_jid=8627591002,2026-08-12,no,greenhouse
greenhouse:spacex:8629111002,SpaceX,Jr. Sous Chef - Temporary ,https://boards.greenhouse.io/spacex/jobs/8629111002?gh_jid=8629111002,2026-08-12,no,greenhouse
greenhouse:spacex:8571876002,SpaceX,"Kiln Technician, Thermal Hardware (Starship)",https://boards.greenhouse.io/spacex/jobs/8571876002?gh_jid=8571876002,2026-08-12,no,greenhouse
greenhouse:spacex:8573281002,SpaceX,Kubernetes Platform Infrastructure Engineer (Starlink),https://boards.greenhouse.io/spacex/jobs/8573281002?gh_jid=8573281002,2026-08-12,no,greenhouse
greenhouse:spacex:8691820002,SpaceX,Lab Architect,https://boards.greenhouse.io/spacex/jobs/8691820002?gh_jid=8691820002,2026-08-12,no,greenhouse
greenhouse:spacex:8573756002,SpaceX,Lab Architect,https://boards.greenhouse.io/spacex/jobs/8573756002?gh_jid=8573756002,2026-08-12,no,greenhouse
greenhouse:spacex:8645933002,SpaceX,Lab Architect,https://boards.greenhouse.io/spacex/jobs/8645933002?gh_jid=8645933002,2026-08-12,no,greenhouse
greenhouse:spacex:8691821002,SpaceX,Lab Architect,https://boards.greenhouse.io/spacex/jobs/8691821002?gh_jid=8691821002,2026-08-12,no,greenhouse
greenhouse:spacex:8628456002,SpaceX,Laser Production Technician (Starlink)   ,https://boards.greenhouse.io/spacex/jobs/8628456002?gh_jid=8628456002,2026-08-12,no,greenhouse
greenhouse:spacex:8594698002,SpaceX,"Launch and Test Engineer, Fluids",https://boards.greenhouse.io/spacex/jobs/8594698002?gh_jid=8594698002,2026-08-12,no,greenhouse
greenhouse:spacex:8624730002,SpaceX,"Launch Engineer, Falcon Engineering   ",https://boards.greenhouse.io/spacex/jobs/8624730002?gh_jid=8624730002,2026-08-12,no,greenhouse
greenhouse:spacex:8504994002,SpaceX,"Launch Engineer, Fluid Systems (Starship)",https://boards.greenhouse.io/spacex/jobs/8504994002?gh_jid=8504994002,2026-08-12,no,greenhouse
greenhouse:spacex:8675103002,SpaceX,"Launch Engineer, Ground Support Equipment (Falcon)   ",https://boards.greenhouse.io/spacex/jobs/8675103002?gh_jid=8675103002,2026-08-12,no,greenhouse
greenhouse:spacex:8622779002,SpaceX,"Launch Engineer, Spacecraft Integration (Payloads)",https://boards.greenhouse.io/spacex/jobs/8622779002?gh_jid=8622779002,2026-08-12,no,greenhouse
greenhouse:spacex:8470330002,SpaceX,"Launch Engineer, Stage 0 Propellant Generation (Starship)",https://boards.greenhouse.io/spacex/jobs/8470330002?gh_jid=8470330002,2026-08-12,no,greenhouse
greenhouse:spacex:8447293002,SpaceX,Launch Operations Engineer (Starship),https://boards.greenhouse.io/spacex/jobs/8447293002?gh_jid=8447293002,2026-08-12,no,greenhouse
greenhouse:spacex:8555213002,SpaceX,Launch Operations Technician (Starship) - Night Shift,https://boards.greenhouse.io/spacex/jobs/8555213002?gh_jid=8555213002,2026-08-12,no,greenhouse
greenhouse:spacex:8623675002,SpaceX,"Launch Pad Engineer, Fluid Systems (Falcon 9)",https://boards.greenhouse.io/spacex/jobs/8623675002?gh_jid=8623675002,2026-08-12,no,greenhouse
greenhouse:spacex:8601388002,SpaceX,Launch Pad Technician (Starship) - Multiple Shifts,https://boards.greenhouse.io/spacex/jobs/8601388002?gh_jid=8601388002,2026-08-12,no,greenhouse
greenhouse:spacex:8492478002,SpaceX,Launch Quality Inspector,https://boards.greenhouse.io/spacex/jobs/8492478002?gh_jid=8492478002,2026-08-12,no,greenhouse
greenhouse:spacex:8526975002,SpaceX,Launch Reliability Engineer (Launch Pads & Recovery),https://boards.greenhouse.io/spacex/jobs/8526975002?gh_jid=8526975002,2026-08-12,no,greenhouse
greenhouse:spacex:8377326002,SpaceX,"Leaching Specialist, Heat Shield Manufacturing (Starship)",https://boards.greenhouse.io/spacex/jobs/8377326002?gh_jid=8377326002,2026-08-12,no,greenhouse
greenhouse:spacex:8535316002,SpaceX,"Lead Automation and Controls Engineer, Silicon Technology (Starlink)",https://boards.greenhouse.io/spacex/jobs/8535316002?gh_jid=8535316002,2026-08-12,no,greenhouse
greenhouse:spacex:8633448002,SpaceX,"Lead Electrical Engineer, Hardware Reliability (Starlink)",https://boards.greenhouse.io/spacex/jobs/8633448002?gh_jid=8633448002,2026-08-12,no,greenhouse
greenhouse:spacex:8390284002,SpaceX,"Lead Electronics Engineer, Gateways (Starlink)",https://boards.greenhouse.io/spacex/jobs/8390284002?gh_jid=8390284002,2026-08-12,no,greenhouse
greenhouse:spacex:8685361002,SpaceX,"Lead Environmental Health & Safety Engineer, Construction Safety",https://boards.greenhouse.io/spacex/jobs/8685361002?gh_jid=8685361002,2026-08-12,no,greenhouse
greenhouse:spacex:8633932002,SpaceX,Lead Facilities Technician,https://boards.greenhouse.io/spacex/jobs/8633932002?gh_jid=8633932002,2026-08-12,no,greenhouse
greenhouse:spacex:8550915002,SpaceX,"Lead, Fulfillment Purchasing",https://boards.greenhouse.io/spacex/jobs/8550915002?gh_jid=8550915002,2026-08-12,no,greenhouse
greenhouse:spacex:8641549002,SpaceX,"Lead Full Stack Engineer, Starship Manufacturing (Application Software) ",https://boards.greenhouse.io/spacex/jobs/8641549002?gh_jid=8641549002,2026-08-12,no,greenhouse
greenhouse:spacex:8633964002,SpaceX,"Lead Hardware Reliability Engineer, Electrical (Starshield)",https://boards.greenhouse.io/spacex/jobs/8633964002?gh_jid=8633964002,2026-08-12,no,greenhouse
greenhouse:spacex:8582845002,SpaceX,Lead Hardware Reliability Engineer (Starlink),https://boards.greenhouse.io/spacex/jobs/8582845002?gh_jid=8582845002,2026-08-12,no,greenhouse
greenhouse:spacex:8614911002,SpaceX,Lead HVAC Technician (Starship),https://boards.greenhouse.io/spacex/jobs/8614911002?gh_jid=8614911002,2026-08-12,no,greenhouse
greenhouse:spacex:8653850002,SpaceX,Lead Integration & Test Engineer (Starshield),https://boards.greenhouse.io/spacex/jobs/8653850002?gh_jid=8653850002,2026-08-12,no,greenhouse
greenhouse:spacex:8637752002,SpaceX,Lead Inventory Specialist (Falcon) - 2nd Shift,https://boards.greenhouse.io/spacex/jobs/8637752002?gh_jid=8637752002,2026-08-12,no,greenhouse
greenhouse:spacex:8597142002,SpaceX,Lead Materials R&D Technician (Materials Lab - Characterization),https://boards.greenhouse.io/spacex/jobs/8597142002?gh_jid=8597142002,2026-08-12,no,greenhouse
greenhouse:spacex:8633437002,SpaceX,"Lead Mechanical Engineer, Hardware Reliability (Starlink)",https://boards.greenhouse.io/spacex/jobs/8633437002?gh_jid=8633437002,2026-08-12,no,greenhouse
greenhouse:spacex:8653471002,SpaceX,"Lead Mechanical Engineer, MEP",https://boards.greenhouse.io/spacex/jobs/8653471002?gh_jid=8653471002,2026-08-12,no,greenhouse
greenhouse:spacex:8627660002,SpaceX,Lead Mechanical Engineer (Starship),https://boards.greenhouse.io/spacex/jobs/8627660002?gh_jid=8627660002,2026-08-12,no,greenhouse
greenhouse:spacex:8523847002,SpaceX,Lead Mechanical Engineer (Starship Avionics) ,https://boards.greenhouse.io/spacex/jobs/8523847002?gh_jid=8523847002,2026-08-12,no,greenhouse
greenhouse:spacex:8517596002,SpaceX,Lead PCB Designer (Starshield),https://boards.greenhouse.io/spacex/jobs/8517596002?gh_jid=8517596002,2026-08-12,no,greenhouse
greenhouse:spacex:8633368002,SpaceX,Lead Porter ,https://boards.greenhouse.io/spacex/jobs/8633368002?gh_jid=8633368002,2026-08-12,no,greenhouse
greenhouse:spacex:8648919002,SpaceX,Lead Power Systems Engineer,https://boards.greenhouse.io/spacex/jobs/8648919002?gh_jid=8648919002,2026-08-12,no,greenhouse
greenhouse:spacex:8622984002,SpaceX,Lead Security Officer,https://boards.greenhouse.io/spacex/jobs/8622984002?gh_jid=8622984002,2026-08-12,no,greenhouse
greenhouse:spacex:8627069002,SpaceX,Lead Security Officer ,https://boards.greenhouse.io/spacex/jobs/8627069002?gh_jid=8627069002,2026-08-12,no,greenhouse
greenhouse:spacex:8649378002,SpaceX,Lead Security Officer ,https://boards.greenhouse.io/spacex/jobs/8649378002?gh_jid=8649378002,2026-08-12,no,greenhouse
greenhouse:spacex:8692493002,SpaceX,"Lead Software Engineer, Application Software (Finance)",https://boards.greenhouse.io/spacex/jobs/8692493002?gh_jid=8692493002,2026-08-12,no,greenhouse
greenhouse:spacex:8612703002,SpaceX,"Lead Software Engineer, Application Software (Manufacturing)",https://boards.greenhouse.io/spacex/jobs/8612703002?gh_jid=8612703002,2026-08-12,no,greenhouse
greenhouse:spacex:8435966002,SpaceX,"Lead Software Engineer, Flight Systems - Top Secret Clearance",https://boards.greenhouse.io/spacex/jobs/8435966002?gh_jid=8435966002,2026-08-12,no,greenhouse
greenhouse:spacex:8555708002,SpaceX,Lead Software Engineer (Full Stack) - Build Reliability,https://boards.greenhouse.io/spacex/jobs/8555708002?gh_jid=8555708002,2026-08-12,no,greenhouse
greenhouse:spacex:8476329002,SpaceX,"Lead Software Engineer, Full Stack - Top Secret Clearance",https://boards.greenhouse.io/spacex/jobs/8476329002?gh_jid=8476329002,2026-08-12,no,greenhouse
greenhouse:spacex:8651026002,SpaceX,"Lead Software Engineer, Starship Manufacturing (Application Software) ",https://boards.greenhouse.io/spacex/jobs/8651026002?gh_jid=8651026002,2026-08-12,no,greenhouse
greenhouse:spacex:8533755002,SpaceX,Lead Starship Engineer (Ship Vehicle Assembly),https://boards.greenhouse.io/spacex/jobs/8533755002?gh_jid=8533755002,2026-08-12,no,greenhouse
greenhouse:spacex:8585801002,SpaceX,Lead Structural Welder (Stage 0 Propellant Systems) - Night Shift,https://boards.greenhouse.io/spacex/jobs/8585801002?gh_jid=8585801002,2026-08-12,no,greenhouse
greenhouse:spacex:8589950002,SpaceX,Lead Supplier Development Engineer (Starlink) ,https://boards.greenhouse.io/spacex/jobs/8589950002?gh_jid=8589950002,2026-08-12,no,greenhouse
greenhouse:spacex:8465290002,SpaceX,Lead Supply Chain Reliability Engineer (Starlink),https://boards.greenhouse.io/spacex/jobs/8465290002?gh_jid=8465290002,2026-08-12,no,greenhouse
greenhouse:spacex:8380340002,SpaceX,"Lead Technician, Dopey (Starlink) - 2nd shift",https://boards.greenhouse.io/spacex/jobs/8380340002?gh_jid=8380340002,2026-08-12,no,greenhouse
greenhouse:spacex:8683685002,SpaceX,"Legal Analyst, Product (Starlink)",https://boards.greenhouse.io/spacex/jobs/8683685002?gh_jid=8683685002,2026-08-12,no,greenhouse
greenhouse:spacex:8555044002,SpaceX,Liquefied Natural Gas Process/Project Engineer,https://boards.greenhouse.io/spacex/jobs/8555044002?gh_jid=8555044002,2026-08-12,no,greenhouse
greenhouse:spacex:8696568002,SpaceX,Loads & Dynamics Engineer (Starfall) ,https://boards.greenhouse.io/spacex/jobs/8696568002?gh_jid=8696568002,2026-08-12,no,greenhouse
greenhouse:spacex:8536510002,SpaceX,Loads & Dynamics Engineer (Starshield),https://boards.greenhouse.io/spacex/jobs/8536510002?gh_jid=8536510002,2026-08-12,no,greenhouse
greenhouse:spacex:8624109002,SpaceX,Logistics Technician,https://boards.greenhouse.io/spacex/jobs/8624109002?gh_jid=8624109002,2026-08-12,no,greenhouse
greenhouse:spacex:8623429002,SpaceX,Logistics Technician - 2nd Shift ,https://boards.greenhouse.io/spacex/jobs/8623429002?gh_jid=8623429002,2026-08-12,no,greenhouse
greenhouse:spacex:8420866002,SpaceX,Machine Maintenance Associate (Starlink),https://boards.greenhouse.io/spacex/jobs/8420866002?gh_jid=8420866002,2026-08-12,no,greenhouse
greenhouse:spacex:8524776002,SpaceX,"Machine Maintenance Specialist, Solar Cells (Starlink)",https://boards.greenhouse.io/spacex/jobs/8524776002?gh_jid=8524776002,2026-08-12,no,greenhouse
greenhouse:spacex:8659214002,SpaceX,Machine Maintenance Supervisor (Starlink) - Multiple Shifts,https://boards.greenhouse.io/spacex/jobs/8659214002?gh_jid=8659214002,2026-08-12,no,greenhouse
greenhouse:spacex:8628432002,SpaceX,Machine Maintenance Technician ,https://boards.greenhouse.io/spacex/jobs/8628432002?gh_jid=8628432002,2026-08-12,no,greenhouse
greenhouse:spacex:8614571002,SpaceX,"Machine Maintenance Technician, PCB (Starlink)",https://boards.greenhouse.io/spacex/jobs/8614571002?gh_jid=8614571002,2026-08-12,no,greenhouse
greenhouse:spacex:8530800002,SpaceX,"Machine Maintenance Technician, Solar Cells (Starlink) - Day Shift",https://boards.greenhouse.io/spacex/jobs/8530800002?gh_jid=8530800002,2026-08-12,no,greenhouse
greenhouse:spacex:8540365002,SpaceX,Machine Maintenance Technician (Starlink),https://boards.greenhouse.io/spacex/jobs/8540365002?gh_jid=8540365002,2026-08-12,no,greenhouse
greenhouse:spacex:8622997002,SpaceX,Machining Technician (Starlink),https://boards.greenhouse.io/spacex/jobs/8622997002?gh_jid=8622997002,2026-08-12,no,greenhouse
greenhouse:spacex:8651057002,SpaceX,Machinist,https://boards.greenhouse.io/spacex/jobs/8651057002?gh_jid=8651057002,2026-08-12,no,greenhouse
greenhouse:spacex:8561461002,SpaceX,"Maintenance Engineer, PCB (Starlink)",https://boards.greenhouse.io/spacex/jobs/8561461002?gh_jid=8561461002,2026-08-12,no,greenhouse
greenhouse:spacex:8384974002,SpaceX,Maintenance Engineer (Starship),https://boards.greenhouse.io/spacex/jobs/8384974002?gh_jid=8384974002,2026-08-12,no,greenhouse
greenhouse:spacex:8569287002,SpaceX,Maintenance Supervisor (Starlink),https://boards.greenhouse.io/spacex/jobs/8569287002?gh_jid=8569287002,2026-08-12,no,greenhouse
greenhouse:spacex:8569294002,SpaceX,Maintenance Supervisor (Starlink) - Night Shift,https://boards.greenhouse.io/spacex/jobs/8569294002?gh_jid=8569294002,2026-08-12,no,greenhouse
greenhouse:spacex:8438220002,SpaceX,Maintenance Technician,https://boards.greenhouse.io/spacex/jobs/8438220002?gh_jid=8438220002,2026-08-12,no,greenhouse
greenhouse:spacex:8615844002,SpaceX,Maintenance Technician ,https://boards.greenhouse.io/spacex/jobs/8615844002?gh_jid=8615844002,2026-08-12,no,greenhouse
greenhouse:spacex:8628908002,SpaceX,Maintenance Technician - 2nd Shift,https://boards.greenhouse.io/spacex/jobs/8628908002?gh_jid=8628908002,2026-08-12,no,greenhouse
greenhouse:spacex:8628379002,SpaceX,Maintenance Technician (Starlink) - Level 4/5   ,https://boards.greenhouse.io/spacex/jobs/8628379002?gh_jid=8628379002,2026-08-12,no,greenhouse
greenhouse:spacex:8461250002,SpaceX,"Manager, Advanced Process Manufacturing",https://boards.greenhouse.io/spacex/jobs/8461250002?gh_jid=8461250002,2026-08-12,no,greenhouse
greenhouse:spacex:8533239002,SpaceX,"Manager, ASIC Design Engineering (Starshield Silicon)",https://boards.greenhouse.io/spacex/jobs/8533239002?gh_jid=8533239002,2026-08-12,no,greenhouse
greenhouse:spacex:8642058002,SpaceX,"Manager, Automation & Controls Engineering (Power Generation & Utilities)",https://boards.greenhouse.io/spacex/jobs/8642058002?gh_jid=8642058002,2026-08-12,no,greenhouse
greenhouse:spacex:8361972002,SpaceX,"Manager, Benefits",https://boards.greenhouse.io/spacex/jobs/8361972002?gh_jid=8361972002,2026-08-12,no,greenhouse
greenhouse:spacex:8461244002,SpaceX,"Manager, Chemical Operations & Production ",https://boards.greenhouse.io/spacex/jobs/8461244002?gh_jid=8461244002,2026-08-12,no,greenhouse
greenhouse:spacex:8461223002,SpaceX,"Manager, Chemical Process Production (Starlink)",https://boards.greenhouse.io/spacex/jobs/8461223002?gh_jid=8461223002,2026-08-12,no,greenhouse
greenhouse:spacex:8571997002,SpaceX,"Manager, Construction",https://boards.greenhouse.io/spacex/jobs/8571997002?gh_jid=8571997002,2026-08-12,no,greenhouse
greenhouse:spacex:8648031002,SpaceX,"Manager, Datacenter Compute Infrastructure (Starlink)   ",https://boards.greenhouse.io/spacex/jobs/8648031002?gh_jid=8648031002,2026-08-12,no,greenhouse
greenhouse:spacex:8647973002,SpaceX,"Manager, Datacenter Compute Infrastructure (Starlink)   ",https://boards.greenhouse.io/spacex/jobs/8647973002?gh_jid=8647973002,2026-08-12,no,greenhouse
greenhouse:spacex:8594433002,SpaceX,"Manager, Environmental Health & Safety",https://boards.greenhouse.io/spacex/jobs/8594433002?gh_jid=8594433002,2026-08-12,no,greenhouse
greenhouse:spacex:8572158002,SpaceX,"Manager, Facilities Operations (Datacenters)",https://boards.greenhouse.io/spacex/jobs/8572158002?gh_jid=8572158002,2026-08-12,no,greenhouse
greenhouse:spacex:8633564002,SpaceX,"Manager, Facilities Operations - Solar Cell Factory (Starlink)",https://boards.greenhouse.io/spacex/jobs/8633564002?gh_jid=8633564002,2026-08-12,no,greenhouse
greenhouse:spacex:8634692002,SpaceX,"Manager, Facilities Operations (Starlink)",https://boards.greenhouse.io/spacex/jobs/8634692002?gh_jid=8634692002,2026-08-12,no,greenhouse
greenhouse:spacex:8563083002,SpaceX,"Manager, Gateway Electronics Engineering (Starlink)",https://boards.greenhouse.io/spacex/jobs/8563083002?gh_jid=8563083002,2026-08-12,no,greenhouse
greenhouse:spacex:8617345002,SpaceX,"Manager, Indirect Tax",https://boards.greenhouse.io/spacex/jobs/8617345002?gh_jid=8617345002,2026-08-12,no,greenhouse
greenhouse:spacex:8687826002,SpaceX,"Manager, IT Infrastructure (Data Centers)",https://boards.greenhouse.io/spacex/jobs/8687826002?gh_jid=8687826002,2026-08-12,no,greenhouse
greenhouse:spacex:8680034002,SpaceX,"Manager, Logistics (Starlink)",https://boards.greenhouse.io/spacex/jobs/8680034002?gh_jid=8680034002,2026-08-12,no,greenhouse
greenhouse:spacex:8632240002,SpaceX,"Manager, Machine Maintenance - Solar Cell Factory (Starlink)",https://boards.greenhouse.io/spacex/jobs/8632240002?gh_jid=8632240002,2026-08-12,no,greenhouse
greenhouse:spacex:8461586002,SpaceX,"Manager, Machine Maintenance (Starlink) ",https://boards.greenhouse.io/spacex/jobs/8461586002?gh_jid=8461586002,2026-08-12,no,greenhouse
greenhouse:spacex:8600812002,SpaceX,"Manager, Maintenance Operations (Starlink) ",https://boards.greenhouse.io/spacex/jobs/8600812002?gh_jid=8600812002,2026-08-12,no,greenhouse
greenhouse:spacex:8578128002,SpaceX,"Manager, Material Flow Engineering (Hawthorne) ",https://boards.greenhouse.io/spacex/jobs/8578128002?gh_jid=8578128002,2026-08-12,no,greenhouse
greenhouse:spacex:8609129002,SpaceX,"Manager, Materials Management (Starlink)",https://boards.greenhouse.io/spacex/jobs/8609129002?gh_jid=8609129002,2026-08-12,no,greenhouse
greenhouse:spacex:8643976002,SpaceX,"Manager, Materials Management (Starship)",https://boards.greenhouse.io/spacex/jobs/8643976002?gh_jid=8643976002,2026-08-12,no,greenhouse
greenhouse:spacex:8472695002,SpaceX,"Manager, Materials Management (Starship)",https://boards.greenhouse.io/spacex/jobs/8472695002?gh_jid=8472695002,2026-08-12,no,greenhouse
greenhouse:spacex:8531644002,SpaceX,"Manager, Mechanical Engineering (Starship Avionics)",https://boards.greenhouse.io/spacex/jobs/8531644002?gh_jid=8531644002,2026-08-12,no,greenhouse
greenhouse:spacex:8461194002,SpaceX,"Manager, Printed Circuit Board (PCB) Production (Starlink)",https://boards.greenhouse.io/spacex/jobs/8461194002?gh_jid=8461194002,2026-08-12,no,greenhouse
greenhouse:spacex:8461253002,SpaceX,"Manager, Production (Chemical Processes)",https://boards.greenhouse.io/spacex/jobs/8461253002?gh_jid=8461253002,2026-08-12,no,greenhouse
greenhouse:spacex:8631977002,SpaceX,"Manager, Production - Solar Cell Factory (Starlink)",https://boards.greenhouse.io/spacex/jobs/8631977002?gh_jid=8631977002,2026-08-12,no,greenhouse
greenhouse:spacex:8461256002,SpaceX,"Manager, Production (Solar Cells) ",https://boards.greenhouse.io/spacex/jobs/8461256002?gh_jid=8461256002,2026-08-12,no,greenhouse
greenhouse:spacex:8698319002,SpaceX,"Manager, Security",https://boards.greenhouse.io/spacex/jobs/8698319002?gh_jid=8698319002,2026-08-12,no,greenhouse
greenhouse:spacex:8600796002,SpaceX,"Manager, Soft Services (Starlink)",https://boards.greenhouse.io/spacex/jobs/8600796002?gh_jid=8600796002,2026-08-12,no,greenhouse
greenhouse:spacex:8613918002,SpaceX,"Manager, Spaceport Events",https://boards.greenhouse.io/spacex/jobs/8613918002?gh_jid=8613918002,2026-08-12,no,greenhouse
greenhouse:spacex:8532700002,SpaceX,"Manager, Starlink Enterprise Accounts (State & Local Programs)",https://boards.greenhouse.io/spacex/jobs/8532700002?gh_jid=8532700002,2026-08-12,no,greenhouse
greenhouse:spacex:8524267002,SpaceX,"Manager, Starlink Manufacturing Engineering",https://boards.greenhouse.io/spacex/jobs/8524267002?gh_jid=8524267002,2026-08-12,no,greenhouse
greenhouse:spacex:8687815002,SpaceX,"Manager, Starshield Account Management",https://boards.greenhouse.io/spacex/jobs/8687815002?gh_jid=8687815002,2026-08-12,no,greenhouse
greenhouse:spacex:8555720002,SpaceX,"Manager, Starship Build",https://boards.greenhouse.io/spacex/jobs/8555720002?gh_jid=8555720002,2026-08-12,no,greenhouse
greenhouse:spacex:8605169002,SpaceX,"Manager, Starship Indirect Supply Chain",https://boards.greenhouse.io/spacex/jobs/8605169002?gh_jid=8605169002,2026-08-12,no,greenhouse
greenhouse:spacex:8482099002,SpaceX,"Manager, Utilities Engineering and Operations (Starlink)",https://boards.greenhouse.io/spacex/jobs/8482099002?gh_jid=8482099002,2026-08-12,no,greenhouse
greenhouse:spacex:8544694002,SpaceX,"Manufacturing Automation Engineer, Chamber and Nozzle (Raptor) ",https://boards.greenhouse.io/spacex/jobs/8544694002?gh_jid=8544694002,2026-08-12,no,greenhouse
greenhouse:spacex:8614098002,SpaceX,"Manufacturing Automation Engineer, Solar - (Starlink)",https://boards.greenhouse.io/spacex/jobs/8614098002?gh_jid=8614098002,2026-08-12,no,greenhouse
greenhouse:spacex:8697063002,SpaceX,"Manufacturing Engineer, AI Satellites (Starmind)",https://boards.greenhouse.io/spacex/jobs/8697063002?gh_jid=8697063002,2026-08-12,no,greenhouse
greenhouse:spacex:8544711002,SpaceX,"Manufacturing Engineer, Chamber and Nozzle (Raptor) ",https://boards.greenhouse.io/spacex/jobs/8544711002?gh_jid=8544711002,2026-08-12,no,greenhouse
greenhouse:spacex:8511273002,SpaceX,"Manufacturing Engineer, Components Test",https://boards.greenhouse.io/spacex/jobs/8511273002?gh_jid=8511273002,2026-08-12,no,greenhouse
greenhouse:spacex:8601813002,SpaceX,Manufacturing Engineer (Falcon & Dragon),https://boards.greenhouse.io/spacex/jobs/8601813002?gh_jid=8601813002,2026-08-12,no,greenhouse
greenhouse:spacex:8653398002,SpaceX,Manufacturing Engineering Specialist,https://boards.greenhouse.io/spacex/jobs/8653398002?gh_jid=8653398002,2026-08-12,no,greenhouse
greenhouse:spacex:8557503002,SpaceX,"Manufacturing Engineering Specialist, PCBA (Starlink)",https://boards.greenhouse.io/spacex/jobs/8557503002?gh_jid=8557503002,2026-08-12,no,greenhouse
greenhouse:spacex:8672277002,SpaceX,Manufacturing Engineering Specialist (Starlink) - 2nd Shift,https://boards.greenhouse.io/spacex/jobs/8672277002?gh_jid=8672277002,2026-08-12,no,greenhouse
greenhouse:spacex:8623357002,SpaceX,"Manufacturing Engineer, Machine Shop (Starship)",https://boards.greenhouse.io/spacex/jobs/8623357002?gh_jid=8623357002,2026-08-12,no,greenhouse
greenhouse:spacex:8508315002,SpaceX,"Manufacturing Engineer, Machining (Starship)   ",https://boards.greenhouse.io/spacex/jobs/8508315002?gh_jid=8508315002,2026-08-12,no,greenhouse
greenhouse:spacex:8658511002,SpaceX,"Manufacturing Engineer, Next-Gen Compute Systems (Starlink) ",https://boards.greenhouse.io/spacex/jobs/8658511002?gh_jid=8658511002,2026-08-12,no,greenhouse
greenhouse:spacex:8546036002,SpaceX,"Manufacturing Engineer, Optical Fiber (Starlink)",https://boards.greenhouse.io/spacex/jobs/8546036002?gh_jid=8546036002,2026-08-12,no,greenhouse
greenhouse:spacex:8561494002,SpaceX,"Manufacturing Engineer, Optical Fiber (Starlink)",https://boards.greenhouse.io/spacex/jobs/8561494002?gh_jid=8561494002,2026-08-12,no,greenhouse
greenhouse:spacex:8440246002,SpaceX,"Manufacturing Engineer, PCBA (Starlink)",https://boards.greenhouse.io/spacex/jobs/8440246002?gh_jid=8440246002,2026-08-12,no,greenhouse
greenhouse:spacex:8506546002,SpaceX,"Manufacturing Engineer, PCBA (Starlink)",https://boards.greenhouse.io/spacex/jobs/8506546002?gh_jid=8506546002,2026-08-12,no,greenhouse
greenhouse:spacex:8568146002,SpaceX,Manufacturing Engineer (Raptor Combustion Devices Machining),https://boards.greenhouse.io/spacex/jobs/8568146002?gh_jid=8568146002,2026-08-12,no,greenhouse
greenhouse:spacex:8463185002,SpaceX,"Manufacturing Engineer, Raptor Turbomachinery",https://boards.greenhouse.io/spacex/jobs/8463185002?gh_jid=8463185002,2026-08-12,no,greenhouse
greenhouse:spacex:8561583002,SpaceX,Manufacturing Engineer (Raptor Turbomachinery Machining),https://boards.greenhouse.io/spacex/jobs/8561583002?gh_jid=8561583002,2026-08-12,no,greenhouse
greenhouse:spacex:8679026002,SpaceX,Manufacturing Engineer (Raptor Valves Machining),https://boards.greenhouse.io/spacex/jobs/8679026002?gh_jid=8679026002,2026-08-12,no,greenhouse
greenhouse:spacex:8678343002,SpaceX,"Manufacturing Engineer, Solar (Starlink)",https://boards.greenhouse.io/spacex/jobs/8678343002?gh_jid=8678343002,2026-08-12,no,greenhouse
greenhouse:spacex:8506697002,SpaceX,Manufacturing Engineer (Starlink),https://boards.greenhouse.io/spacex/jobs/8506697002?gh_jid=8506697002,2026-08-12,no,greenhouse
greenhouse:spacex:8525383002,SpaceX,Manufacturing Engineer (Starship Components Operations),https://boards.greenhouse.io/spacex/jobs/8525383002?gh_jid=8525383002,2026-08-12,no,greenhouse
greenhouse:spacex:8398061002,SpaceX,"Manufacturing Engineer – Supplier Development, Optics & Optomechanical Systems (Starlink)",https://boards.greenhouse.io/spacex/jobs/8398061002?gh_jid=8398061002,2026-08-12,no,greenhouse
greenhouse:spacex:8398189002,SpaceX,"Manufacturing Engineer, Supplier Development (Starlink)",https://boards.greenhouse.io/spacex/jobs/8398189002?gh_jid=8398189002,2026-08-12,no,greenhouse
greenhouse:spacex:8597930002,SpaceX,Manufacturing Engineer - Supplier Development (Starlink Gateway) ,https://boards.greenhouse.io/spacex/jobs/8597930002?gh_jid=8597930002,2026-08-12,no,greenhouse
greenhouse:spacex:8364386002,SpaceX,"Manufacturing Engineer, Supply Chain (Starbase)",https://boards.greenhouse.io/spacex/jobs/8364386002?gh_jid=8364386002,2026-08-12,no,greenhouse
greenhouse:spacex:8574353002,SpaceX,"Manufacturing Engineer, Tool & Die Machining - 2nd Shift ",https://boards.greenhouse.io/spacex/jobs/8574353002?gh_jid=8574353002,2026-08-12,no,greenhouse
greenhouse:spacex:8579221002,SpaceX,"Manufacturing Engineer, Tool & Die Machining (Starlink) ",https://boards.greenhouse.io/spacex/jobs/8579221002?gh_jid=8579221002,2026-08-12,no,greenhouse
greenhouse:spacex:8584156002,SpaceX,Manufacturing Integration Engineer (Starship),https://boards.greenhouse.io/spacex/jobs/8584156002?gh_jid=8584156002,2026-08-12,no,greenhouse
greenhouse:spacex:8527038002,SpaceX,Manufacturing Specialist - 2nd Shift,https://boards.greenhouse.io/spacex/jobs/8527038002?gh_jid=8527038002,2026-08-12,no,greenhouse
greenhouse:spacex:8516594002,SpaceX,"Manufacturing Specialist, Components Test ",https://boards.greenhouse.io/spacex/jobs/8516594002?gh_jid=8516594002,2026-08-12,no,greenhouse
greenhouse:spacex:8583051002,SpaceX,Manufacturing Specialist (Optical Production) - 2nd Shift,https://boards.greenhouse.io/spacex/jobs/8583051002?gh_jid=8583051002,2026-08-12,no,greenhouse
greenhouse:spacex:8506522002,SpaceX,"Manufacturing Specialist, PCBA (Starlink)",https://boards.greenhouse.io/spacex/jobs/8506522002?gh_jid=8506522002,2026-08-12,no,greenhouse
greenhouse:spacex:8545886002,SpaceX,Manufacturing Specialist (Satellite Transceiver),https://boards.greenhouse.io/spacex/jobs/8545886002?gh_jid=8545886002,2026-08-12,no,greenhouse
greenhouse:spacex:8583058002,SpaceX,Manufacturing Specialist (Satellite Transceiver) - 2nd Shift,https://boards.greenhouse.io/spacex/jobs/8583058002?gh_jid=8583058002,2026-08-12,no,greenhouse
greenhouse:spacex:8524843002,SpaceX,"Manufacturing Specialist, Solar Cells (Starlink)",https://boards.greenhouse.io/spacex/jobs/8524843002?gh_jid=8524843002,2026-08-12,no,greenhouse
greenhouse:spacex:8536253002,SpaceX,"Manufacturing Specialist, Solar (Starlink)",https://boards.greenhouse.io/spacex/jobs/8536253002?gh_jid=8536253002,2026-08-12,no,greenhouse
greenhouse:spacex:8672252002,SpaceX,Manufacturing Specialist (Starlink),https://boards.greenhouse.io/spacex/jobs/8672252002?gh_jid=8672252002,2026-08-12,no,greenhouse
greenhouse:spacex:8506759002,SpaceX,Manufacturing Specialist (Starlink) - 2nd Shift,https://boards.greenhouse.io/spacex/jobs/8506759002?gh_jid=8506759002,2026-08-12,no,greenhouse
greenhouse:spacex:8600120002,SpaceX,Manufacturing Specialist (Starshield),https://boards.greenhouse.io/spacex/jobs/8600120002?gh_jid=8600120002,2026-08-12,no,greenhouse
greenhouse:spacex:8583930002,SpaceX,Manufacturing Supervisor - Night Shift (PCB Manufacturing),https://boards.greenhouse.io/spacex/jobs/8583930002?gh_jid=8583930002,2026-08-12,no,greenhouse
greenhouse:spacex:8551470002,SpaceX,Manufacturing Supervisor (PCB Manufacturing),https://boards.greenhouse.io/spacex/jobs/8551470002?gh_jid=8551470002,2026-08-12,no,greenhouse
greenhouse:spacex:8551579002,SpaceX,"Manufacturing Supervisor, Starlink Silicon Assembly",https://boards.greenhouse.io/spacex/jobs/8551579002?gh_jid=8551579002,2026-08-12,no,greenhouse
greenhouse:spacex:8694468002,SpaceX,Market Analysis Lead (Starlink),https://boards.greenhouse.io/spacex/jobs/8694468002?gh_jid=8694468002,2026-08-12,no,greenhouse
greenhouse:spacex:8461337002,SpaceX,Material Flow Engineer,https://boards.greenhouse.io/spacex/jobs/8461337002?gh_jid=8461337002,2026-08-12,no,greenhouse
greenhouse:spacex:8506512002,SpaceX,"Material Handler, Heatshield (Starship) ",https://boards.greenhouse.io/spacex/jobs/8506512002?gh_jid=8506512002,2026-08-12,no,greenhouse
greenhouse:spacex:8648202002,SpaceX,Material Handler (Starshield) - Temporary Position,https://boards.greenhouse.io/spacex/jobs/8648202002?gh_jid=8648202002,2026-08-12,no,greenhouse
greenhouse:spacex:8621662002,SpaceX,"Materials Engineer, Additive Manufacturing ",https://boards.greenhouse.io/spacex/jobs/8621662002?gh_jid=8621662002,2026-08-12,no,greenhouse
greenhouse:spacex:8645074002,SpaceX,"Materials Engineer, AI Satellites (Starmind)",https://boards.greenhouse.io/spacex/jobs/8645074002?gh_jid=8645074002,2026-08-12,no,greenhouse
greenhouse:spacex:8574330002,SpaceX,"Materials Engineer, Materials Laboratory",https://boards.greenhouse.io/spacex/jobs/8574330002?gh_jid=8574330002,2026-08-12,no,greenhouse
greenhouse:spacex:8525798002,SpaceX,"Materials Engineer, Metals (Starship)",https://boards.greenhouse.io/spacex/jobs/8525798002?gh_jid=8525798002,2026-08-12,no,greenhouse
greenhouse:spacex:8572162002,SpaceX,"Materials Engineer, Metals (Starship)   ",https://boards.greenhouse.io/spacex/jobs/8572162002?gh_jid=8572162002,2026-08-12,no,greenhouse
greenhouse:spacex:8532221002,SpaceX,"Materials Engineer, Polymers (Starlink)",https://boards.greenhouse.io/spacex/jobs/8532221002?gh_jid=8532221002,2026-08-12,no,greenhouse
greenhouse:spacex:8675226002,SpaceX,Materials Engineer (Starlink),https://boards.greenhouse.io/spacex/jobs/8675226002?gh_jid=8675226002,2026-08-12,no,greenhouse
greenhouse:spacex:8614546002,SpaceX,"Materials Engineer, Test (Starship)",https://boards.greenhouse.io/spacex/jobs/8614546002?gh_jid=8614546002,2026-08-12,no,greenhouse
greenhouse:spacex:8653496002,SpaceX,"Materials Engineer, Thermal Protection (Starship)",https://boards.greenhouse.io/spacex/jobs/8653496002?gh_jid=8653496002,2026-08-12,no,greenhouse
greenhouse:spacex:8614967002,SpaceX,"Materials Engineer, Welding (Starship Components)",https://boards.greenhouse.io/spacex/jobs/8614967002?gh_jid=8614967002,2026-08-12,no,greenhouse
greenhouse:spacex:8482159002,SpaceX,Materials R&D Technician,https://boards.greenhouse.io/spacex/jobs/8482159002?gh_jid=8482159002,2026-08-12,no,greenhouse
greenhouse:spacex:8498815002,SpaceX,Materials R&D Technician - Level 4/5,https://boards.greenhouse.io/spacex/jobs/8498815002?gh_jid=8498815002,2026-08-12,no,greenhouse
greenhouse:spacex:8521859002,SpaceX,Materials R&D Technician - Level 4/5,https://boards.greenhouse.io/spacex/jobs/8521859002?gh_jid=8521859002,2026-08-12,no,greenhouse
greenhouse:spacex:8637606002,SpaceX,"Materials R&D Technician, Silicon Crystal Growth ",https://boards.greenhouse.io/spacex/jobs/8637606002?gh_jid=8637606002,2026-08-12,no,greenhouse
greenhouse:spacex:8445721002,SpaceX,"Materials R&D Technician, Silicon Wafer Engineering",https://boards.greenhouse.io/spacex/jobs/8445721002?gh_jid=8445721002,2026-08-12,no,greenhouse
greenhouse:spacex:8533808002,SpaceX,"Materials Technician, Glue Factory (Starship) - 2nd Shift ",https://boards.greenhouse.io/spacex/jobs/8533808002?gh_jid=8533808002,2026-08-12,no,greenhouse
greenhouse:spacex:8607174002,SpaceX,Material Transfer Driver - 2nd Shift,https://boards.greenhouse.io/spacex/jobs/8607174002?gh_jid=8607174002,2026-08-12,no,greenhouse
greenhouse:spacex:8542709002,SpaceX,"Mechanical Design Engineer, Consumer Hardware (Starlink)",https://boards.greenhouse.io/spacex/jobs/8542709002?gh_jid=8542709002,2026-08-12,no,greenhouse
greenhouse:spacex:8681151002,SpaceX,Mechanical Design Engineer (Falcon),https://boards.greenhouse.io/spacex/jobs/8681151002?gh_jid=8681151002,2026-08-12,no,greenhouse
greenhouse:spacex:8542789002,SpaceX,"Mechanical Design Engineer, Gateways (Starlink)",https://boards.greenhouse.io/spacex/jobs/8542789002?gh_jid=8542789002,2026-08-12,no,greenhouse
greenhouse:spacex:8602985002,SpaceX,"Mechanical Design Engineer, PCB (STARLINK)",https://boards.greenhouse.io/spacex/jobs/8602985002?gh_jid=8602985002,2026-08-12,no,greenhouse
greenhouse:spacex:8652488002,SpaceX,"Mechanical Design Engineer, Production (Starlink)",https://boards.greenhouse.io/spacex/jobs/8652488002?gh_jid=8652488002,2026-08-12,no,greenhouse
greenhouse:spacex:8626590002,SpaceX,Mechanical Design Engineer (Starfall),https://boards.greenhouse.io/spacex/jobs/8626590002?gh_jid=8626590002,2026-08-12,no,greenhouse
greenhouse:spacex:8604794002,SpaceX,Mechanical Design Engineer (Starship Components),https://boards.greenhouse.io/spacex/jobs/8604794002?gh_jid=8604794002,2026-08-12,no,greenhouse
greenhouse:spacex:8639139002,SpaceX,"Mechanical Designer, Automation & Controls (Starship Launch Pad) ",https://boards.greenhouse.io/spacex/jobs/8639139002?gh_jid=8639139002,2026-08-12,no,greenhouse
greenhouse:spacex:8648969002,SpaceX,Mechanical Engineer,https://boards.greenhouse.io/spacex/jobs/8648969002?gh_jid=8648969002,2026-08-12,no,greenhouse
greenhouse:spacex:8642529002,SpaceX,"Mechanical Engineer, AI Satellites (Starmind)",https://boards.greenhouse.io/spacex/jobs/8642529002?gh_jid=8642529002,2026-08-12,no,greenhouse
greenhouse:spacex:8426059002,SpaceX,"Mechanical Engineer, Cabin Structures (Crew Starship)",https://boards.greenhouse.io/spacex/jobs/8426059002?gh_jid=8426059002,2026-08-12,no,greenhouse
greenhouse:spacex:8441132002,SpaceX,"Mechanical Engineer (Components Build Engineer, Starship)",https://boards.greenhouse.io/spacex/jobs/8441132002?gh_jid=8441132002,2026-08-12,no,greenhouse
greenhouse:spacex:8623383002,SpaceX,Mechanical Engineer (Data Center MEP Systems),https://boards.greenhouse.io/spacex/jobs/8623383002?gh_jid=8623383002,2026-08-12,no,greenhouse
greenhouse:spacex:8649465002,SpaceX,Mechanical Engineer (Dragon),https://boards.greenhouse.io/spacex/jobs/8649465002?gh_jid=8649465002,2026-08-12,no,greenhouse
greenhouse:spacex:8628971002,SpaceX,"Mechanical Engineer, Electro-Mechanical (Starlink)",https://boards.greenhouse.io/spacex/jobs/8628971002?gh_jid=8628971002,2026-08-12,no,greenhouse
greenhouse:spacex:8599358002,SpaceX,Mechanical Engineer (Facilities),https://boards.greenhouse.io/spacex/jobs/8599358002?gh_jid=8599358002,2026-08-12,no,greenhouse
greenhouse:spacex:8491883002,SpaceX,Mechanical Engineer (Facilities),https://boards.greenhouse.io/spacex/jobs/8491883002?gh_jid=8491883002,2026-08-12,no,greenhouse
greenhouse:spacex:8403195002,SpaceX,"Mechanical Engineer, Flight Termination System (Starship)",https://boards.greenhouse.io/spacex/jobs/8403195002?gh_jid=8403195002,2026-08-12,no,greenhouse
greenhouse:spacex:8604710002,SpaceX,"Mechanical Engineer, Flight Termination System (Starship)  ",https://boards.greenhouse.io/spacex/jobs/8604710002?gh_jid=8604710002,2026-08-12,no,greenhouse
greenhouse:spacex:8578082002,SpaceX,"Mechanical Engineer, Fluid Systems (Design & Build)",https://boards.greenhouse.io/spacex/jobs/8578082002?gh_jid=8578082002,2026-08-12,no,greenhouse
greenhouse:spacex:8623145002,SpaceX,Mechanical Engineer (Gas/Steam Turbines),https://boards.greenhouse.io/spacex/jobs/8623145002?gh_jid=8623145002,2026-08-12,no,greenhouse
greenhouse:spacex:8521383002,SpaceX,"Mechanical Engineer, Hardware Reliability (Starlink)",https://boards.greenhouse.io/spacex/jobs/8521383002?gh_jid=8521383002,2026-08-12,no,greenhouse
greenhouse:spacex:8603366002,SpaceX,"Mechanical Engineer, Heatshield (Starship) ",https://boards.greenhouse.io/spacex/jobs/8603366002?gh_jid=8603366002,2026-08-12,no,greenhouse
greenhouse:spacex:8698666002,SpaceX,"Mechanical Engineer, HVAC (Facilities) ",https://boards.greenhouse.io/spacex/jobs/8698666002?gh_jid=8698666002,2026-08-12,no,greenhouse
greenhouse:spacex:8451034002,SpaceX,"Mechanical Engineer, Infrastructure",https://boards.greenhouse.io/spacex/jobs/8451034002?gh_jid=8451034002,2026-08-12,no,greenhouse
greenhouse:spacex:8540337002,SpaceX,"Mechanical Engineer, Infrastructure ",https://boards.greenhouse.io/spacex/jobs/8540337002?gh_jid=8540337002,2026-08-12,no,greenhouse
greenhouse:spacex:8552671002,SpaceX,"Mechanical Engineer, Insource Manufacturing (Starlink)",https://boards.greenhouse.io/spacex/jobs/8552671002?gh_jid=8552671002,2026-08-12,no,greenhouse
greenhouse:spacex:8559200002,SpaceX,"Mechanical Engineer, Machine Design (Starship)",https://boards.greenhouse.io/spacex/jobs/8559200002?gh_jid=8559200002,2026-08-12,no,greenhouse
greenhouse:spacex:8407781002,SpaceX,"Mechanical Engineer, Mechanisms (Crew Starship)",https://boards.greenhouse.io/spacex/jobs/8407781002?gh_jid=8407781002,2026-08-12,no,greenhouse
greenhouse:spacex:8623247002,SpaceX,"Mechanical Engineer, MEP",https://boards.greenhouse.io/spacex/jobs/8623247002?gh_jid=8623247002,2026-08-12,no,greenhouse
greenhouse:spacex:8594150002,SpaceX,"Mechanical Engineer, Optical & Space Lasers Manufacturing (Starlink)",https://boards.greenhouse.io/spacex/jobs/8594150002?gh_jid=8594150002,2026-08-12,no,greenhouse
greenhouse:spacex:8559982002,SpaceX,"Mechanical Engineer, PCB (Starlink)",https://boards.greenhouse.io/spacex/jobs/8559982002?gh_jid=8559982002,2026-08-12,no,greenhouse
greenhouse:spacex:8552471002,SpaceX,"Mechanical Engineer, Precision Machining (Starlink)",https://boards.greenhouse.io/spacex/jobs/8552471002?gh_jid=8552471002,2026-08-12,no,greenhouse
greenhouse:spacex:8607193002,SpaceX,"Mechanical Engineer, Printer Design & Manufacturing (Raptor)",https://boards.greenhouse.io/spacex/jobs/8607193002?gh_jid=8607193002,2026-08-12,no,greenhouse
greenhouse:spacex:8535169002,SpaceX,"Mechanical Engineer, Propellant Generation (Starship)",https://boards.greenhouse.io/spacex/jobs/8535169002?gh_jid=8535169002,2026-08-12,no,greenhouse
greenhouse:spacex:8612766002,SpaceX,"Mechanical Engineer, Satellite Harnessing (Starlink)",https://boards.greenhouse.io/spacex/jobs/8612766002?gh_jid=8612766002,2026-08-12,no,greenhouse
greenhouse:spacex:8612742002,SpaceX,Mechanical Engineer - Satellite Payload (Starlink),https://boards.greenhouse.io/spacex/jobs/8612742002?gh_jid=8612742002,2026-08-12,no,greenhouse
greenhouse:spacex:8495845002,SpaceX,"Mechanical Engineer - Satellite Solar Array, (Starlink)",https://boards.greenhouse.io/spacex/jobs/8495845002?gh_jid=8495845002,2026-08-12,no,greenhouse
greenhouse:spacex:8612730002,SpaceX,"Mechanical Engineer, Satellites (Starlink)",https://boards.greenhouse.io/spacex/jobs/8612730002?gh_jid=8612730002,2026-08-12,no,greenhouse
greenhouse:spacex:8672706002,SpaceX,"Mechanical Engineer, Solar Cell Factory (Starlink)",https://boards.greenhouse.io/spacex/jobs/8672706002?gh_jid=8672706002,2026-08-12,no,greenhouse
greenhouse:spacex:8537914002,SpaceX,Mechanical Engineer (Starlink Components),https://boards.greenhouse.io/spacex/jobs/8537914002?gh_jid=8537914002,2026-08-12,no,greenhouse
greenhouse:spacex:8558427002,SpaceX,Mechanical Engineer (Starlink Mobile),https://boards.greenhouse.io/spacex/jobs/8558427002?gh_jid=8558427002,2026-08-12,no,greenhouse
greenhouse:spacex:8540372002,SpaceX,Mechanical Engineer (Starshield),https://boards.greenhouse.io/spacex/jobs/8540372002?gh_jid=8540372002,2026-08-12,no,greenhouse
greenhouse:spacex:8626648002,SpaceX,Mechanical Engineer (Starship),https://boards.greenhouse.io/spacex/jobs/8626648002?gh_jid=8626648002,2026-08-12,no,greenhouse
greenhouse:spacex:8511462002,SpaceX,Mechanical Engineer (Starship),https://boards.greenhouse.io/spacex/jobs/8511462002?gh_jid=8511462002,2026-08-12,no,greenhouse
greenhouse:spacex:8397419002,SpaceX,Mechanical Engineer (Starship Avionics),https://boards.greenhouse.io/spacex/jobs/8397419002?gh_jid=8397419002,2026-08-12,no,greenhouse
greenhouse:spacex:8397154002,SpaceX,Mechanical Engineer (Starship Avionics) ,https://boards.greenhouse.io/spacex/jobs/8397154002?gh_jid=8397154002,2026-08-12,no,greenhouse
greenhouse:spacex:8661010002,SpaceX,Mechanical Engineer (Starship Components Manufacturing),https://boards.greenhouse.io/spacex/jobs/8661010002?gh_jid=8661010002,2026-08-12,no,greenhouse
greenhouse:spacex:8391903002,SpaceX,Mechanical Engineer (Starship Components Manufacturing),https://boards.greenhouse.io/spacex/jobs/8391903002?gh_jid=8391903002,2026-08-12,no,greenhouse
greenhouse:spacex:8400602002,SpaceX,Mechanical Engineer (Starship Structures),https://boards.greenhouse.io/spacex/jobs/8400602002?gh_jid=8400602002,2026-08-12,no,greenhouse
greenhouse:spacex:8617175002,SpaceX,"Mechanical Engineer (Structures), Starship Infrastructure",https://boards.greenhouse.io/spacex/jobs/8617175002?gh_jid=8617175002,2026-08-12,no,greenhouse
greenhouse:spacex:8558219002,SpaceX,Mechanical Engineer (Super Heavy Booster),https://boards.greenhouse.io/spacex/jobs/8558219002?gh_jid=8558219002,2026-08-12,no,greenhouse
greenhouse:spacex:8504788002,SpaceX,"Mechanical Engineer, Tower/Launch and Test",https://boards.greenhouse.io/spacex/jobs/8504788002?gh_jid=8504788002,2026-08-12,no,greenhouse
greenhouse:spacex:8596339002,SpaceX,"Mechanical Engineer, Tower & Launch Mount (Starship)",https://boards.greenhouse.io/spacex/jobs/8596339002?gh_jid=8596339002,2026-08-12,no,greenhouse
greenhouse:spacex:8628799002,SpaceX,Mechanical Integration and Test Engineer (Starlink),https://boards.greenhouse.io/spacex/jobs/8628799002?gh_jid=8628799002,2026-08-12,no,greenhouse
greenhouse:spacex:8501168002,SpaceX,Mechanical Integration & Test Engineer (Starshield),https://boards.greenhouse.io/spacex/jobs/8501168002?gh_jid=8501168002,2026-08-12,no,greenhouse
greenhouse:spacex:8652858002,SpaceX,"Mechanical Specialist, Construction",https://boards.greenhouse.io/spacex/jobs/8652858002?gh_jid=8652858002,2026-08-12,no,greenhouse
greenhouse:spacex:8560034002,SpaceX,"Mechanical Specialist, PCB (Starlink)",https://boards.greenhouse.io/spacex/jobs/8560034002?gh_jid=8560034002,2026-08-12,no,greenhouse
greenhouse:spacex:8579719002,SpaceX,Mechanical Superintendent (HVAC),https://boards.greenhouse.io/spacex/jobs/8579719002?gh_jid=8579719002,2026-08-12,no,greenhouse
greenhouse:spacex:8604948002,SpaceX,Mechanical Technician (Facilities),https://boards.greenhouse.io/spacex/jobs/8604948002?gh_jid=8604948002,2026-08-12,no,greenhouse
greenhouse:spacex:8569011002,SpaceX,Mechanisms Engineer (Starship),https://boards.greenhouse.io/spacex/jobs/8569011002?gh_jid=8569011002,2026-08-12,no,greenhouse
greenhouse:spacex:8490223002,SpaceX,Mechatronics Maintenance Engineer (Starship),https://boards.greenhouse.io/spacex/jobs/8490223002?gh_jid=8490223002,2026-08-12,no,greenhouse
greenhouse:spacex:8399747002,SpaceX,MEP/Construction Engineer,https://boards.greenhouse.io/spacex/jobs/8399747002?gh_jid=8399747002,2026-08-12,no,greenhouse
greenhouse:spacex:8647904002,SpaceX,MEP Engineer,https://boards.greenhouse.io/spacex/jobs/8647904002?gh_jid=8647904002,2026-08-12,no,greenhouse
greenhouse:spacex:8530759002,SpaceX,"Metrology Specialist, Solar Cells (Starlink) - Day Shift",https://boards.greenhouse.io/spacex/jobs/8530759002?gh_jid=8530759002,2026-08-12,no,greenhouse
greenhouse:spacex:8605067002,SpaceX,Microelectronics Process Engineer (Optical Products),https://boards.greenhouse.io/spacex/jobs/8605067002?gh_jid=8605067002,2026-08-12,no,greenhouse
greenhouse:spacex:8405092002,SpaceX,"Microelectronics Technician, Starlink",https://boards.greenhouse.io/spacex/jobs/8405092002?gh_jid=8405092002,2026-08-12,no,greenhouse
greenhouse:spacex:8569184002,SpaceX,"Mission Integration Engineer, AI (Starshield) - Top Secret Clearance",https://boards.greenhouse.io/spacex/jobs/8569184002?gh_jid=8569184002,2026-08-12,no,greenhouse
greenhouse:spacex:8468689002,SpaceX,"Mission Integration Engineer, C3 - Top Secret Clearance",https://boards.greenhouse.io/spacex/jobs/8468689002?gh_jid=8468689002,2026-08-12,no,greenhouse
greenhouse:spacex:8626679002,SpaceX,"Mission Integration Engineer, Mission Systems (Starshield)",https://boards.greenhouse.io/spacex/jobs/8626679002?gh_jid=8626679002,2026-08-12,no,greenhouse
greenhouse:spacex:8519574002,SpaceX,"Mission Integration Engineer, Network and Infrastructure (Starshield) ",https://boards.greenhouse.io/spacex/jobs/8519574002?gh_jid=8519574002,2026-08-12,no,greenhouse
greenhouse:spacex:8624678002,SpaceX,Mission Integration Engineer (Starshield),https://boards.greenhouse.io/spacex/jobs/8624678002?gh_jid=8624678002,2026-08-12,no,greenhouse
greenhouse:spacex:8502375002,SpaceX,"Mission Integration Engineer, User Products (Starshield)",https://boards.greenhouse.io/spacex/jobs/8502375002?gh_jid=8502375002,2026-08-12,no,greenhouse
greenhouse:spacex:8449201002,SpaceX,"Mission Manager, Space Lasers (Starshield)",https://boards.greenhouse.io/spacex/jobs/8449201002?gh_jid=8449201002,2026-08-12,no,greenhouse
greenhouse:spacex:8684276002,SpaceX,Mixologist,https://boards.greenhouse.io/spacex/jobs/8684276002?gh_jid=8684276002,2026-08-12,no,greenhouse
greenhouse:spacex:8525721002,SpaceX,"Mold Polisher, Tool & Die (Starlink)",https://boards.greenhouse.io/spacex/jobs/8525721002?gh_jid=8525721002,2026-08-12,no,greenhouse
greenhouse:spacex:8519758002,SpaceX,Motion Graphics Producer,https://boards.greenhouse.io/spacex/jobs/8519758002?gh_jid=8519758002,2026-08-12,no,greenhouse
greenhouse:spacex:8512827002,SpaceX,NDE Engineer,https://boards.greenhouse.io/spacex/jobs/8512827002?gh_jid=8512827002,2026-08-12,no,greenhouse
greenhouse:spacex:8402832002,SpaceX,NDE Engineer (Starship),https://boards.greenhouse.io/spacex/jobs/8402832002?gh_jid=8402832002,2026-08-12,no,greenhouse
greenhouse:spacex:8557560002,SpaceX,"NDE Inspector, Certified Welding Inspector (CWI)",https://boards.greenhouse.io/spacex/jobs/8557560002?gh_jid=8557560002,2026-08-12,no,greenhouse
greenhouse:spacex:8565363002,SpaceX,NDE Inspector (Starship),https://boards.greenhouse.io/spacex/jobs/8565363002?gh_jid=8565363002,2026-08-12,no,greenhouse
greenhouse:spacex:8483539002,SpaceX,NDE Inspector (Starship),https://boards.greenhouse.io/spacex/jobs/8483539002?gh_jid=8483539002,2026-08-12,no,greenhouse
greenhouse:spacex:8628661002,SpaceX,NDE Inspector (Starship) - Digital Radiography ,https://boards.greenhouse.io/spacex/jobs/8628661002?gh_jid=8628661002,2026-08-12,no,greenhouse
greenhouse:spacex:8628664002,SpaceX,NDE Inspector (Starship) - Phased Array,https://boards.greenhouse.io/spacex/jobs/8628664002?gh_jid=8628664002,2026-08-12,no,greenhouse
greenhouse:spacex:8428315002,SpaceX,NDE Inspector Trainee (Starship) - Temporary,https://boards.greenhouse.io/spacex/jobs/8428315002?gh_jid=8428315002,2026-08-12,no,greenhouse
greenhouse:spacex:8594822002,SpaceX,"NDE Level II Inspector, Certified Welding Inspector (Starship Mechanisms) - 1st Shift",https://boards.greenhouse.io/spacex/jobs/8594822002?gh_jid=8594822002,2026-08-12,no,greenhouse
greenhouse:spacex:8594811002,SpaceX,NDE Level II Inspector (Starship Mechanisms),https://boards.greenhouse.io/spacex/jobs/8594811002?gh_jid=8594811002,2026-08-12,no,greenhouse
greenhouse:spacex:8594825002,SpaceX,NDE Level II Inspector (Starship Mechanisms) - Split Shift,https://boards.greenhouse.io/spacex/jobs/8594825002?gh_jid=8594825002,2026-08-12,no,greenhouse
greenhouse:spacex:8397219002,SpaceX,"NDE Specialist, Eddy Current (Starship) - Level III",https://boards.greenhouse.io/spacex/jobs/8397219002?gh_jid=8397219002,2026-08-12,no,greenhouse
greenhouse:spacex:8578872002,SpaceX,Network Engineer (Starlink Community Gateway),https://boards.greenhouse.io/spacex/jobs/8578872002?gh_jid=8578872002,2026-08-12,no,greenhouse
greenhouse:spacex:8571363002,SpaceX,Network Operations Engineer (Starlink),https://boards.greenhouse.io/spacex/jobs/8571363002?gh_jid=8571363002,2026-08-12,no,greenhouse
greenhouse:spacex:8677956002,SpaceX,Network Operations Technician (Starlink),https://boards.greenhouse.io/spacex/jobs/8677956002?gh_jid=8677956002,2026-08-12,no,greenhouse
greenhouse:spacex:8599648002,SpaceX,Network Software Integration Engineer (Starlink) ,https://boards.greenhouse.io/spacex/jobs/8599648002?gh_jid=8599648002,2026-08-12,no,greenhouse
greenhouse:spacex:8541336002,SpaceX,"New Graduate Engineer, Electrical - Satellites (Starlink) ",https://boards.greenhouse.io/spacex/jobs/8541336002?gh_jid=8541336002,2026-08-12,no,greenhouse
greenhouse:spacex:8565726002,SpaceX,"New Graduate Engineer, Electrical (Starlink) ",https://boards.greenhouse.io/spacex/jobs/8565726002?gh_jid=8565726002,2026-08-12,no,greenhouse
greenhouse:spacex:8483305002,SpaceX,"New Graduate Engineer, Electrical (Starshield)",https://boards.greenhouse.io/spacex/jobs/8483305002?gh_jid=8483305002,2026-08-12,no,greenhouse
greenhouse:spacex:8578087002,SpaceX,"New Graduate Engineer, Launch & Test (Starship)",https://boards.greenhouse.io/spacex/jobs/8578087002?gh_jid=8578087002,2026-08-12,no,greenhouse
greenhouse:spacex:8497524002,SpaceX,"New Graduate Engineer, Mechanical",https://boards.greenhouse.io/spacex/jobs/8497524002?gh_jid=8497524002,2026-08-12,no,greenhouse
greenhouse:spacex:8622574002,SpaceX,"New Graduate Engineer, Mechanical (Cape Canaveral)",https://boards.greenhouse.io/spacex/jobs/8622574002?gh_jid=8622574002,2026-08-12,no,greenhouse
greenhouse:spacex:8578053002,SpaceX,"New Graduate Engineer, Mechanical (Starlink)",https://boards.greenhouse.io/spacex/jobs/8578053002?gh_jid=8578053002,2026-08-12,no,greenhouse
greenhouse:spacex:8542046002,SpaceX,"New Graduate Engineer, Mechanical (Starlink)",https://boards.greenhouse.io/spacex/jobs/8542046002?gh_jid=8542046002,2026-08-12,no,greenhouse
greenhouse:spacex:8493166002,SpaceX,"New Graduate Engineer, Mechanical (Starshield)",https://boards.greenhouse.io/spacex/jobs/8493166002?gh_jid=8493166002,2026-08-12,no,greenhouse
greenhouse:spacex:8497499002,SpaceX,"New Graduate Engineer, Mechanical (Starship)",https://boards.greenhouse.io/spacex/jobs/8497499002?gh_jid=8497499002,2026-08-12,no,greenhouse
greenhouse:spacex:8517361002,SpaceX,"New Graduate Engineer, Propulsion (Raptor)",https://boards.greenhouse.io/spacex/jobs/8517361002?gh_jid=8517361002,2026-08-12,no,greenhouse
greenhouse:spacex:8497447002,SpaceX,"New Graduate Engineer, Propulsion (Starship)",https://boards.greenhouse.io/spacex/jobs/8497447002?gh_jid=8497447002,2026-08-12,no,greenhouse
greenhouse:spacex:8493079002,SpaceX,"New Graduate Engineer, Software",https://boards.greenhouse.io/spacex/jobs/8493079002?gh_jid=8493079002,2026-08-12,no,greenhouse
greenhouse:spacex:8376990002,SpaceX,"New Graduate Engineer, Software (Starlink)",https://boards.greenhouse.io/spacex/jobs/8376990002?gh_jid=8376990002,2026-08-12,no,greenhouse
greenhouse:spacex:8446263002,SpaceX,"New Graduate Engineer, Software (Starlink)",https://boards.greenhouse.io/spacex/jobs/8446263002?gh_jid=8446263002,2026-08-12,no,greenhouse
greenhouse:spacex:8399140002,SpaceX,"New Graduate Engineer, Software (Starlink) ",https://boards.greenhouse.io/spacex/jobs/8399140002?gh_jid=8399140002,2026-08-12,no,greenhouse
greenhouse:spacex:8679959002,SpaceX,Office Manager,https://boards.greenhouse.io/spacex/jobs/8679959002?gh_jid=8679959002,2026-08-12,no,greenhouse
greenhouse:spacex:8481598002,SpaceX,Offline Paid Media Lead,https://boards.greenhouse.io/spacex/jobs/8481598002?gh_jid=8481598002,2026-08-12,no,greenhouse
greenhouse:spacex:8463192002,SpaceX,"Operations Analyst, Reliability (Starship)",https://boards.greenhouse.io/spacex/jobs/8463192002?gh_jid=8463192002,2026-08-12,no,greenhouse
greenhouse:spacex:8406964002,SpaceX,Operations Development Engineer (Starlink),https://boards.greenhouse.io/spacex/jobs/8406964002?gh_jid=8406964002,2026-08-12,no,greenhouse
greenhouse:spacex:8652229002,SpaceX,"Operations Engineer, Applied AI (Application Software) ",https://boards.greenhouse.io/spacex/jobs/8652229002?gh_jid=8652229002,2026-08-12,no,greenhouse
greenhouse:spacex:8652235002,SpaceX,"Operations Engineer, Applied AI (Application Software) ",https://boards.greenhouse.io/spacex/jobs/8652235002?gh_jid=8652235002,2026-08-12,no,greenhouse
greenhouse:spacex:8652296002,SpaceX,"Operations Engineer, Applied AI (Application Software) ",https://boards.greenhouse.io/spacex/jobs/8652296002?gh_jid=8652296002,2026-08-12,no,greenhouse
greenhouse:spacex:8652304002,SpaceX,"Operations Engineer, Applied AI (Application Software) ",https://boards.greenhouse.io/spacex/jobs/8652304002?gh_jid=8652304002,2026-08-12,no,greenhouse
greenhouse:spacex:8652236002,SpaceX,"Operations Engineer, Applied AI (Application Software) ",https://boards.greenhouse.io/spacex/jobs/8652236002?gh_jid=8652236002,2026-08-12,no,greenhouse
greenhouse:spacex:8652299002,SpaceX,"Operations Engineer, Applied AI (Application Software) ",https://boards.greenhouse.io/spacex/jobs/8652299002?gh_jid=8652299002,2026-08-12,no,greenhouse
greenhouse:spacex:8652301002,SpaceX,"Operations Engineer, Applied AI (Application Software) ",https://boards.greenhouse.io/spacex/jobs/8652301002?gh_jid=8652301002,2026-08-12,no,greenhouse
greenhouse:spacex:8645119002,SpaceX,Operations Engineer (Construction),https://boards.greenhouse.io/spacex/jobs/8645119002?gh_jid=8645119002,2026-08-12,no,greenhouse
greenhouse:spacex:8551671002,SpaceX,Operations Engineer (Facilities),https://boards.greenhouse.io/spacex/jobs/8551671002?gh_jid=8551671002,2026-08-12,no,greenhouse
greenhouse:spacex:8634955002,SpaceX,"Operations Engineer, Facilities (Starlink)",https://boards.greenhouse.io/spacex/jobs/8634955002?gh_jid=8634955002,2026-08-12,no,greenhouse
greenhouse:spacex:8641455002,SpaceX,Operations Engineer (Material Flow),https://boards.greenhouse.io/spacex/jobs/8641455002?gh_jid=8641455002,2026-08-12,no,greenhouse
greenhouse:spacex:8629084002,SpaceX,Operations Engineer (Production),https://boards.greenhouse.io/spacex/jobs/8629084002?gh_jid=8629084002,2026-08-12,no,greenhouse
greenhouse:spacex:8687584002,SpaceX,Operations Engineer (Raptor),https://boards.greenhouse.io/spacex/jobs/8687584002?gh_jid=8687584002,2026-08-12,no,greenhouse
greenhouse:spacex:8362961002,SpaceX,Operations Engineer (Space Planning),https://boards.greenhouse.io/spacex/jobs/8362961002?gh_jid=8362961002,2026-08-12,no,greenhouse
greenhouse:spacex:8450042002,SpaceX,"Operations Engineer, Spaceport Facilities",https://boards.greenhouse.io/spacex/jobs/8450042002?gh_jid=8450042002,2026-08-12,no,greenhouse
greenhouse:spacex:8496306002,SpaceX,Operations Engineer (Starlink Growth),https://boards.greenhouse.io/spacex/jobs/8496306002?gh_jid=8496306002,2026-08-12,no,greenhouse
greenhouse:spacex:8587084002,SpaceX,Operations Engineer (Starlink Production),https://boards.greenhouse.io/spacex/jobs/8587084002?gh_jid=8587084002,2026-08-12,no,greenhouse
greenhouse:spacex:8603308002,SpaceX,Operations Engineer (Starship),https://boards.greenhouse.io/spacex/jobs/8603308002?gh_jid=8603308002,2026-08-12,no,greenhouse
greenhouse:spacex:8597967002,SpaceX,Operations Engineer (Starship) ,https://boards.greenhouse.io/spacex/jobs/8597967002?gh_jid=8597967002,2026-08-12,no,greenhouse
greenhouse:spacex:8646650002,SpaceX,"Operations Engineer, Supply Chain (Starlink)",https://boards.greenhouse.io/spacex/jobs/8646650002?gh_jid=8646650002,2026-08-12,no,greenhouse
greenhouse:spacex:8571958002,SpaceX,"Operations Engineer, Supply Chain (Starlink)",https://boards.greenhouse.io/spacex/jobs/8571958002?gh_jid=8571958002,2026-08-12,no,greenhouse
greenhouse:spacex:8642283002,SpaceX,Operations Specialist (Starship) ,https://boards.greenhouse.io/spacex/jobs/8642283002?gh_jid=8642283002,2026-08-12,no,greenhouse
greenhouse:spacex:8656990002,SpaceX,"Optical Engineer, Satellites (Starlink)",https://boards.greenhouse.io/spacex/jobs/8656990002?gh_jid=8656990002,2026-08-12,no,greenhouse
greenhouse:spacex:8402772002,SpaceX,Optical Engineer (Starshield),https://boards.greenhouse.io/spacex/jobs/8402772002?gh_jid=8402772002,2026-08-12,no,greenhouse
greenhouse:spacex:8605055002,SpaceX,Optical Test Engineer (Integration & Test),https://boards.greenhouse.io/spacex/jobs/8605055002?gh_jid=8605055002,2026-08-12,no,greenhouse
greenhouse:spacex:8677827002,SpaceX,"Optical Transceiver Engineer - High Speed Links, Satellites (Starlink)",https://boards.greenhouse.io/spacex/jobs/8677827002?gh_jid=8677827002,2026-08-12,no,greenhouse
greenhouse:spacex:8612993002,SpaceX,Orbital Tube Welder (Dragon),https://boards.greenhouse.io/spacex/jobs/8612993002?gh_jid=8612993002,2026-08-12,no,greenhouse
greenhouse:spacex:8516852002,SpaceX,Orbital Tube Welder (Falcon),https://boards.greenhouse.io/spacex/jobs/8516852002?gh_jid=8516852002,2026-08-12,no,greenhouse
greenhouse:spacex:8552882002,SpaceX,OS/Platform Software Engineer (Starlink)   ,https://boards.greenhouse.io/spacex/jobs/8552882002?gh_jid=8552882002,2026-08-12,no,greenhouse
greenhouse:spacex:8651570002,SpaceX,Paint & Coatings Technician,https://boards.greenhouse.io/spacex/jobs/8651570002?gh_jid=8651570002,2026-08-12,no,greenhouse
greenhouse:spacex:8449038002,SpaceX,Paint Technician (Starship),https://boards.greenhouse.io/spacex/jobs/8449038002?gh_jid=8449038002,2026-08-12,no,greenhouse
greenhouse:spacex:8555580002,SpaceX,Pastry Chef,https://boards.greenhouse.io/spacex/jobs/8555580002?gh_jid=8555580002,2026-08-12,no,greenhouse
greenhouse:spacex:8669683002,SpaceX,Pastry Chef,https://boards.greenhouse.io/spacex/jobs/8669683002?gh_jid=8669683002,2026-08-12,no,greenhouse
greenhouse:spacex:8696011002,SpaceX,"PCB Designer, AI Satellites (Starmind)",https://boards.greenhouse.io/spacex/jobs/8696011002?gh_jid=8696011002,2026-08-12,no,greenhouse
greenhouse:spacex:8549216002,SpaceX,"PCB Designer, Avionics (Falcon & Dragon)",https://boards.greenhouse.io/spacex/jobs/8549216002?gh_jid=8549216002,2026-08-12,no,greenhouse
greenhouse:spacex:8565171002,SpaceX,PCB Designer (Starlink),https://boards.greenhouse.io/spacex/jobs/8565171002?gh_jid=8565171002,2026-08-12,no,greenhouse
greenhouse:spacex:8584326002,SpaceX,PCB Designer (Starlink),https://boards.greenhouse.io/spacex/jobs/8584326002?gh_jid=8584326002,2026-08-12,no,greenhouse
greenhouse:spacex:8676063002,SpaceX,PCB Designer (Starshield),https://boards.greenhouse.io/spacex/jobs/8676063002?gh_jid=8676063002,2026-08-12,no,greenhouse
greenhouse:spacex:8409342002,SpaceX,PCB Designer (Starship)   ,https://boards.greenhouse.io/spacex/jobs/8409342002?gh_jid=8409342002,2026-08-12,no,greenhouse
greenhouse:spacex:8505212002,SpaceX,PCB Materials Lab Technician (Starlink) ,https://boards.greenhouse.io/spacex/jobs/8505212002?gh_jid=8505212002,2026-08-12,no,greenhouse
greenhouse:spacex:8671126002,SpaceX,PCB Process Technician (Starlink),https://boards.greenhouse.io/spacex/jobs/8671126002?gh_jid=8671126002,2026-08-12,no,greenhouse
greenhouse:spacex:8569054002,SpaceX,PCB Reliability Engineer (Starshield),https://boards.greenhouse.io/spacex/jobs/8569054002?gh_jid=8569054002,2026-08-12,no,greenhouse
greenhouse:spacex:8615802002,SpaceX,PCB Technician (Starlink),https://boards.greenhouse.io/spacex/jobs/8615802002?gh_jid=8615802002,2026-08-12,no,greenhouse
greenhouse:spacex:8533749002,SpaceX,Physical Design Engineer II (Silicon Engineering),https://boards.greenhouse.io/spacex/jobs/8533749002?gh_jid=8533749002,2026-08-12,no,greenhouse
greenhouse:spacex:8533679002,SpaceX,Physical Design Engineer II (Silicon Engineering),https://boards.greenhouse.io/spacex/jobs/8533679002?gh_jid=8533679002,2026-08-12,no,greenhouse
greenhouse:spacex:8506508002,SpaceX,Physical Design Engineer II (Silicon Engineering),https://boards.greenhouse.io/spacex/jobs/8506508002?gh_jid=8506508002,2026-08-12,no,greenhouse
greenhouse:spacex:8691749002,SpaceX,Physical Security Hardware Specialist,https://boards.greenhouse.io/spacex/jobs/8691749002?gh_jid=8691749002,2026-08-12,no,greenhouse
greenhouse:spacex:8643901002,SpaceX,Physical Security Hardware Specialist ,https://boards.greenhouse.io/spacex/jobs/8643901002?gh_jid=8643901002,2026-08-12,no,greenhouse
greenhouse:spacex:8621439002,SpaceX,Physical Security Specialist,https://boards.greenhouse.io/spacex/jobs/8621439002?gh_jid=8621439002,2026-08-12,no,greenhouse
greenhouse:spacex:8648134002,SpaceX,Physical Security Specialist,https://boards.greenhouse.io/spacex/jobs/8648134002?gh_jid=8648134002,2026-08-12,no,greenhouse
greenhouse:spacex:8679128002,SpaceX,Pilot,https://boards.greenhouse.io/spacex/jobs/8679128002?gh_jid=8679128002,2026-08-12,no,greenhouse
greenhouse:spacex:8612413002,SpaceX,Pipe Welder (Night Shift),https://boards.greenhouse.io/spacex/jobs/8612413002?gh_jid=8612413002,2026-08-12,no,greenhouse
greenhouse:spacex:8604523002,SpaceX,Pipe Welder (Night Shift) - Level 4,https://boards.greenhouse.io/spacex/jobs/8604523002?gh_jid=8604523002,2026-08-12,no,greenhouse
greenhouse:spacex:8672255002,SpaceX,Piping Technician (Starlink),https://boards.greenhouse.io/spacex/jobs/8672255002?gh_jid=8672255002,2026-08-12,no,greenhouse
greenhouse:spacex:8692268002,SpaceX,"Platform Engineer, Flight Software (Starlink)",https://boards.greenhouse.io/spacex/jobs/8692268002?gh_jid=8692268002,2026-08-12,no,greenhouse
greenhouse:spacex:8656715002,SpaceX,Platform Integrity Manager (Starlink),https://boards.greenhouse.io/spacex/jobs/8656715002?gh_jid=8656715002,2026-08-12,no,greenhouse
greenhouse:spacex:8656713002,SpaceX,Platform Integrity Manager (Starlink),https://boards.greenhouse.io/spacex/jobs/8656713002?gh_jid=8656713002,2026-08-12,no,greenhouse
greenhouse:spacex:8622988002,SpaceX,Platform Integrity Manager (Starlink),https://boards.greenhouse.io/spacex/jobs/8622988002?gh_jid=8622988002,2026-08-12,no,greenhouse
greenhouse:spacex:8614601002,SpaceX,PLP/SiP Maintenance Technician (Starlink),https://boards.greenhouse.io/spacex/jobs/8614601002?gh_jid=8614601002,2026-08-12,no,greenhouse
greenhouse:spacex:8654480002,SpaceX,Plumber - Level 4/5,https://boards.greenhouse.io/spacex/jobs/8654480002?gh_jid=8654480002,2026-08-12,no,greenhouse
greenhouse:spacex:8605109002,SpaceX,Plumbing Technician - 2nd Shift (Facilities),https://boards.greenhouse.io/spacex/jobs/8605109002?gh_jid=8605109002,2026-08-12,no,greenhouse
greenhouse:spacex:8627255002,SpaceX,Porter,https://boards.greenhouse.io/spacex/jobs/8627255002?gh_jid=8627255002,2026-08-12,no,greenhouse
greenhouse:spacex:8573577002,SpaceX,Porter,https://boards.greenhouse.io/spacex/jobs/8573577002?gh_jid=8573577002,2026-08-12,no,greenhouse
greenhouse:spacex:8511194002,SpaceX,Porter - Temporary,https://boards.greenhouse.io/spacex/jobs/8511194002?gh_jid=8511194002,2026-08-12,no,greenhouse
greenhouse:spacex:8652873002,SpaceX,Porter - Temporary,https://boards.greenhouse.io/spacex/jobs/8652873002?gh_jid=8652873002,2026-08-12,no,greenhouse
greenhouse:spacex:8639268002,SpaceX,"Power Electronics Engineer, AI Satellites (Starmind)",https://boards.greenhouse.io/spacex/jobs/8639268002?gh_jid=8639268002,2026-08-12,no,greenhouse
greenhouse:spacex:8635943002,SpaceX,Power Electronics Engineer - High Voltage (Starlink),https://boards.greenhouse.io/spacex/jobs/8635943002?gh_jid=8635943002,2026-08-12,no,greenhouse
greenhouse:spacex:8534757002,SpaceX,"Power Electronics Engineer, Satellites (Starlink)",https://boards.greenhouse.io/spacex/jobs/8534757002?gh_jid=8534757002,2026-08-12,no,greenhouse
greenhouse:spacex:8692894002,SpaceX,Power Electronics Engineer (Starship),https://boards.greenhouse.io/spacex/jobs/8692894002?gh_jid=8692894002,2026-08-12,no,greenhouse
greenhouse:spacex:8592867002,SpaceX,Power Generation Engineer (Starship),https://boards.greenhouse.io/spacex/jobs/8592867002?gh_jid=8592867002,2026-08-12,no,greenhouse
greenhouse:spacex:8623199002,SpaceX,Power Plant Engineer,https://boards.greenhouse.io/spacex/jobs/8623199002?gh_jid=8623199002,2026-08-12,no,greenhouse
greenhouse:spacex:8401210002,SpaceX,Power Systems Engineer,https://boards.greenhouse.io/spacex/jobs/8401210002?gh_jid=8401210002,2026-08-12,no,greenhouse
greenhouse:spacex:8649976002,SpaceX,Power Systems Engineer (Starlink),https://boards.greenhouse.io/spacex/jobs/8649976002?gh_jid=8649976002,2026-08-12,no,greenhouse
greenhouse:spacex:8450056002,SpaceX,Power Systems Engineer (Starship),https://boards.greenhouse.io/spacex/jobs/8450056002?gh_jid=8450056002,2026-08-12,no,greenhouse
greenhouse:spacex:8627410002,SpaceX,Power Systems Engineer (Starship Avionics) ,https://boards.greenhouse.io/spacex/jobs/8627410002?gh_jid=8627410002,2026-08-12,no,greenhouse
greenhouse:spacex:8627222002,SpaceX,Power Systems Engineer (Starship Avionics) ,https://boards.greenhouse.io/spacex/jobs/8627222002?gh_jid=8627222002,2026-08-12,no,greenhouse
greenhouse:spacex:8421413002,SpaceX,Precision Inspector (Rocket Valves) - 2nd Shift,https://boards.greenhouse.io/spacex/jobs/8421413002?gh_jid=8421413002,2026-08-12,no,greenhouse
greenhouse:spacex:8617153002,SpaceX,Prefabrication Technician ,https://boards.greenhouse.io/spacex/jobs/8617153002?gh_jid=8617153002,2026-08-12,no,greenhouse
greenhouse:spacex:8572113002,SpaceX,"Principal AI Engineer, Special Programs",https://boards.greenhouse.io/spacex/jobs/8572113002?gh_jid=8572113002,2026-08-12,no,greenhouse
greenhouse:spacex:8572114002,SpaceX,"Principal AI Engineer, Special Programs",https://boards.greenhouse.io/spacex/jobs/8572114002?gh_jid=8572114002,2026-08-12,no,greenhouse
greenhouse:spacex:8493125002,SpaceX,Principal ASIC Design Engineer (Starshield),https://boards.greenhouse.io/spacex/jobs/8493125002?gh_jid=8493125002,2026-08-12,no,greenhouse
greenhouse:spacex:8559217002,SpaceX,Principal Design Verification Engineer (Silicon Engineering),https://boards.greenhouse.io/spacex/jobs/8559217002?gh_jid=8559217002,2026-08-12,no,greenhouse
greenhouse:spacex:8559220002,SpaceX,Principal Design Verification Engineer (Silicon Engineering),https://boards.greenhouse.io/spacex/jobs/8559220002?gh_jid=8559220002,2026-08-12,no,greenhouse
greenhouse:spacex:8559219002,SpaceX,Principal Design Verification Engineer (Silicon Engineering),https://boards.greenhouse.io/spacex/jobs/8559219002?gh_jid=8559219002,2026-08-12,no,greenhouse
greenhouse:spacex:8559218002,SpaceX,Principal Design Verification Engineer (Silicon Engineering),https://boards.greenhouse.io/spacex/jobs/8559218002?gh_jid=8559218002,2026-08-12,no,greenhouse
greenhouse:spacex:8654612002,SpaceX,Principal DFT Engineer (Silicon Engineering),https://boards.greenhouse.io/spacex/jobs/8654612002?gh_jid=8654612002,2026-08-12,no,greenhouse
greenhouse:spacex:8654614002,SpaceX,Principal DFT Engineer (Silicon Engineering),https://boards.greenhouse.io/spacex/jobs/8654614002?gh_jid=8654614002,2026-08-12,no,greenhouse
greenhouse:spacex:8654609002,SpaceX,Principal DFT Engineer (Silicon Engineering),https://boards.greenhouse.io/spacex/jobs/8654609002?gh_jid=8654609002,2026-08-12,no,greenhouse
greenhouse:spacex:8357119002,SpaceX,"Principal Electrical Design Engineer, Gateways & Customer Hardware (Starlink) ",https://boards.greenhouse.io/spacex/jobs/8357119002?gh_jid=8357119002,2026-08-12,no,greenhouse
greenhouse:spacex:8461465002,SpaceX,"Principal Electrical Engineer, Satellites (Starlink) ",https://boards.greenhouse.io/spacex/jobs/8461465002?gh_jid=8461465002,2026-08-12,no,greenhouse
greenhouse:spacex:8690980002,SpaceX,"Principal Engineer, AI Satellites (Starmind)",https://boards.greenhouse.io/spacex/jobs/8690980002?gh_jid=8690980002,2026-08-12,no,greenhouse
greenhouse:spacex:8632314002,SpaceX,Principal Environmental Engineer,https://boards.greenhouse.io/spacex/jobs/8632314002?gh_jid=8632314002,2026-08-12,no,greenhouse
greenhouse:spacex:8632316002,SpaceX,Principal Environmental Engineer,https://boards.greenhouse.io/spacex/jobs/8632316002?gh_jid=8632316002,2026-08-12,no,greenhouse
greenhouse:spacex:8632228002,SpaceX,Principal Environmental Engineer,https://boards.greenhouse.io/spacex/jobs/8632228002?gh_jid=8632228002,2026-08-12,no,greenhouse
greenhouse:spacex:8327181002,SpaceX,Principal Mechanical Engineer (Starship),https://boards.greenhouse.io/spacex/jobs/8327181002?gh_jid=8327181002,2026-08-12,no,greenhouse
greenhouse:spacex:8534797002,SpaceX,Principal Optical Network Engineer (Starlink Ground Network),https://boards.greenhouse.io/spacex/jobs/8534797002?gh_jid=8534797002,2026-08-12,no,greenhouse
greenhouse:spacex:8558471002,SpaceX,Principal RF Engineer (Starshield),https://boards.greenhouse.io/spacex/jobs/8558471002?gh_jid=8558471002,2026-08-12,no,greenhouse
greenhouse:spacex:8395232002,SpaceX,Principal RFIC Engineer (Starshield Silicon),https://boards.greenhouse.io/spacex/jobs/8395232002?gh_jid=8395232002,2026-08-12,no,greenhouse
greenhouse:spacex:8650021002,SpaceX,Principal RF Software Engineer (Starshield),https://boards.greenhouse.io/spacex/jobs/8650021002?gh_jid=8650021002,2026-08-12,no,greenhouse
greenhouse:spacex:8562265002,SpaceX,"Principal Software Engineer, CDN  (Starlink)",https://boards.greenhouse.io/spacex/jobs/8562265002?gh_jid=8562265002,2026-08-12,no,greenhouse
greenhouse:spacex:8533847002,SpaceX,"Principal Software Engineer, Continuous Integration (Starship)",https://boards.greenhouse.io/spacex/jobs/8533847002?gh_jid=8533847002,2026-08-12,no,greenhouse
greenhouse:spacex:8533843002,SpaceX,"Principal Software Engineer, Continuous Integration (Starship)",https://boards.greenhouse.io/spacex/jobs/8533843002?gh_jid=8533843002,2026-08-12,no,greenhouse
greenhouse:spacex:8494978002,SpaceX,Principal Software Engineer (Platform Team),https://boards.greenhouse.io/spacex/jobs/8494978002?gh_jid=8494978002,2026-08-12,no,greenhouse
greenhouse:spacex:8558817002,SpaceX,Principal Software Engineer (Platform Team),https://boards.greenhouse.io/spacex/jobs/8558817002?gh_jid=8558817002,2026-08-12,no,greenhouse
greenhouse:spacex:8558835002,SpaceX,Principal Software Engineer (Platform Team),https://boards.greenhouse.io/spacex/jobs/8558835002?gh_jid=8558835002,2026-08-12,no,greenhouse
greenhouse:spacex:8558839002,SpaceX,Principal Software Engineer (Platform Team),https://boards.greenhouse.io/spacex/jobs/8558839002?gh_jid=8558839002,2026-08-12,no,greenhouse
greenhouse:spacex:8560572002,SpaceX,Principal Software Engineer (Platform Team),https://boards.greenhouse.io/spacex/jobs/8560572002?gh_jid=8560572002,2026-08-12,no,greenhouse
greenhouse:spacex:8560575002,SpaceX,Principal Software Engineer (Platform Team),https://boards.greenhouse.io/spacex/jobs/8560575002?gh_jid=8560575002,2026-08-12,no,greenhouse
greenhouse:spacex:8628910002,SpaceX,Principal Solar Process Engineer (Starlink),https://boards.greenhouse.io/spacex/jobs/8628910002?gh_jid=8628910002,2026-08-12,no,greenhouse
greenhouse:spacex:8557138002,SpaceX,"Principal Water Treatment Engineer, Solar Cell Factory",https://boards.greenhouse.io/spacex/jobs/8557138002?gh_jid=8557138002,2026-08-12,no,greenhouse
greenhouse:spacex:8564810002,SpaceX,Principal Wi-Fi Software Engineer (Starlink),https://boards.greenhouse.io/spacex/jobs/8564810002?gh_jid=8564810002,2026-08-12,no,greenhouse
greenhouse:spacex:8672728002,SpaceX,"Process Controls Engineer, Solar Cell Factory (Starlink)",https://boards.greenhouse.io/spacex/jobs/8672728002?gh_jid=8672728002,2026-08-12,no,greenhouse
greenhouse:spacex:8555804002,SpaceX,Process Development Engineer ,https://boards.greenhouse.io/spacex/jobs/8555804002?gh_jid=8555804002,2026-08-12,no,greenhouse
greenhouse:spacex:8586083002,SpaceX,"Process Engineer, Industrial Water Treatment (Starlink)",https://boards.greenhouse.io/spacex/jobs/8586083002?gh_jid=8586083002,2026-08-12,no,greenhouse
greenhouse:spacex:8659946002,SpaceX,"Process Engineer, Machinery & Automation",https://boards.greenhouse.io/spacex/jobs/8659946002?gh_jid=8659946002,2026-08-12,no,greenhouse
greenhouse:spacex:8473718002,SpaceX,Process Engineer (Starlink/Akoustis),https://boards.greenhouse.io/spacex/jobs/8473718002?gh_jid=8473718002,2026-08-12,no,greenhouse
greenhouse:spacex:8657637002,SpaceX,Process Engineer (Starshield),https://boards.greenhouse.io/spacex/jobs/8657637002?gh_jid=8657637002,2026-08-12,no,greenhouse
greenhouse:spacex:8561097002,SpaceX,Process Engineer (Starship),https://boards.greenhouse.io/spacex/jobs/8561097002?gh_jid=8561097002,2026-08-12,no,greenhouse
greenhouse:spacex:8423849002,SpaceX,Process Operator Specialist - Level 4/5,https://boards.greenhouse.io/spacex/jobs/8423849002?gh_jid=8423849002,2026-08-12,no,greenhouse
greenhouse:spacex:8407507002,SpaceX,Process Safety Engineer (Raptor/Starship),https://boards.greenhouse.io/spacex/jobs/8407507002?gh_jid=8407507002,2026-08-12,no,greenhouse
greenhouse:spacex:8601643002,SpaceX,"Process Technician, Injection Molding (Starlink) - 2nd shift",https://boards.greenhouse.io/spacex/jobs/8601643002?gh_jid=8601643002,2026-08-12,no,greenhouse
greenhouse:spacex:8484568002,SpaceX,Product Compliance Engineer (Starlink),https://boards.greenhouse.io/spacex/jobs/8484568002?gh_jid=8484568002,2026-08-12,no,greenhouse
greenhouse:spacex:8545873002,SpaceX,Product Development Engineer (Starlink),https://boards.greenhouse.io/spacex/jobs/8545873002?gh_jid=8545873002,2026-08-12,no,greenhouse
greenhouse:spacex:8522688002,SpaceX,Product Development Engineer (Starlink)   ,https://boards.greenhouse.io/spacex/jobs/8522688002?gh_jid=8522688002,2026-08-12,no,greenhouse
greenhouse:spacex:8675144002,SpaceX,Product Growth Strategy & Analytics Lead (Starlink),https://boards.greenhouse.io/spacex/jobs/8675144002?gh_jid=8675144002,2026-08-12,no,greenhouse
greenhouse:spacex:8675183002,SpaceX,Product Growth Strategy & Analytics Lead (Starlink),https://boards.greenhouse.io/spacex/jobs/8675183002?gh_jid=8675183002,2026-08-12,no,greenhouse
greenhouse:spacex:8675180002,SpaceX,Product Growth Strategy & Analytics Lead (Starlink),https://boards.greenhouse.io/spacex/jobs/8675180002?gh_jid=8675180002,2026-08-12,no,greenhouse
greenhouse:spacex:8626973002,SpaceX,Production Associate (Starlink/Akoustis),https://boards.greenhouse.io/spacex/jobs/8626973002?gh_jid=8626973002,2026-08-12,no,greenhouse
greenhouse:spacex:8662605002,SpaceX,Production Control Specialist (Starlink/Akoustis),https://boards.greenhouse.io/spacex/jobs/8662605002?gh_jid=8662605002,2026-08-12,no,greenhouse
greenhouse:spacex:8490714002,SpaceX,Production Control Specialist (Starlink/Akoustis),https://boards.greenhouse.io/spacex/jobs/8490714002?gh_jid=8490714002,2026-08-12,no,greenhouse
greenhouse:spacex:8627025002,SpaceX,Production Controls Scheduler (Dragon),https://boards.greenhouse.io/spacex/jobs/8627025002?gh_jid=8627025002,2026-08-12,no,greenhouse
greenhouse:spacex:8633901002,SpaceX,Production Coordinator,https://boards.greenhouse.io/spacex/jobs/8633901002?gh_jid=8633901002,2026-08-12,no,greenhouse
greenhouse:spacex:8660102002,SpaceX,Production Coordinator (Booster Structures),https://boards.greenhouse.io/spacex/jobs/8660102002?gh_jid=8660102002,2026-08-12,no,greenhouse
greenhouse:spacex:8398364002,SpaceX,Production Coordinator (Fleet Maintenance),https://boards.greenhouse.io/spacex/jobs/8398364002?gh_jid=8398364002,2026-08-12,no,greenhouse
greenhouse:spacex:8484535002,SpaceX,Production Coordinator (Fleet Maintenance) - Nights,https://boards.greenhouse.io/spacex/jobs/8484535002?gh_jid=8484535002,2026-08-12,no,greenhouse
greenhouse:spacex:8568855002,SpaceX,"Production Coordinator, Heatshield (Starship) - Night Shift",https://boards.greenhouse.io/spacex/jobs/8568855002?gh_jid=8568855002,2026-08-12,no,greenhouse
greenhouse:spacex:8552779002,SpaceX,Production Coordinator (Starship Components Machining),https://boards.greenhouse.io/spacex/jobs/8552779002?gh_jid=8552779002,2026-08-12,no,greenhouse
greenhouse:spacex:8639961002,SpaceX,Production Director (Starship),https://boards.greenhouse.io/spacex/jobs/8639961002?gh_jid=8639961002,2026-08-12,no,greenhouse
greenhouse:spacex:8649729002,SpaceX,"Production Engineer, Site Reliability (Application Software)",https://boards.greenhouse.io/spacex/jobs/8649729002?gh_jid=8649729002,2026-08-12,no,greenhouse
greenhouse:spacex:8420823002,SpaceX,Production Engineer (Starship Electronics),https://boards.greenhouse.io/spacex/jobs/8420823002?gh_jid=8420823002,2026-08-12,no,greenhouse
greenhouse:spacex:8629250002,SpaceX,Production Machinist (Starlink) - 1st Shift,https://boards.greenhouse.io/spacex/jobs/8629250002?gh_jid=8629250002,2026-08-12,no,greenhouse
greenhouse:spacex:8552292002,SpaceX,Production Machinist (Starlink) - 1st Shift - Level 4/5,https://boards.greenhouse.io/spacex/jobs/8552292002?gh_jid=8552292002,2026-08-12,no,greenhouse
greenhouse:spacex:8629252002,SpaceX,Production Machinist (Starlink) - 2nd Shift,https://boards.greenhouse.io/spacex/jobs/8629252002?gh_jid=8629252002,2026-08-12,no,greenhouse
greenhouse:spacex:8552304002,SpaceX,Production Machinist (Starlink) - 2nd Shift - Level 4/5 ,https://boards.greenhouse.io/spacex/jobs/8552304002?gh_jid=8552304002,2026-08-12,no,greenhouse
greenhouse:spacex:8546250002,SpaceX,"Production Manager, Starlink Silicon Assembly",https://boards.greenhouse.io/spacex/jobs/8546250002?gh_jid=8546250002,2026-08-12,no,greenhouse
greenhouse:spacex:8627635002,SpaceX,Production Operations Engineer (Starship),https://boards.greenhouse.io/spacex/jobs/8627635002?gh_jid=8627635002,2026-08-12,no,greenhouse
greenhouse:spacex:8592321002,SpaceX,Production Project Engineer (Starlink),https://boards.greenhouse.io/spacex/jobs/8592321002?gh_jid=8592321002,2026-08-12,no,greenhouse
greenhouse:spacex:8611123002,SpaceX,Production Reliability Engineer (Starship Electronics),https://boards.greenhouse.io/spacex/jobs/8611123002?gh_jid=8611123002,2026-08-12,no,greenhouse
greenhouse:spacex:8604712002,SpaceX,"Production Scheduler, Precision Machining (Starlink)",https://boards.greenhouse.io/spacex/jobs/8604712002?gh_jid=8604712002,2026-08-12,no,greenhouse
greenhouse:spacex:8597840002,SpaceX,"Production Scheduler, Starlink Machining Operations",https://boards.greenhouse.io/spacex/jobs/8597840002?gh_jid=8597840002,2026-08-12,no,greenhouse
greenhouse:spacex:8581270002,SpaceX,"Production Scheduler, Starship",https://boards.greenhouse.io/spacex/jobs/8581270002?gh_jid=8581270002,2026-08-12,no,greenhouse
greenhouse:spacex:8601631002,SpaceX,"Production Scheduler, Starship Components",https://boards.greenhouse.io/spacex/jobs/8601631002?gh_jid=8601631002,2026-08-12,no,greenhouse
greenhouse:spacex:8646129002,SpaceX,Production Scheduler (Starship Mechanisms),https://boards.greenhouse.io/spacex/jobs/8646129002?gh_jid=8646129002,2026-08-12,no,greenhouse
greenhouse:spacex:8574247002,SpaceX,Production Shift Supervisor (Starlink/Akoustis),https://boards.greenhouse.io/spacex/jobs/8574247002?gh_jid=8574247002,2026-08-12,no,greenhouse
greenhouse:spacex:8672275002,SpaceX,Production Supervisor - Assembly & SMT (Starlink) ,https://boards.greenhouse.io/spacex/jobs/8672275002?gh_jid=8672275002,2026-08-12,no,greenhouse
greenhouse:spacex:8584481002,SpaceX,"Production Supervisor, Injection Molding - Night Shift (Starlink) ",https://boards.greenhouse.io/spacex/jobs/8584481002?gh_jid=8584481002,2026-08-12,no,greenhouse
greenhouse:spacex:8584468002,SpaceX,"Production Supervisor, Injection Molding (Starlink) ",https://boards.greenhouse.io/spacex/jobs/8584468002?gh_jid=8584468002,2026-08-12,no,greenhouse
greenhouse:spacex:8551478002,SpaceX,Production Supervisor (PCB Manufacturing),https://boards.greenhouse.io/spacex/jobs/8551478002?gh_jid=8551478002,2026-08-12,no,greenhouse
greenhouse:spacex:8483062002,SpaceX,"Production Supervisor, Starlink Silicon Assembly",https://boards.greenhouse.io/spacex/jobs/8483062002?gh_jid=8483062002,2026-08-12,no,greenhouse
greenhouse:spacex:8550844002,SpaceX,"Production Technician, Gateways (Starlink)",https://boards.greenhouse.io/spacex/jobs/8550844002?gh_jid=8550844002,2026-08-12,no,greenhouse
greenhouse:spacex:8530785002,SpaceX,"Production Technician, Solar Cells (Starlink) - Day Shift",https://boards.greenhouse.io/spacex/jobs/8530785002?gh_jid=8530785002,2026-08-12,no,greenhouse
greenhouse:spacex:8624122002,SpaceX,Production Technician (Starlink/Akoustis) ,https://boards.greenhouse.io/spacex/jobs/8624122002?gh_jid=8624122002,2026-08-12,no,greenhouse
greenhouse:spacex:8577411002,SpaceX,Product Security Engineer (Starlink),https://boards.greenhouse.io/spacex/jobs/8577411002?gh_jid=8577411002,2026-08-12,no,greenhouse
greenhouse:spacex:8543671002,SpaceX,Product Security Engineer (Starlink),https://boards.greenhouse.io/spacex/jobs/8543671002?gh_jid=8543671002,2026-08-12,no,greenhouse
greenhouse:spacex:8624835002,SpaceX,Product Security Engineer (Starlink),https://boards.greenhouse.io/spacex/jobs/8624835002?gh_jid=8624835002,2026-08-12,no,greenhouse
greenhouse:spacex:8652831002,SpaceX,"Project Engineer, Critical Lift & Transport (Starship)",https://boards.greenhouse.io/spacex/jobs/8652831002?gh_jid=8652831002,2026-08-12,no,greenhouse
greenhouse:spacex:8639546002,SpaceX,Property Tax Analyst,https://boards.greenhouse.io/spacex/jobs/8639546002?gh_jid=8639546002,2026-08-12,no,greenhouse
greenhouse:spacex:8575267002,SpaceX,Proposal Specialist ,https://boards.greenhouse.io/spacex/jobs/8575267002?gh_jid=8575267002,2026-08-12,no,greenhouse
greenhouse:spacex:8486119002,SpaceX,"Propulsion Analyst, Chamber and Nozzle (Raptor)",https://boards.greenhouse.io/spacex/jobs/8486119002?gh_jid=8486119002,2026-08-12,no,greenhouse
greenhouse:spacex:8377562002,SpaceX,"Propulsion Analyst, Structures (Raptor)",https://boards.greenhouse.io/spacex/jobs/8377562002?gh_jid=8377562002,2026-08-12,no,greenhouse
greenhouse:spacex:8402121002,SpaceX,Propulsion Build Engineer (Starship),https://boards.greenhouse.io/spacex/jobs/8402121002?gh_jid=8402121002,2026-08-12,no,greenhouse
greenhouse:spacex:8623602002,SpaceX,"Propulsion Engineer, Avionics Manufacturing (Raptor)",https://boards.greenhouse.io/spacex/jobs/8623602002?gh_jid=8623602002,2026-08-12,no,greenhouse
greenhouse:spacex:8540363002,SpaceX,"Propulsion Engineer, Chamber and Nozzle Manufacturing (Raptor) ",https://boards.greenhouse.io/spacex/jobs/8540363002?gh_jid=8540363002,2026-08-12,no,greenhouse
greenhouse:spacex:8627675002,SpaceX,"Propulsion Engineer, Chamber and Nozzle (Raptor) ",https://boards.greenhouse.io/spacex/jobs/8627675002?gh_jid=8627675002,2026-08-12,no,greenhouse
greenhouse:spacex:8511177002,SpaceX,"Propulsion Engineer, Combustion Devices Manufacturing (Raptor)",https://boards.greenhouse.io/spacex/jobs/8511177002?gh_jid=8511177002,2026-08-12,no,greenhouse
greenhouse:spacex:8512813002,SpaceX,"Propulsion Engineer, Components Manufacturing (Raptor)",https://boards.greenhouse.io/spacex/jobs/8512813002?gh_jid=8512813002,2026-08-12,no,greenhouse
greenhouse:spacex:8632389002,SpaceX,Propulsion Engineer (Merlin Hardware Development),https://boards.greenhouse.io/spacex/jobs/8632389002?gh_jid=8632389002,2026-08-12,no,greenhouse
greenhouse:spacex:8654572002,SpaceX,Propulsion Engineer (Raptor Combustion Devices),https://boards.greenhouse.io/spacex/jobs/8654572002?gh_jid=8654572002,2026-08-12,no,greenhouse
greenhouse:spacex:8637395002,SpaceX,Propulsion Engineer (Raptor Components),https://boards.greenhouse.io/spacex/jobs/8637395002?gh_jid=8637395002,2026-08-12,no,greenhouse
greenhouse:spacex:8535350002,SpaceX,Propulsion Engineer (Raptor Final Assembly & Tube Shop),https://boards.greenhouse.io/spacex/jobs/8535350002?gh_jid=8535350002,2026-08-12,no,greenhouse
greenhouse:spacex:8665252002,SpaceX,Propulsion Engineer (Raptor Flight),https://boards.greenhouse.io/spacex/jobs/8665252002?gh_jid=8665252002,2026-08-12,no,greenhouse
greenhouse:spacex:8395154002,SpaceX,Propulsion Engineer (Raptor Test),https://boards.greenhouse.io/spacex/jobs/8395154002?gh_jid=8395154002,2026-08-12,no,greenhouse
greenhouse:spacex:8324817002,SpaceX,Propulsion Engineer (Starship),https://boards.greenhouse.io/spacex/jobs/8324817002?gh_jid=8324817002,2026-08-12,no,greenhouse
greenhouse:spacex:8562385002,SpaceX,"Propulsion Engineer, Thermal & Fluid Analysis (Starship)",https://boards.greenhouse.io/spacex/jobs/8562385002?gh_jid=8562385002,2026-08-12,no,greenhouse
greenhouse:spacex:8521981002,SpaceX,"Propulsion Engineer, Valves (Raptor Components)",https://boards.greenhouse.io/spacex/jobs/8521981002?gh_jid=8521981002,2026-08-12,no,greenhouse
greenhouse:spacex:8605143002,SpaceX,Propulsion Fluids Analyst (Raptor Systems Engineering),https://boards.greenhouse.io/spacex/jobs/8605143002?gh_jid=8605143002,2026-08-12,no,greenhouse
greenhouse:spacex:8653823002,SpaceX,Propulsion R&D Technician (Raptor),https://boards.greenhouse.io/spacex/jobs/8653823002?gh_jid=8653823002,2026-08-12,no,greenhouse
greenhouse:spacex:8681185002,SpaceX,Propulsion Technician (Fluids Systems),https://boards.greenhouse.io/spacex/jobs/8681185002?gh_jid=8681185002,2026-08-12,no,greenhouse
greenhouse:spacex:8593284002,SpaceX,Propulsion Technician (Raptor),https://boards.greenhouse.io/spacex/jobs/8593284002?gh_jid=8593284002,2026-08-12,no,greenhouse
greenhouse:spacex:8567163002,SpaceX,"Propulsion Technician, Raptor Chamber and Nozzle Assembly",https://boards.greenhouse.io/spacex/jobs/8567163002?gh_jid=8567163002,2026-08-12,no,greenhouse
greenhouse:spacex:8621675002,SpaceX,Propulsion Technician - Raptor Chamber & Nozzle Assembly & Final Assembly - 2nd Shift,https://boards.greenhouse.io/spacex/jobs/8621675002?gh_jid=8621675002,2026-08-12,no,greenhouse
greenhouse:spacex:8543990002,SpaceX,Propulsion Technician (Raptor Foundry),https://boards.greenhouse.io/spacex/jobs/8543990002?gh_jid=8543990002,2026-08-12,no,greenhouse
greenhouse:spacex:8694849002,SpaceX,Propulsion Technician (Raptor Manufacturing Systems),https://boards.greenhouse.io/spacex/jobs/8694849002?gh_jid=8694849002,2026-08-12,no,greenhouse
greenhouse:spacex:8460946002,SpaceX,Propulsion Technician (Raptor Production Machining),https://boards.greenhouse.io/spacex/jobs/8460946002?gh_jid=8460946002,2026-08-12,no,greenhouse
greenhouse:spacex:8634039002,SpaceX,Propulsion Technician (Raptor Production Machining) - 2nd Shift,https://boards.greenhouse.io/spacex/jobs/8634039002?gh_jid=8634039002,2026-08-12,no,greenhouse
greenhouse:spacex:8674850002,SpaceX,Propulsion Technician (Raptor Turbopump Assembly),https://boards.greenhouse.io/spacex/jobs/8674850002?gh_jid=8674850002,2026-08-12,no,greenhouse
greenhouse:spacex:8470780002,SpaceX,Propulsion Technician (Starship),https://boards.greenhouse.io/spacex/jobs/8470780002?gh_jid=8470780002,2026-08-12,no,greenhouse
greenhouse:spacex:8374668002,SpaceX,Propulsion Technician (Starship),https://boards.greenhouse.io/spacex/jobs/8374668002?gh_jid=8374668002,2026-08-12,no,greenhouse
greenhouse:spacex:8581359002,SpaceX,Propulsion Technician (Starship) - 2nd Shift,https://boards.greenhouse.io/spacex/jobs/8581359002?gh_jid=8581359002,2026-08-12,no,greenhouse
greenhouse:spacex:8447282002,SpaceX,Propulsion Technician (Super Heavy Booster Propulsion Systems),https://boards.greenhouse.io/spacex/jobs/8447282002?gh_jid=8447282002,2026-08-12,no,greenhouse
greenhouse:spacex:8624447002,SpaceX,Propulsion Thermal Analyst (Raptor Combustion Devices),https://boards.greenhouse.io/spacex/jobs/8624447002?gh_jid=8624447002,2026-08-12,no,greenhouse
greenhouse:spacex:8542182002,SpaceX,"Purchasing Manager, Technology ",https://boards.greenhouse.io/spacex/jobs/8542182002?gh_jid=8542182002,2026-08-12,no,greenhouse
greenhouse:spacex:8490537002,SpaceX,"PVD Process Engineer, Solar Cells (Starlink)",https://boards.greenhouse.io/spacex/jobs/8490537002?gh_jid=8490537002,2026-08-12,no,greenhouse
greenhouse:spacex:8613004002,SpaceX,Quality Inspector (Falcon & Dragon),https://boards.greenhouse.io/spacex/jobs/8613004002?gh_jid=8613004002,2026-08-12,no,greenhouse
greenhouse:spacex:8647490002,SpaceX,"Quality Inspector, Solar Cells (Starlink)",https://boards.greenhouse.io/spacex/jobs/8647490002?gh_jid=8647490002,2026-08-12,no,greenhouse
greenhouse:spacex:8623557002,SpaceX,Quality Inspector (Starlink) ,https://boards.greenhouse.io/spacex/jobs/8623557002?gh_jid=8623557002,2026-08-12,no,greenhouse
greenhouse:spacex:8623403002,SpaceX,Quality Inspector (Starlink Aviation) ,https://boards.greenhouse.io/spacex/jobs/8623403002?gh_jid=8623403002,2026-08-12,no,greenhouse
greenhouse:spacex:8445549002,SpaceX,Quality Inspector (Starlink Aviation) - 2nd Shift,https://boards.greenhouse.io/spacex/jobs/8445549002?gh_jid=8445549002,2026-08-12,no,greenhouse
greenhouse:spacex:8674498002,SpaceX,Quality Inspector (Starshield),https://boards.greenhouse.io/spacex/jobs/8674498002?gh_jid=8674498002,2026-08-12,no,greenhouse
greenhouse:spacex:8639251002,SpaceX,Quality Inspector (Valves) - 2nd Shift,https://boards.greenhouse.io/spacex/jobs/8639251002?gh_jid=8639251002,2026-08-12,no,greenhouse
greenhouse:spacex:8611035002,SpaceX,"Quality Specialist, Precision Machining (Starlink)",https://boards.greenhouse.io/spacex/jobs/8611035002?gh_jid=8611035002,2026-08-12,no,greenhouse
greenhouse:spacex:8611231002,SpaceX,"Quality Specialist, Precision Machining (Starlink) - Level 4/5",https://boards.greenhouse.io/spacex/jobs/8611231002?gh_jid=8611231002,2026-08-12,no,greenhouse
greenhouse:spacex:8657271002,SpaceX,Quality Specialist - Weekend Shift (Starlink Supply Chain Reliability) ,https://boards.greenhouse.io/spacex/jobs/8657271002?gh_jid=8657271002,2026-08-12,no,greenhouse
greenhouse:spacex:8633640002,SpaceX,Quality Systems Engineer (Starlink),https://boards.greenhouse.io/spacex/jobs/8633640002?gh_jid=8633640002,2026-08-12,no,greenhouse
greenhouse:spacex:8605049002,SpaceX,Radiation Effects Engineer,https://boards.greenhouse.io/spacex/jobs/8605049002?gh_jid=8605049002,2026-08-12,no,greenhouse
greenhouse:spacex:8674890002,SpaceX,RAN Validation Engineer (Starlink Mobile),https://boards.greenhouse.io/spacex/jobs/8674890002?gh_jid=8674890002,2026-08-12,no,greenhouse
greenhouse:spacex:8675026002,SpaceX,RAN Validation Engineer (Starlink Mobile),https://boards.greenhouse.io/spacex/jobs/8675026002?gh_jid=8675026002,2026-08-12,no,greenhouse
greenhouse:spacex:8654443002,SpaceX,Raptor Manufacturing Specialist (Maintenance) ,https://boards.greenhouse.io/spacex/jobs/8654443002?gh_jid=8654443002,2026-08-12,no,greenhouse
greenhouse:spacex:8570121002,SpaceX,RCDD / ICT Design Engineer,https://boards.greenhouse.io/spacex/jobs/8570121002?gh_jid=8570121002,2026-08-12,no,greenhouse
greenhouse:spacex:8601274002,SpaceX,Receiving Inspector (Starlink) - 2nd Shift,https://boards.greenhouse.io/spacex/jobs/8601274002?gh_jid=8601274002,2026-08-12,no,greenhouse
greenhouse:spacex:8533607002,SpaceX,Receiving Inspector (Starlink) - Night Shift,https://boards.greenhouse.io/spacex/jobs/8533607002?gh_jid=8533607002,2026-08-12,no,greenhouse
greenhouse:spacex:8657760002,SpaceX,Receiving Inspector (Starship) ,https://boards.greenhouse.io/spacex/jobs/8657760002?gh_jid=8657760002,2026-08-12,no,greenhouse
greenhouse:spacex:8470827002,SpaceX,Receiving Specialist (Starlink) - 2nd Shift,https://boards.greenhouse.io/spacex/jobs/8470827002?gh_jid=8470827002,2026-08-12,no,greenhouse
greenhouse:spacex:8603670002,SpaceX,Recovery Engineer (F9 Booster & Fairings),https://boards.greenhouse.io/spacex/jobs/8603670002?gh_jid=8603670002,2026-08-12,no,greenhouse
greenhouse:spacex:8647830002,SpaceX,"Recruiting Coordinator, Intern Program- Temporary",https://boards.greenhouse.io/spacex/jobs/8647830002?gh_jid=8647830002,2026-08-12,no,greenhouse
greenhouse:spacex:8657681002,SpaceX,Recruiting Coordinator (McGregor)  ,https://boards.greenhouse.io/spacex/jobs/8657681002?gh_jid=8657681002,2026-08-12,no,greenhouse
greenhouse:spacex:8650128002,SpaceX,Recruiting Coordinator (Starbase),https://boards.greenhouse.io/spacex/jobs/8650128002?gh_jid=8650128002,2026-08-12,no,greenhouse
greenhouse:spacex:8483197002,SpaceX,Recruiting Coordinator - Temporary,https://boards.greenhouse.io/spacex/jobs/8483197002?gh_jid=8483197002,2026-08-12,no,greenhouse
greenhouse:spacex:8474952002,SpaceX,"Reliability Engineer, Facilities ",https://boards.greenhouse.io/spacex/jobs/8474952002?gh_jid=8474952002,2026-08-12,no,greenhouse
greenhouse:spacex:8652841002,SpaceX,"Reliability Engineer, Satellite Systems (Starshield)",https://boards.greenhouse.io/spacex/jobs/8652841002?gh_jid=8652841002,2026-08-12,no,greenhouse
greenhouse:spacex:8473716002,SpaceX,Reliability Engineer (Starlink/Akoustis),https://boards.greenhouse.io/spacex/jobs/8473716002?gh_jid=8473716002,2026-08-12,no,greenhouse
greenhouse:spacex:8553118002,SpaceX,Reliability Technician (Starlink Aviation),https://boards.greenhouse.io/spacex/jobs/8553118002?gh_jid=8553118002,2026-08-12,no,greenhouse
greenhouse:spacex:8621995002,SpaceX, RF Engineer (Starlink),https://boards.greenhouse.io/spacex/jobs/8621995002?gh_jid=8621995002,2026-08-12,no,greenhouse
greenhouse:spacex:8676060002,SpaceX,RF Engineer (Starshield),https://boards.greenhouse.io/spacex/jobs/8676060002?gh_jid=8676060002,2026-08-12,no,greenhouse
greenhouse:spacex:8595129002,SpaceX,RF Engineer (Starship),https://boards.greenhouse.io/spacex/jobs/8595129002?gh_jid=8595129002,2026-08-12,no,greenhouse
greenhouse:spacex:8642909002,SpaceX,RFIC Design Engineer (RFIC Engineering),https://boards.greenhouse.io/spacex/jobs/8642909002?gh_jid=8642909002,2026-08-12,no,greenhouse
greenhouse:spacex:8642045002,SpaceX,RFIC Design Engineer (RFIC Engineering),https://boards.greenhouse.io/spacex/jobs/8642045002?gh_jid=8642045002,2026-08-12,no,greenhouse
greenhouse:spacex:8697007002,SpaceX,"RFIC Engineer, AI Satellites (Starmind)",https://boards.greenhouse.io/spacex/jobs/8697007002?gh_jid=8697007002,2026-08-12,no,greenhouse
greenhouse:spacex:8545923002,SpaceX,RFIC Engineer (Starshield Silicon) ,https://boards.greenhouse.io/spacex/jobs/8545923002?gh_jid=8545923002,2026-08-12,no,greenhouse
greenhouse:spacex:8642055002,SpaceX,RFIC Layout Designer (RFIC Engineering),https://boards.greenhouse.io/spacex/jobs/8642055002?gh_jid=8642055002,2026-08-12,no,greenhouse
greenhouse:spacex:8642052002,SpaceX,RFIC Layout Designer (RFIC Engineering),https://boards.greenhouse.io/spacex/jobs/8642052002?gh_jid=8642052002,2026-08-12,no,greenhouse
greenhouse:spacex:8642048002,SpaceX,RFIC Layout Designer (RFIC Engineering),https://boards.greenhouse.io/spacex/jobs/8642048002?gh_jid=8642048002,2026-08-12,no,greenhouse
greenhouse:spacex:8633381002,SpaceX,RFIC Layout Designer (Starshield Silicon),https://boards.greenhouse.io/spacex/jobs/8633381002?gh_jid=8633381002,2026-08-12,no,greenhouse
greenhouse:spacex:8642056002,SpaceX,RF/Microwave Engineer (RFIC Engineering),https://boards.greenhouse.io/spacex/jobs/8642056002?gh_jid=8642056002,2026-08-12,no,greenhouse
greenhouse:spacex:8480418002,SpaceX,"RF/Microwave Engineer, Satellites (Starlink)",https://boards.greenhouse.io/spacex/jobs/8480418002?gh_jid=8480418002,2026-08-12,no,greenhouse
greenhouse:spacex:8439627002,SpaceX,RF Silicon Software Engineer (RFIC Engineering),https://boards.greenhouse.io/spacex/jobs/8439627002?gh_jid=8439627002,2026-08-12,no,greenhouse
greenhouse:spacex:8624761002,SpaceX,RF Software Engineer (Starlink),https://boards.greenhouse.io/spacex/jobs/8624761002?gh_jid=8624761002,2026-08-12,no,greenhouse
greenhouse:spacex:8517637002,SpaceX,RF Software Engineer (Starshield),https://boards.greenhouse.io/spacex/jobs/8517637002?gh_jid=8517637002,2026-08-12,no,greenhouse
greenhouse:spacex:8691059002,SpaceX,"RF Systems Analysis Engineer, Regulatory (Starlink)",https://boards.greenhouse.io/spacex/jobs/8691059002?gh_jid=8691059002,2026-08-12,no,greenhouse
greenhouse:spacex:8624152002,SpaceX,RF Test Engineer (Starlink/Akoustis) ,https://boards.greenhouse.io/spacex/jobs/8624152002?gh_jid=8624152002,2026-08-12,no,greenhouse
greenhouse:spacex:8484564002,SpaceX,RF & Wireless Compliance Engineer (Starlink),https://boards.greenhouse.io/spacex/jobs/8484564002?gh_jid=8484564002,2026-08-12,no,greenhouse
greenhouse:spacex:8553654002,SpaceX,Ropes Access Technician (Starship),https://boards.greenhouse.io/spacex/jobs/8553654002?gh_jid=8553654002,2026-08-12,no,greenhouse
greenhouse:spacex:8466346002,SpaceX,RTL Design Engineer (Silicon Engineering),https://boards.greenhouse.io/spacex/jobs/8466346002?gh_jid=8466346002,2026-08-12,no,greenhouse
greenhouse:spacex:8635268002,SpaceX,Sales Enablement Manager (Starlink),https://boards.greenhouse.io/spacex/jobs/8635268002?gh_jid=8635268002,2026-08-12,no,greenhouse
greenhouse:spacex:8657786002,SpaceX,Sales Enablement Specialist (Starlink),https://boards.greenhouse.io/spacex/jobs/8657786002?gh_jid=8657786002,2026-08-12,no,greenhouse
greenhouse:spacex:8527258002,SpaceX,"Sales Lead, North America Sales (Starlink Enterprise Sales)",https://boards.greenhouse.io/spacex/jobs/8527258002?gh_jid=8527258002,2026-08-12,no,greenhouse
greenhouse:spacex:8657734002,SpaceX,Sales Operations Lead (Enablement),https://boards.greenhouse.io/spacex/jobs/8657734002?gh_jid=8657734002,2026-08-12,no,greenhouse
greenhouse:spacex:8633582002,SpaceX,Sales Operations Manager (Enablement),https://boards.greenhouse.io/spacex/jobs/8633582002?gh_jid=8633582002,2026-08-12,no,greenhouse
greenhouse:spacex:8646352002,SpaceX,Sales Operations Manager (Starlink Channel Sales),https://boards.greenhouse.io/spacex/jobs/8646352002?gh_jid=8646352002,2026-08-12,no,greenhouse
greenhouse:spacex:8645990002,SpaceX,Sales Operations Manager (Starlink Channel Sales),https://boards.greenhouse.io/spacex/jobs/8645990002?gh_jid=8645990002,2026-08-12,no,greenhouse
greenhouse:spacex:8691084002,SpaceX,Satellite Policy Associate (Starlink Regulatory Affairs),https://boards.greenhouse.io/spacex/jobs/8691084002?gh_jid=8691084002,2026-08-12,no,greenhouse
greenhouse:spacex:8691128002,SpaceX,Satellite Policy Manager (Starlink Mobile),https://boards.greenhouse.io/spacex/jobs/8691128002?gh_jid=8691128002,2026-08-12,no,greenhouse
greenhouse:spacex:8691166002,SpaceX,Satellite Policy Manager (Starlink Mobile),https://boards.greenhouse.io/spacex/jobs/8691166002?gh_jid=8691166002,2026-08-12,no,greenhouse
greenhouse:spacex:8395341002,SpaceX,Satellite Systems Software Engineer (Starlink),https://boards.greenhouse.io/spacex/jobs/8395341002?gh_jid=8395341002,2026-08-12,no,greenhouse
greenhouse:spacex:8592882002,SpaceX,"SCADA & Controls Engineer, Infrastructure & Utility (Starship)",https://boards.greenhouse.io/spacex/jobs/8592882002?gh_jid=8592882002,2026-08-12,no,greenhouse
greenhouse:spacex:8653801002,SpaceX,"Screen Printing Equipment Engineer, Solar Cells (Starlink)",https://boards.greenhouse.io/spacex/jobs/8653801002?gh_jid=8653801002,2026-08-12,no,greenhouse
greenhouse:spacex:8650240002,SpaceX,Security Analyst (Blue Team),https://boards.greenhouse.io/spacex/jobs/8650240002?gh_jid=8650240002,2026-08-12,no,greenhouse
greenhouse:spacex:8525400002,SpaceX,Security Analyst (Detection and Incident Response),https://boards.greenhouse.io/spacex/jobs/8525400002?gh_jid=8525400002,2026-08-12,no,greenhouse
greenhouse:spacex:8650239002,SpaceX,Security Analyst (SOC),https://boards.greenhouse.io/spacex/jobs/8650239002?gh_jid=8650239002,2026-08-12,no,greenhouse
greenhouse:spacex:8650241002,SpaceX,Security Analyst (Threat Detection),https://boards.greenhouse.io/spacex/jobs/8650241002?gh_jid=8650241002,2026-08-12,no,greenhouse
greenhouse:spacex:8635665002,SpaceX,Security Concierge ,https://boards.greenhouse.io/spacex/jobs/8635665002?gh_jid=8635665002,2026-08-12,no,greenhouse
greenhouse:spacex:8567571002,SpaceX,Security Engineer,https://boards.greenhouse.io/spacex/jobs/8567571002?gh_jid=8567571002,2026-08-12,no,greenhouse
greenhouse:spacex:8567522002,SpaceX,Security Engineer,https://boards.greenhouse.io/spacex/jobs/8567522002?gh_jid=8567522002,2026-08-12,no,greenhouse
greenhouse:spacex:8611050002,SpaceX,Security Engineer (Blue Team),https://boards.greenhouse.io/spacex/jobs/8611050002?gh_jid=8611050002,2026-08-12,no,greenhouse
greenhouse:spacex:8611223002,SpaceX,Security Engineer (Blue Team),https://boards.greenhouse.io/spacex/jobs/8611223002?gh_jid=8611223002,2026-08-12,no,greenhouse
greenhouse:spacex:8650242002,SpaceX,Security Engineer (Detection Engineering),https://boards.greenhouse.io/spacex/jobs/8650242002?gh_jid=8650242002,2026-08-12,no,greenhouse
greenhouse:spacex:8593385002,SpaceX,Security Engineer (Embedded & Networking),https://boards.greenhouse.io/spacex/jobs/8593385002?gh_jid=8593385002,2026-08-12,no,greenhouse
greenhouse:spacex:8593384002,SpaceX,Security Engineer (Embedded & Networking),https://boards.greenhouse.io/spacex/jobs/8593384002?gh_jid=8593384002,2026-08-12,no,greenhouse
greenhouse:spacex:8593389002,SpaceX,Security Engineer (Embedded OT),https://boards.greenhouse.io/spacex/jobs/8593389002?gh_jid=8593389002,2026-08-12,no,greenhouse
greenhouse:spacex:8593388002,SpaceX,Security Engineer (Embedded OT),https://boards.greenhouse.io/spacex/jobs/8593388002?gh_jid=8593388002,2026-08-12,no,greenhouse
greenhouse:spacex:8684152002,SpaceX,Security Officer 3,https://boards.greenhouse.io/spacex/jobs/8684152002?gh_jid=8684152002,2026-08-12,no,greenhouse
greenhouse:spacex:8600107002,SpaceX,Security Officer 3,https://boards.greenhouse.io/spacex/jobs/8600107002?gh_jid=8600107002,2026-08-12,no,greenhouse
greenhouse:spacex:8600048002,SpaceX,Security Officer 3,https://boards.greenhouse.io/spacex/jobs/8600048002?gh_jid=8600048002,2026-08-12,no,greenhouse
greenhouse:spacex:8600089002,SpaceX,Security Officer 3,https://boards.greenhouse.io/spacex/jobs/8600089002?gh_jid=8600089002,2026-08-12,no,greenhouse
greenhouse:spacex:8600093002,SpaceX,Security Officer 3,https://boards.greenhouse.io/spacex/jobs/8600093002?gh_jid=8600093002,2026-08-12,no,greenhouse
greenhouse:spacex:8632107002,SpaceX,Security Officer 3,https://boards.greenhouse.io/spacex/jobs/8632107002?gh_jid=8632107002,2026-08-12,no,greenhouse
greenhouse:spacex:8600112002,SpaceX,Security Officer 3,https://boards.greenhouse.io/spacex/jobs/8600112002?gh_jid=8600112002,2026-08-12,no,greenhouse
greenhouse:spacex:8649254002,SpaceX,Security Officer 3 ,https://boards.greenhouse.io/spacex/jobs/8649254002?gh_jid=8649254002,2026-08-12,no,greenhouse
greenhouse:spacex:8635128002,SpaceX,Security Officer 3  ,https://boards.greenhouse.io/spacex/jobs/8635128002?gh_jid=8635128002,2026-08-12,no,greenhouse
greenhouse:spacex:8650117002,SpaceX,Security Operator 2 (Part Time) ,https://boards.greenhouse.io/spacex/jobs/8650117002?gh_jid=8650117002,2026-08-12,no,greenhouse
greenhouse:spacex:8684001002,SpaceX,Security Operator 3,https://boards.greenhouse.io/spacex/jobs/8684001002?gh_jid=8684001002,2026-08-12,no,greenhouse
greenhouse:spacex:8604881002,SpaceX,Security Operator 3,https://boards.greenhouse.io/spacex/jobs/8604881002?gh_jid=8604881002,2026-08-12,no,greenhouse
greenhouse:spacex:8649800002,SpaceX,Security Operator 3,https://boards.greenhouse.io/spacex/jobs/8649800002?gh_jid=8649800002,2026-08-12,no,greenhouse
greenhouse:spacex:8624833002,SpaceX,Security Software Engineer (Starlink),https://boards.greenhouse.io/spacex/jobs/8624833002?gh_jid=8624833002,2026-08-12,no,greenhouse
greenhouse:spacex:8577408002,SpaceX,Security Software Engineer (Starlink),https://boards.greenhouse.io/spacex/jobs/8577408002?gh_jid=8577408002,2026-08-12,no,greenhouse
greenhouse:spacex:8543668002,SpaceX,Security Software Engineer (Starlink),https://boards.greenhouse.io/spacex/jobs/8543668002?gh_jid=8543668002,2026-08-12,no,greenhouse
greenhouse:spacex:8543817002,SpaceX,Security Software Engineer (Starlink),https://boards.greenhouse.io/spacex/jobs/8543817002?gh_jid=8543817002,2026-08-12,no,greenhouse
greenhouse:spacex:8543784002,SpaceX,Security Software Engineer (Starlink),https://boards.greenhouse.io/spacex/jobs/8543784002?gh_jid=8543784002,2026-08-12,no,greenhouse
greenhouse:spacex:8564158002,SpaceX,Security Software Engineer - Top Secret Clearance,https://boards.greenhouse.io/spacex/jobs/8564158002?gh_jid=8564158002,2026-08-12,no,greenhouse
greenhouse:spacex:8511874002,SpaceX,"Senior Global Supply Manager, Capital Equipment, Semiconductor (Starlink)",https://boards.greenhouse.io/spacex/jobs/8511874002?gh_jid=8511874002,2026-08-12,no,greenhouse
greenhouse:spacex:8593075002,SpaceX,"Senior Manufacturing Engineer, Injection Molding (Starlink)",https://boards.greenhouse.io/spacex/jobs/8593075002?gh_jid=8593075002,2026-08-12,no,greenhouse
greenhouse:spacex:8586526002,SpaceX,"Senior Manufacturing Engineer, PCBA (Starlink)",https://boards.greenhouse.io/spacex/jobs/8586526002?gh_jid=8586526002,2026-08-12,no,greenhouse
greenhouse:spacex:8575407002,SpaceX,Sheet Metal Technician (Starlink),https://boards.greenhouse.io/spacex/jobs/8575407002?gh_jid=8575407002,2026-08-12,no,greenhouse
greenhouse:spacex:8673635002,SpaceX,Sheet Metal Technician (Starship),https://boards.greenhouse.io/spacex/jobs/8673635002?gh_jid=8673635002,2026-08-12,no,greenhouse
greenhouse:spacex:8540405002,SpaceX,Shipping Specialist ,https://boards.greenhouse.io/spacex/jobs/8540405002?gh_jid=8540405002,2026-08-12,no,greenhouse
greenhouse:spacex:8568764002,SpaceX,Shipping Specialist (Starlink/Akoustis),https://boards.greenhouse.io/spacex/jobs/8568764002?gh_jid=8568764002,2026-08-12,no,greenhouse
greenhouse:spacex:8675331002,SpaceX,Shuttle Driver (Starlink),https://boards.greenhouse.io/spacex/jobs/8675331002?gh_jid=8675331002,2026-08-12,no,greenhouse
greenhouse:spacex:8675334002,SpaceX,Shuttle Driver (Starlink),https://boards.greenhouse.io/spacex/jobs/8675334002?gh_jid=8675334002,2026-08-12,no,greenhouse
greenhouse:spacex:8609256002,SpaceX,"Silicon Packaging Technician, Silicon Assembly (Starlink) ",https://boards.greenhouse.io/spacex/jobs/8609256002?gh_jid=8609256002,2026-08-12,no,greenhouse
greenhouse:spacex:8642064002,SpaceX,Silicon Photonics Design Engineer (RFIC Engineering),https://boards.greenhouse.io/spacex/jobs/8642064002?gh_jid=8642064002,2026-08-12,no,greenhouse
greenhouse:spacex:8488034002,SpaceX,Simulation Software Engineer (Application Software),https://boards.greenhouse.io/spacex/jobs/8488034002?gh_jid=8488034002,2026-08-12,no,greenhouse
greenhouse:spacex:8646146002,SpaceX,Site Reliability Engineer (Application Software),https://boards.greenhouse.io/spacex/jobs/8646146002?gh_jid=8646146002,2026-08-12,no,greenhouse
greenhouse:spacex:8527730002,SpaceX,"Site Reliability Engineer, GNC",https://boards.greenhouse.io/spacex/jobs/8527730002?gh_jid=8527730002,2026-08-12,no,greenhouse
greenhouse:spacex:8614963002,SpaceX,Site Reliability Engineer — HPC & Automation (Silicon Engineering),https://boards.greenhouse.io/spacex/jobs/8614963002?gh_jid=8614963002,2026-08-12,no,greenhouse
greenhouse:spacex:8597472002,SpaceX,"Site Reliability Engineer, Kubernetes Platform (Starshield)",https://boards.greenhouse.io/spacex/jobs/8597472002?gh_jid=8597472002,2026-08-12,no,greenhouse
greenhouse:spacex:8597455002,SpaceX,"Site Reliability Engineer, Kubernetes Platform (Starshield)",https://boards.greenhouse.io/spacex/jobs/8597455002?gh_jid=8597455002,2026-08-12,no,greenhouse
greenhouse:spacex:8633999002,SpaceX,Site Reliability Engineer (Raptor) ,https://boards.greenhouse.io/spacex/jobs/8633999002?gh_jid=8633999002,2026-08-12,no,greenhouse
greenhouse:spacex:8362795002,SpaceX,Site Reliability Engineer - Top Secret Clearance,https://boards.greenhouse.io/spacex/jobs/8362795002?gh_jid=8362795002,2026-08-12,no,greenhouse
greenhouse:spacex:8601223002,SpaceX,Site Reliability Engineer (Top Secret Clearance),https://boards.greenhouse.io/spacex/jobs/8601223002?gh_jid=8601223002,2026-08-12,no,greenhouse
greenhouse:spacex:8558345002,SpaceX,SMT Process Engineer,https://boards.greenhouse.io/spacex/jobs/8558345002?gh_jid=8558345002,2026-08-12,no,greenhouse
greenhouse:spacex:8557504002,SpaceX,SMT Process Specialist (Starlink),https://boards.greenhouse.io/spacex/jobs/8557504002?gh_jid=8557504002,2026-08-12,no,greenhouse
greenhouse:spacex:8603598002,SpaceX,SMT Rework Technician - PCBA,https://boards.greenhouse.io/spacex/jobs/8603598002?gh_jid=8603598002,2026-08-12,no,greenhouse
greenhouse:spacex:8558875002,SpaceX,SMT Specialist - 2nd Shift,https://boards.greenhouse.io/spacex/jobs/8558875002?gh_jid=8558875002,2026-08-12,no,greenhouse
greenhouse:spacex:8675233002,SpaceX,Software Development Test Engineer (Starlink),https://boards.greenhouse.io/spacex/jobs/8675233002?gh_jid=8675233002,2026-08-12,no,greenhouse
greenhouse:spacex:8563110002,SpaceX,Software Engineer,https://boards.greenhouse.io/spacex/jobs/8563110002?gh_jid=8563110002,2026-08-12,no,greenhouse
greenhouse:spacex:8676015002,SpaceX,"Software Engineer, AI Satellites (Starmind)",https://boards.greenhouse.io/spacex/jobs/8676015002?gh_jid=8676015002,2026-08-12,no,greenhouse
greenhouse:spacex:8637712002,SpaceX,"Software Engineer, Applied AI (Starlink) ",https://boards.greenhouse.io/spacex/jobs/8637712002?gh_jid=8637712002,2026-08-12,no,greenhouse
greenhouse:spacex:8672397002,SpaceX,"Software Engineer, Backend (C/C++)",https://boards.greenhouse.io/spacex/jobs/8672397002?gh_jid=8672397002,2026-08-12,no,greenhouse
greenhouse:spacex:8578929002,SpaceX,"Software Engineer, Beam Planning (Starlink)   ",https://boards.greenhouse.io/spacex/jobs/8578929002?gh_jid=8578929002,2026-08-12,no,greenhouse
greenhouse:spacex:8578907002,SpaceX,"Software Engineer, Beam Planning (Starlink)   ",https://boards.greenhouse.io/spacex/jobs/8578907002?gh_jid=8578907002,2026-08-12,no,greenhouse
greenhouse:spacex:8656579002,SpaceX,"Software Engineer, CDN (Starlink)",https://boards.greenhouse.io/spacex/jobs/8656579002?gh_jid=8656579002,2026-08-12,no,greenhouse
greenhouse:spacex:8632172002,SpaceX,"Software Engineer, CDN (Starlink)",https://boards.greenhouse.io/spacex/jobs/8632172002?gh_jid=8632172002,2026-08-12,no,greenhouse
greenhouse:spacex:8601802002,SpaceX,"Software Engineer, C++ (Dragon)",https://boards.greenhouse.io/spacex/jobs/8601802002?gh_jid=8601802002,2026-08-12,no,greenhouse
greenhouse:spacex:8397683002,SpaceX,"Software Engineer, Collision Avoidance (Starshield)",https://boards.greenhouse.io/spacex/jobs/8397683002?gh_jid=8397683002,2026-08-12,no,greenhouse
greenhouse:spacex:8557032002,SpaceX,Software Engineer (Components),https://boards.greenhouse.io/spacex/jobs/8557032002?gh_jid=8557032002,2026-08-12,no,greenhouse
greenhouse:spacex:8625617002,SpaceX,"Software Engineer, Components (Starshield)",https://boards.greenhouse.io/spacex/jobs/8625617002?gh_jid=8625617002,2026-08-12,no,greenhouse
greenhouse:spacex:8625615002,SpaceX,"Software Engineer, Components Test (Starshield)",https://boards.greenhouse.io/spacex/jobs/8625615002?gh_jid=8625615002,2026-08-12,no,greenhouse
greenhouse:spacex:8533853002,SpaceX,"Software Engineer, Continuous Integration (Starship)",https://boards.greenhouse.io/spacex/jobs/8533853002?gh_jid=8533853002,2026-08-12,no,greenhouse
greenhouse:spacex:8533859002,SpaceX,"Software Engineer, Continuous Integration (Starship)",https://boards.greenhouse.io/spacex/jobs/8533859002?gh_jid=8533859002,2026-08-12,no,greenhouse
greenhouse:spacex:8598038002,SpaceX,"Software Engineer, C++ (Raptor) ",https://boards.greenhouse.io/spacex/jobs/8598038002?gh_jid=8598038002,2026-08-12,no,greenhouse
greenhouse:spacex:8603609002,SpaceX,"Software Engineer, C++ (Simulations)",https://boards.greenhouse.io/spacex/jobs/8603609002?gh_jid=8603609002,2026-08-12,no,greenhouse
greenhouse:spacex:8682197002,SpaceX,"Software Engineer, C++ Simulations (Starlink) ",https://boards.greenhouse.io/spacex/jobs/8682197002?gh_jid=8682197002,2026-08-12,no,greenhouse
greenhouse:spacex:8477124002,SpaceX,"Software Engineer, C++ (Starlink)",https://boards.greenhouse.io/spacex/jobs/8477124002?gh_jid=8477124002,2026-08-12,no,greenhouse
greenhouse:spacex:8451960002,SpaceX,"Software Engineer, C++ (Starlink)",https://boards.greenhouse.io/spacex/jobs/8451960002?gh_jid=8451960002,2026-08-12,no,greenhouse
greenhouse:spacex:8377056002,SpaceX,"Software Engineer, C++ - Top Secret Clearance ",https://boards.greenhouse.io/spacex/jobs/8377056002?gh_jid=8377056002,2026-08-12,no,greenhouse
greenhouse:spacex:8631217002,SpaceX,"Software Engineer, Data (Starlink)",https://boards.greenhouse.io/spacex/jobs/8631217002?gh_jid=8631217002,2026-08-12,no,greenhouse
greenhouse:spacex:8397673002,SpaceX,"Software Engineer, Data - Top Secret Clearance",https://boards.greenhouse.io/spacex/jobs/8397673002?gh_jid=8397673002,2026-08-12,no,greenhouse
greenhouse:spacex:8640537002,SpaceX,"Software Engineer, Data - Top Secret Clearance (Starlink)",https://boards.greenhouse.io/spacex/jobs/8640537002?gh_jid=8640537002,2026-08-12,no,greenhouse
greenhouse:spacex:8637713002,SpaceX,"Software Engineer, Design Engineering (Starlink) ",https://boards.greenhouse.io/spacex/jobs/8637713002?gh_jid=8637713002,2026-08-12,no,greenhouse
greenhouse:spacex:8466905002,SpaceX,"Software Engineer, Design Software (Starship)",https://boards.greenhouse.io/spacex/jobs/8466905002?gh_jid=8466905002,2026-08-12,no,greenhouse
greenhouse:spacex:8466837002,SpaceX,"Software Engineer, Design Software (Starship)",https://boards.greenhouse.io/spacex/jobs/8466837002?gh_jid=8466837002,2026-08-12,no,greenhouse
greenhouse:spacex:8532395002,SpaceX,"Software Engineer, Development Test (Starlink)",https://boards.greenhouse.io/spacex/jobs/8532395002?gh_jid=8532395002,2026-08-12,no,greenhouse
greenhouse:spacex:8573204002,SpaceX,"Software Engineer, DevOps (Starlink)",https://boards.greenhouse.io/spacex/jobs/8573204002?gh_jid=8573204002,2026-08-12,no,greenhouse
greenhouse:spacex:8552752002,SpaceX,"Software Engineer, Embedded Software (Starlink)",https://boards.greenhouse.io/spacex/jobs/8552752002?gh_jid=8552752002,2026-08-12,no,greenhouse
greenhouse:spacex:8436708002,SpaceX,"Software Engineer, Embedded Software (Starshield)",https://boards.greenhouse.io/spacex/jobs/8436708002?gh_jid=8436708002,2026-08-12,no,greenhouse
greenhouse:spacex:8559054002,SpaceX,"Software Engineer, Engineering Simulation & Automation (Vehicle Engineering)",https://boards.greenhouse.io/spacex/jobs/8559054002?gh_jid=8559054002,2026-08-12,no,greenhouse
greenhouse:spacex:8512876002,SpaceX,Software Engineer (Flight Reliability),https://boards.greenhouse.io/spacex/jobs/8512876002?gh_jid=8512876002,2026-08-12,no,greenhouse
greenhouse:spacex:8593183002,SpaceX,"Software Engineer, Flight Software C++ (Starshield)",https://boards.greenhouse.io/spacex/jobs/8593183002?gh_jid=8593183002,2026-08-12,no,greenhouse
greenhouse:spacex:8551932002,SpaceX,"Software Engineer, Flight Software (Starlink)",https://boards.greenhouse.io/spacex/jobs/8551932002?gh_jid=8551932002,2026-08-12,no,greenhouse
greenhouse:spacex:8562450002,SpaceX,"Software Engineer, Flight Software (Starship)",https://boards.greenhouse.io/spacex/jobs/8562450002?gh_jid=8562450002,2026-08-12,no,greenhouse
greenhouse:spacex:8562284002,SpaceX,"Software Engineer, Flight Software (Starship)",https://boards.greenhouse.io/spacex/jobs/8562284002?gh_jid=8562284002,2026-08-12,no,greenhouse
greenhouse:spacex:8583074002,SpaceX,"Software Engineer, Hardware-in-the-Loop (Starlink)",https://boards.greenhouse.io/spacex/jobs/8583074002?gh_jid=8583074002,2026-08-12,no,greenhouse
greenhouse:spacex:8545930002,SpaceX,"Software Engineer, Hardware Test & Automation (Optical Payloads)",https://boards.greenhouse.io/spacex/jobs/8545930002?gh_jid=8545930002,2026-08-12,no,greenhouse
greenhouse:spacex:8565155002,SpaceX,"Software Engineer, Hardware Test & Automation (Starlink)",https://boards.greenhouse.io/spacex/jobs/8565155002?gh_jid=8565155002,2026-08-12,no,greenhouse
greenhouse:spacex:8574243002,SpaceX,"Software Engineer, Hardware Test & Automation (Starshield)",https://boards.greenhouse.io/spacex/jobs/8574243002?gh_jid=8574243002,2026-08-12,no,greenhouse
greenhouse:spacex:8550675002,SpaceX,"Software Engineer, High Assurance Test (Starshield)",https://boards.greenhouse.io/spacex/jobs/8550675002?gh_jid=8550675002,2026-08-12,no,greenhouse
greenhouse:spacex:8621463002,SpaceX,"Software Engineer, High Performance Computing",https://boards.greenhouse.io/spacex/jobs/8621463002?gh_jid=8621463002,2026-08-12,no,greenhouse
greenhouse:spacex:8578909002,SpaceX,"Software Engineer, High Performance Computing (Starlink)",https://boards.greenhouse.io/spacex/jobs/8578909002?gh_jid=8578909002,2026-08-12,no,greenhouse
greenhouse:spacex:8578931002,SpaceX,"Software Engineer, High Performance Computing (Starlink)",https://boards.greenhouse.io/spacex/jobs/8578931002?gh_jid=8578931002,2026-08-12,no,greenhouse
greenhouse:spacex:8397596002,SpaceX,"Software Engineer, HITL - Top Secret Clearance",https://boards.greenhouse.io/spacex/jobs/8397596002?gh_jid=8397596002,2026-08-12,no,greenhouse
greenhouse:spacex:8578910002,SpaceX,"Software Engineer, Low Latency Computing (Starlink)   ",https://boards.greenhouse.io/spacex/jobs/8578910002?gh_jid=8578910002,2026-08-12,no,greenhouse
greenhouse:spacex:8578923002,SpaceX,"Software Engineer, Low Latency Computing (Starlink)   ",https://boards.greenhouse.io/spacex/jobs/8578923002?gh_jid=8578923002,2026-08-12,no,greenhouse
greenhouse:spacex:8637756002,SpaceX,"Software Engineer, Mobile Apps (Starlink) ",https://boards.greenhouse.io/spacex/jobs/8637756002?gh_jid=8637756002,2026-08-12,no,greenhouse
greenhouse:spacex:8577262002,SpaceX,"Software Engineer, Network Observability (Starlink)",https://boards.greenhouse.io/spacex/jobs/8577262002?gh_jid=8577262002,2026-08-12,no,greenhouse
greenhouse:spacex:8632322002,SpaceX,"Software Engineer, Platform / Infrastructure (Starlink) ",https://boards.greenhouse.io/spacex/jobs/8632322002?gh_jid=8632322002,2026-08-12,no,greenhouse
greenhouse:spacex:8560537002,SpaceX,Software Engineer (Platform Team),https://boards.greenhouse.io/spacex/jobs/8560537002?gh_jid=8560537002,2026-08-12,no,greenhouse
greenhouse:spacex:8560546002,SpaceX,Software Engineer (Platform Team),https://boards.greenhouse.io/spacex/jobs/8560546002?gh_jid=8560546002,2026-08-12,no,greenhouse
greenhouse:spacex:8558859002,SpaceX,Software Engineer (Platform Team),https://boards.greenhouse.io/spacex/jobs/8558859002?gh_jid=8558859002,2026-08-12,no,greenhouse
greenhouse:spacex:8558858002,SpaceX,Software Engineer (Platform Team),https://boards.greenhouse.io/spacex/jobs/8558858002?gh_jid=8558858002,2026-08-12,no,greenhouse
greenhouse:spacex:8558857002,SpaceX,Software Engineer (Platform Team),https://boards.greenhouse.io/spacex/jobs/8558857002?gh_jid=8558857002,2026-08-12,no,greenhouse
greenhouse:spacex:8495882002,SpaceX,Software Engineer (Platform Team),https://boards.greenhouse.io/spacex/jobs/8495882002?gh_jid=8495882002,2026-08-12,no,greenhouse
greenhouse:spacex:8647459002,SpaceX,"Software Engineer, Power Optimization (Starlink) ",https://boards.greenhouse.io/spacex/jobs/8647459002?gh_jid=8647459002,2026-08-12,no,greenhouse
greenhouse:spacex:8395307002,SpaceX,"Software Engineer, Power Systems Controls (Starlink)",https://boards.greenhouse.io/spacex/jobs/8395307002?gh_jid=8395307002,2026-08-12,no,greenhouse
greenhouse:spacex:8621621002,SpaceX,"Software Engineer, Product Development (Starshield)",https://boards.greenhouse.io/spacex/jobs/8621621002?gh_jid=8621621002,2026-08-12,no,greenhouse
greenhouse:spacex:8436728002,SpaceX,"Software Engineer, Product Development (Starshield)",https://boards.greenhouse.io/spacex/jobs/8436728002?gh_jid=8436728002,2026-08-12,no,greenhouse
greenhouse:spacex:8581299002,SpaceX,"Software Engineer, Propulsion Simulation & Data Analysis",https://boards.greenhouse.io/spacex/jobs/8581299002?gh_jid=8581299002,2026-08-12,no,greenhouse
greenhouse:spacex:8382088002,SpaceX,"Software Engineer, Satellite Operations (Starshield)",https://boards.greenhouse.io/spacex/jobs/8382088002?gh_jid=8382088002,2026-08-12,no,greenhouse
greenhouse:spacex:8621508002,SpaceX,"Software Engineer, Satellite Systems (Starshield)",https://boards.greenhouse.io/spacex/jobs/8621508002?gh_jid=8621508002,2026-08-12,no,greenhouse
greenhouse:spacex:8487534002,SpaceX,"Software Engineer, Simulations (Application Software)",https://boards.greenhouse.io/spacex/jobs/8487534002?gh_jid=8487534002,2026-08-12,no,greenhouse
greenhouse:spacex:8395326002,SpaceX,"Software Engineer, Simulations (Starlink)",https://boards.greenhouse.io/spacex/jobs/8395326002?gh_jid=8395326002,2026-08-12,no,greenhouse
greenhouse:spacex:8647095002,SpaceX,"Software Engineer, Site Reliability Engineering (Application Software)",https://boards.greenhouse.io/spacex/jobs/8647095002?gh_jid=8647095002,2026-08-12,no,greenhouse
greenhouse:spacex:8568970002,SpaceX,Software Engineer (Special Projects) - Top Secret Clearance,https://boards.greenhouse.io/spacex/jobs/8568970002?gh_jid=8568970002,2026-08-12,no,greenhouse
greenhouse:spacex:8642274002,SpaceX,Software Engineer (Starfall),https://boards.greenhouse.io/spacex/jobs/8642274002?gh_jid=8642274002,2026-08-12,no,greenhouse
greenhouse:spacex:8525359002,SpaceX,Software Engineer (Starlink),https://boards.greenhouse.io/spacex/jobs/8525359002?gh_jid=8525359002,2026-08-12,no,greenhouse
greenhouse:spacex:8379301002,SpaceX,Software Engineer (Starlink),https://boards.greenhouse.io/spacex/jobs/8379301002?gh_jid=8379301002,2026-08-12,no,greenhouse
greenhouse:spacex:8569790002,SpaceX,Software Engineer (Starlink) ,https://boards.greenhouse.io/spacex/jobs/8569790002?gh_jid=8569790002,2026-08-12,no,greenhouse
greenhouse:spacex:8696779002,SpaceX,Software Engineer (Starlink/Akoustis),https://boards.greenhouse.io/spacex/jobs/8696779002?gh_jid=8696779002,2026-08-12,no,greenhouse
greenhouse:spacex:8586637002,SpaceX,Software Engineer (Starlink Enterprise),https://boards.greenhouse.io/spacex/jobs/8586637002?gh_jid=8586637002,2026-08-12,no,greenhouse
greenhouse:spacex:8568939002,SpaceX,Software Engineer (Starlink Mobile),https://boards.greenhouse.io/spacex/jobs/8568939002?gh_jid=8568939002,2026-08-12,no,greenhouse
greenhouse:spacex:8567634002,SpaceX,Software Engineer (Starlink Mobile) ,https://boards.greenhouse.io/spacex/jobs/8567634002?gh_jid=8567634002,2026-08-12,no,greenhouse
greenhouse:spacex:8458001002,SpaceX,"Software Engineer, Starlink Network",https://boards.greenhouse.io/spacex/jobs/8458001002?gh_jid=8458001002,2026-08-12,no,greenhouse
greenhouse:spacex:8477137002,SpaceX,"Software Engineer, Starlink Network",https://boards.greenhouse.io/spacex/jobs/8477137002?gh_jid=8477137002,2026-08-12,no,greenhouse
greenhouse:spacex:8637755002,SpaceX,"Software Engineer, Starlink UX (Starlink) ",https://boards.greenhouse.io/spacex/jobs/8637755002?gh_jid=8637755002,2026-08-12,no,greenhouse
greenhouse:spacex:8501199002,SpaceX,Software Engineer (Starshield),https://boards.greenhouse.io/spacex/jobs/8501199002?gh_jid=8501199002,2026-08-12,no,greenhouse
greenhouse:spacex:8605075002,SpaceX,Software Engineer (Starshield),https://boards.greenhouse.io/spacex/jobs/8605075002?gh_jid=8605075002,2026-08-12,no,greenhouse
greenhouse:spacex:8621649002,SpaceX,Software Engineer (Starshield) - Top Secret Clearance,https://boards.greenhouse.io/spacex/jobs/8621649002?gh_jid=8621649002,2026-08-12,no,greenhouse
greenhouse:spacex:8569160002,SpaceX,Software Engineer (Starship),https://boards.greenhouse.io/spacex/jobs/8569160002?gh_jid=8569160002,2026-08-12,no,greenhouse
greenhouse:spacex:8569125002,SpaceX,Software Engineer (Starship),https://boards.greenhouse.io/spacex/jobs/8569125002?gh_jid=8569125002,2026-08-12,no,greenhouse
greenhouse:spacex:8631930002,SpaceX,"Software Engineer, Telemetry (Starlink)",https://boards.greenhouse.io/spacex/jobs/8631930002?gh_jid=8631930002,2026-08-12,no,greenhouse
greenhouse:spacex:8656526002,SpaceX,"Software Engineer, Telemetry (Starlink)",https://boards.greenhouse.io/spacex/jobs/8656526002?gh_jid=8656526002,2026-08-12,no,greenhouse
greenhouse:spacex:8656274002,SpaceX,"Software Engineer, Telemetry - Top Secret Clearance (Starlink)",https://boards.greenhouse.io/spacex/jobs/8656274002?gh_jid=8656274002,2026-08-12,no,greenhouse
greenhouse:spacex:8585072002,SpaceX,"Software Engineer, Test Infrastructure (Application Software)",https://boards.greenhouse.io/spacex/jobs/8585072002?gh_jid=8585072002,2026-08-12,no,greenhouse
greenhouse:spacex:8637049002,SpaceX,"Software Engineer, Test Infrastructure (C/C++)",https://boards.greenhouse.io/spacex/jobs/8637049002?gh_jid=8637049002,2026-08-12,no,greenhouse
greenhouse:spacex:8562437002,SpaceX,Software Engineer (Thermal & Fluid Analysis) ,https://boards.greenhouse.io/spacex/jobs/8562437002?gh_jid=8562437002,2026-08-12,no,greenhouse
greenhouse:spacex:8414648002,SpaceX,"Software Engineer, Tracking (Starshield)",https://boards.greenhouse.io/spacex/jobs/8414648002?gh_jid=8414648002,2026-08-12,no,greenhouse
greenhouse:spacex:8609228002,SpaceX,"Software Engineer, Vehicle Operations (Starshield)",https://boards.greenhouse.io/spacex/jobs/8609228002?gh_jid=8609228002,2026-08-12,no,greenhouse
greenhouse:spacex:8692270002,SpaceX,"Software Infrastructure Engineer, Flight Software (Starlink)",https://boards.greenhouse.io/spacex/jobs/8692270002?gh_jid=8692270002,2026-08-12,no,greenhouse
greenhouse:spacex:8573279002,SpaceX,Software Infrastructure Engineer (Starlink),https://boards.greenhouse.io/spacex/jobs/8573279002?gh_jid=8573279002,2026-08-12,no,greenhouse
greenhouse:spacex:8584920002,SpaceX,Software Infrastructure Engineer (Starlink),https://boards.greenhouse.io/spacex/jobs/8584920002?gh_jid=8584920002,2026-08-12,no,greenhouse
greenhouse:spacex:8653679002,SpaceX,Solar Cell Reliability Engineer (Starlink),https://boards.greenhouse.io/spacex/jobs/8653679002?gh_jid=8653679002,2026-08-12,no,greenhouse
greenhouse:spacex:8630025002,SpaceX,"Sourcing Manager, Behind-the-meter (BTM) Transmission (Starlink)",https://boards.greenhouse.io/spacex/jobs/8630025002?gh_jid=8630025002,2026-08-12,no,greenhouse
greenhouse:spacex:8399375002,SpaceX,"Sourcing Manager, CapEx (Starlink)",https://boards.greenhouse.io/spacex/jobs/8399375002?gh_jid=8399375002,2026-08-12,no,greenhouse
greenhouse:spacex:8619961002,SpaceX,"Sourcing Manager, Capital Equipment & Construction (Starlink)",https://boards.greenhouse.io/spacex/jobs/8619961002?gh_jid=8619961002,2026-08-12,no,greenhouse
greenhouse:spacex:8638183002,SpaceX,"Sourcing Manager, Capital Equipment & Construction (Starlink)",https://boards.greenhouse.io/spacex/jobs/8638183002?gh_jid=8638183002,2026-08-12,no,greenhouse
greenhouse:spacex:8625464002,SpaceX,"Sourcing Manager, Capital Equipment & Construction (Starlink)",https://boards.greenhouse.io/spacex/jobs/8625464002?gh_jid=8625464002,2026-08-12,no,greenhouse
greenhouse:spacex:8651470002,SpaceX,"Sourcing Manager, Capital Equipment & Construction (Starship)",https://boards.greenhouse.io/spacex/jobs/8651470002?gh_jid=8651470002,2026-08-12,no,greenhouse
greenhouse:spacex:8558283002,SpaceX,"Sourcing Manager, Capital Equipment & Construction (Starship)",https://boards.greenhouse.io/spacex/jobs/8558283002?gh_jid=8558283002,2026-08-12,no,greenhouse
greenhouse:spacex:8646570002,SpaceX,"Sourcing Manager, Capital Equipment, Construction, & Wastewater Treatment (Starlink)",https://boards.greenhouse.io/spacex/jobs/8646570002?gh_jid=8646570002,2026-08-12,no,greenhouse
greenhouse:spacex:8619993002,SpaceX,"Sourcing Manager, Contract Manufacturing (Starlink)",https://boards.greenhouse.io/spacex/jobs/8619993002?gh_jid=8619993002,2026-08-12,no,greenhouse
greenhouse:spacex:8606550002,SpaceX,"Sourcing Manager, Datacenter (Starlink)",https://boards.greenhouse.io/spacex/jobs/8606550002?gh_jid=8606550002,2026-08-12,no,greenhouse
greenhouse:spacex:8473145002,SpaceX,"Sourcing Manager, Electronics (Starlink)",https://boards.greenhouse.io/spacex/jobs/8473145002?gh_jid=8473145002,2026-08-12,no,greenhouse
greenhouse:spacex:8550020002,SpaceX,"Sourcing Manager, Electronics (Starlink)",https://boards.greenhouse.io/spacex/jobs/8550020002?gh_jid=8550020002,2026-08-12,no,greenhouse
greenhouse:spacex:8544377002,SpaceX,"Sourcing Manager, Electronics (Starlink) ",https://boards.greenhouse.io/spacex/jobs/8544377002?gh_jid=8544377002,2026-08-12,no,greenhouse
greenhouse:spacex:8558280002,SpaceX,"Sourcing Manager, Fabricated Assemblies (Starship)",https://boards.greenhouse.io/spacex/jobs/8558280002?gh_jid=8558280002,2026-08-12,no,greenhouse
greenhouse:spacex:8673066002,SpaceX,"Sourcing Manager, Food & Facilities",https://boards.greenhouse.io/spacex/jobs/8673066002?gh_jid=8673066002,2026-08-12,no,greenhouse
greenhouse:spacex:8619968002,SpaceX,"Sourcing Manager, Ground Infrastructure (Starlink) ",https://boards.greenhouse.io/spacex/jobs/8619968002?gh_jid=8619968002,2026-08-12,no,greenhouse
greenhouse:spacex:8630028002,SpaceX,"Sourcing Manager, Low Voltage (LV) Electrical Distribution and Power Cables (Starlink)",https://boards.greenhouse.io/spacex/jobs/8630028002?gh_jid=8630028002,2026-08-12,no,greenhouse
greenhouse:spacex:8558249002,SpaceX,"Sourcing Manager, Machining & Fabricated Parts (Starship)",https://boards.greenhouse.io/spacex/jobs/8558249002?gh_jid=8558249002,2026-08-12,no,greenhouse
greenhouse:spacex:8638610002,SpaceX,"Sourcing Manager, Mechanical Commodities (Starlink) ",https://boards.greenhouse.io/spacex/jobs/8638610002?gh_jid=8638610002,2026-08-12,no,greenhouse
greenhouse:spacex:8563611002,SpaceX,"Sourcing Manager, Mechanical & Optical Commodities (Starlink)",https://boards.greenhouse.io/spacex/jobs/8563611002?gh_jid=8563611002,2026-08-12,no,greenhouse
greenhouse:spacex:8523587002,SpaceX,"Sourcing Manager, Mechanical (Starlink)",https://boards.greenhouse.io/spacex/jobs/8523587002?gh_jid=8523587002,2026-08-12,no,greenhouse
greenhouse:spacex:8397464002,SpaceX,"Sourcing Manager, Mechanical (Starshield)",https://boards.greenhouse.io/spacex/jobs/8397464002?gh_jid=8397464002,2026-08-12,no,greenhouse
greenhouse:spacex:8619669002,SpaceX,"Sourcing Manager, OPEX (Starlink)",https://boards.greenhouse.io/spacex/jobs/8619669002?gh_jid=8619669002,2026-08-12,no,greenhouse
greenhouse:spacex:8400375002,SpaceX,"Sourcing Manager, PCB/PCBA (Starshield)",https://boards.greenhouse.io/spacex/jobs/8400375002?gh_jid=8400375002,2026-08-12,no,greenhouse
greenhouse:spacex:8632295002,SpaceX,"Sourcing Manager, Power Plant Equipment (Starlink)",https://boards.greenhouse.io/spacex/jobs/8632295002?gh_jid=8632295002,2026-08-12,no,greenhouse
greenhouse:spacex:8632308002,SpaceX,"Sourcing Manager, Power Plant MROs (Starlink)",https://boards.greenhouse.io/spacex/jobs/8632308002?gh_jid=8632308002,2026-08-12,no,greenhouse
greenhouse:spacex:8536221002,SpaceX,Sourcing Manager (Raptor),https://boards.greenhouse.io/spacex/jobs/8536221002?gh_jid=8536221002,2026-08-12,no,greenhouse
greenhouse:spacex:8692510002,SpaceX,"Sourcing Manager, Software & Services",https://boards.greenhouse.io/spacex/jobs/8692510002?gh_jid=8692510002,2026-08-12,no,greenhouse
greenhouse:spacex:8399406002,SpaceX,Sourcing Manager (Starlink Aviation) ,https://boards.greenhouse.io/spacex/jobs/8399406002?gh_jid=8399406002,2026-08-12,no,greenhouse
greenhouse:spacex:8515716002,SpaceX,Sourcing Manager (Starship),https://boards.greenhouse.io/spacex/jobs/8515716002?gh_jid=8515716002,2026-08-12,no,greenhouse
greenhouse:spacex:8694750002,SpaceX,Sourcing Specialist - CapEx (Starlink),https://boards.greenhouse.io/spacex/jobs/8694750002?gh_jid=8694750002,2026-08-12,no,greenhouse
greenhouse:spacex:8619966002,SpaceX,"Sourcing Specialist, Contracts (Starlink)",https://boards.greenhouse.io/spacex/jobs/8619966002?gh_jid=8619966002,2026-08-12,no,greenhouse
greenhouse:spacex:8686804002,SpaceX,"Sourcing Specialist, LNG Capital",https://boards.greenhouse.io/spacex/jobs/8686804002?gh_jid=8686804002,2026-08-12,no,greenhouse
greenhouse:spacex:8638628002,SpaceX,"Sourcing Specialist, Mechanical Commodities (Starlink) ",https://boards.greenhouse.io/spacex/jobs/8638628002?gh_jid=8638628002,2026-08-12,no,greenhouse
greenhouse:spacex:8687373002,SpaceX,"Sourcing Specialist, Mechanical & Optical Commodities (Starlink) ",https://boards.greenhouse.io/spacex/jobs/8687373002?gh_jid=8687373002,2026-08-12,no,greenhouse
greenhouse:spacex:8563613002,SpaceX,"Sourcing Specialist, Mechanical & Optical Commodities (Starlink) ",https://boards.greenhouse.io/spacex/jobs/8563613002?gh_jid=8563613002,2026-08-12,no,greenhouse
greenhouse:spacex:8452742002,SpaceX,"Sourcing Specialist, Mechanical (Starshield) ",https://boards.greenhouse.io/spacex/jobs/8452742002?gh_jid=8452742002,2026-08-12,no,greenhouse
greenhouse:spacex:8692450002,SpaceX,"Sourcing Specialist, Mechanical (Starship)",https://boards.greenhouse.io/spacex/jobs/8692450002?gh_jid=8692450002,2026-08-12,no,greenhouse
greenhouse:spacex:8686805002,SpaceX,"Sourcing Specialist, Natural Gas",https://boards.greenhouse.io/spacex/jobs/8686805002?gh_jid=8686805002,2026-08-12,no,greenhouse
greenhouse:spacex:8472535002,SpaceX,Sourcing Specialist (Starship),https://boards.greenhouse.io/spacex/jobs/8472535002?gh_jid=8472535002,2026-08-12,no,greenhouse
greenhouse:spacex:8513671002,SpaceX,Sourcing Specialist (Starship),https://boards.greenhouse.io/spacex/jobs/8513671002?gh_jid=8513671002,2026-08-12,no,greenhouse
greenhouse:spacex:8613948002,SpaceX,"Sourcing Specialist, Test Hardware and Equipment",https://boards.greenhouse.io/spacex/jobs/8613948002?gh_jid=8613948002,2026-08-12,no,greenhouse
greenhouse:spacex:8678723002,SpaceX,Sous Chef,https://boards.greenhouse.io/spacex/jobs/8678723002?gh_jid=8678723002,2026-08-12,no,greenhouse
greenhouse:spacex:8656960002,SpaceX,"Space Lasers Engineer, Satellites (Starlink)",https://boards.greenhouse.io/spacex/jobs/8656960002?gh_jid=8656960002,2026-08-12,no,greenhouse
greenhouse:spacex:8402935002,SpaceX,Space Lasers Engineer (Starshield),https://boards.greenhouse.io/spacex/jobs/8402935002?gh_jid=8402935002,2026-08-12,no,greenhouse
greenhouse:spacex:8485525002,SpaceX,"Spaceport Designer, Architect (Starbase Development)",https://boards.greenhouse.io/spacex/jobs/8485525002?gh_jid=8485525002,2026-08-12,no,greenhouse
greenhouse:spacex:8675927002,SpaceX,"Spaceport Designer, Interior Design",https://boards.greenhouse.io/spacex/jobs/8675927002?gh_jid=8675927002,2026-08-12,no,greenhouse
greenhouse:spacex:8641926002,SpaceX,Spaceport Integration Manager ,https://boards.greenhouse.io/spacex/jobs/8641926002?gh_jid=8641926002,2026-08-12,no,greenhouse
greenhouse:spacex:8651060002,SpaceX,Space Suit Sewer,https://boards.greenhouse.io/spacex/jobs/8651060002?gh_jid=8651060002,2026-08-12,no,greenhouse
greenhouse:spacex:8589648002,SpaceX,SPMT Critical Lift Technician (Starship),https://boards.greenhouse.io/spacex/jobs/8589648002?gh_jid=8589648002,2026-08-12,no,greenhouse
greenhouse:spacex:8621770002,SpaceX,Spring 2027 Business Operations Internship/Co-op,https://boards.greenhouse.io/spacex/jobs/8621770002?gh_jid=8621770002,2026-08-12,no,greenhouse
greenhouse:spacex:8636143002,SpaceX,Spring 2027 Civil Engineering Internship,https://boards.greenhouse.io/spacex/jobs/8636143002?gh_jid=8636143002,2026-08-12,no,greenhouse
greenhouse:spacex:8616338002,SpaceX,Spring 2027 Engineering Internship/Co-op,https://boards.greenhouse.io/spacex/jobs/8616338002?gh_jid=8616338002,2026-08-12,no,greenhouse
greenhouse:spacex:8621749002,SpaceX,Spring 2027 Graduate Engineer Internship/Co-op,https://boards.greenhouse.io/spacex/jobs/8621749002?gh_jid=8621749002,2026-08-12,no,greenhouse
greenhouse:spacex:8636134002,SpaceX,Spring 2027 Silicon Engineering Internship/Co-op,https://boards.greenhouse.io/spacex/jobs/8636134002?gh_jid=8636134002,2026-08-12,no,greenhouse
greenhouse:spacex:8621756002,SpaceX,Spring 2027 Software Engineering Internship/Co-op,https://boards.greenhouse.io/spacex/jobs/8621756002?gh_jid=8621756002,2026-08-12,no,greenhouse
greenhouse:spacex:8633803002,SpaceX,Sr. 3GPP RAN Standardization Engineer (Starlink Mobile),https://boards.greenhouse.io/spacex/jobs/8633803002?gh_jid=8633803002,2026-08-12,no,greenhouse
greenhouse:spacex:8663962002,SpaceX,Sr. Accountant,https://boards.greenhouse.io/spacex/jobs/8663962002?gh_jid=8663962002,2026-08-12,no,greenhouse
greenhouse:spacex:8678092002,SpaceX,Sr. Accountant (Brazil & Caribbean),https://boards.greenhouse.io/spacex/jobs/8678092002?gh_jid=8678092002,2026-08-12,no,greenhouse
greenhouse:spacex:8632301002,SpaceX,Sr. Accountant (LATAM),https://boards.greenhouse.io/spacex/jobs/8632301002?gh_jid=8632301002,2026-08-12,no,greenhouse
greenhouse:spacex:8562255002,SpaceX,Sr. Aerodynamics Engineer (Starship),https://boards.greenhouse.io/spacex/jobs/8562255002?gh_jid=8562255002,2026-08-12,no,greenhouse
greenhouse:spacex:8557126002,SpaceX,"Sr. AI Engineer, Platform Infrastructure, Special Programs",https://boards.greenhouse.io/spacex/jobs/8557126002?gh_jid=8557126002,2026-08-12,no,greenhouse
greenhouse:spacex:8557262002,SpaceX,"Sr. AI Engineer, Platform Infrastructure, Special Programs",https://boards.greenhouse.io/spacex/jobs/8557262002?gh_jid=8557262002,2026-08-12,no,greenhouse
greenhouse:spacex:8557060002,SpaceX,"Sr. AI Engineer, Special Programs",https://boards.greenhouse.io/spacex/jobs/8557060002?gh_jid=8557060002,2026-08-12,no,greenhouse
greenhouse:spacex:8557268002,SpaceX,"Sr. AI Engineer, Special Programs",https://boards.greenhouse.io/spacex/jobs/8557268002?gh_jid=8557268002,2026-08-12,no,greenhouse
greenhouse:spacex:8557272002,SpaceX,"Sr. AI Engineer, Special Programs - Top Secret Clearance",https://boards.greenhouse.io/spacex/jobs/8557272002?gh_jid=8557272002,2026-08-12,no,greenhouse
greenhouse:spacex:8557093002,SpaceX,"Sr. AI Engineer, Special Programs - Top Secret Clearance",https://boards.greenhouse.io/spacex/jobs/8557093002?gh_jid=8557093002,2026-08-12,no,greenhouse
greenhouse:spacex:8497552002,SpaceX,"Sr. Antenna Engineer, Satellites (Starlink)",https://boards.greenhouse.io/spacex/jobs/8497552002?gh_jid=8497552002,2026-08-12,no,greenhouse
greenhouse:spacex:8369854002,SpaceX,Sr. Antenna Engineer (Starlink),https://boards.greenhouse.io/spacex/jobs/8369854002?gh_jid=8369854002,2026-08-12,no,greenhouse
greenhouse:spacex:8533743002,SpaceX,Sr. Antenna Engineer (Starship),https://boards.greenhouse.io/spacex/jobs/8533743002?gh_jid=8533743002,2026-08-12,no,greenhouse
greenhouse:spacex:8624695002,SpaceX,Sr. Application Security Engineer   ,https://boards.greenhouse.io/spacex/jobs/8624695002?gh_jid=8624695002,2026-08-12,no,greenhouse
greenhouse:spacex:8594168002,SpaceX,Sr. Application Software Engineer,https://boards.greenhouse.io/spacex/jobs/8594168002?gh_jid=8594168002,2026-08-12,no,greenhouse
greenhouse:spacex:8612668002,SpaceX,Sr. Application Software Engineer,https://boards.greenhouse.io/spacex/jobs/8612668002?gh_jid=8612668002,2026-08-12,no,greenhouse
greenhouse:spacex:8611181002,SpaceX,Sr. Application Software Engineer,https://boards.greenhouse.io/spacex/jobs/8611181002?gh_jid=8611181002,2026-08-12,no,greenhouse
greenhouse:spacex:8612682002,SpaceX,"Sr. Application Software Engineer, Data Analytics",https://boards.greenhouse.io/spacex/jobs/8612682002?gh_jid=8612682002,2026-08-12,no,greenhouse
greenhouse:spacex:8492998002,SpaceX,Sr. ASIC Design Engineer (Starshield) ,https://boards.greenhouse.io/spacex/jobs/8492998002?gh_jid=8492998002,2026-08-12,no,greenhouse
greenhouse:spacex:8633021002,SpaceX,Sr. ASIC Design Verification Engineer (Silicon Engineering),https://boards.greenhouse.io/spacex/jobs/8633021002?gh_jid=8633021002,2026-08-12,no,greenhouse
greenhouse:spacex:8633043002,SpaceX,Sr. ASIC Design Verification Engineer (Silicon Engineering),https://boards.greenhouse.io/spacex/jobs/8633043002?gh_jid=8633043002,2026-08-12,no,greenhouse
greenhouse:spacex:8633042002,SpaceX,Sr. ASIC Design Verification Engineer (Silicon Engineering),https://boards.greenhouse.io/spacex/jobs/8633042002?gh_jid=8633042002,2026-08-12,no,greenhouse
greenhouse:spacex:8633040002,SpaceX,Sr. ASIC Design Verification Engineer (Silicon Engineering),https://boards.greenhouse.io/spacex/jobs/8633040002?gh_jid=8633040002,2026-08-12,no,greenhouse
greenhouse:spacex:8571294002,SpaceX,Sr. ASIC DFT Engineer (Silicon),https://boards.greenhouse.io/spacex/jobs/8571294002?gh_jid=8571294002,2026-08-12,no,greenhouse
greenhouse:spacex:8571283002,SpaceX,Sr. ASIC DFT Engineer (Silicon),https://boards.greenhouse.io/spacex/jobs/8571283002?gh_jid=8571283002,2026-08-12,no,greenhouse
greenhouse:spacex:8571293002,SpaceX,Sr. ASIC DFT Engineer (Silicon),https://boards.greenhouse.io/spacex/jobs/8571293002?gh_jid=8571293002,2026-08-12,no,greenhouse
greenhouse:spacex:8692083002,SpaceX,"Sr. Automation and Controls Engineer, Satellites (Starlink)",https://boards.greenhouse.io/spacex/jobs/8692083002?gh_jid=8692083002,2026-08-12,no,greenhouse
greenhouse:spacex:8643431002,SpaceX,"Sr. Automation & Controls Engineer, Assembly Manufacturing (Starlink)",https://boards.greenhouse.io/spacex/jobs/8643431002?gh_jid=8643431002,2026-08-12,no,greenhouse
greenhouse:spacex:8557015002,SpaceX,Sr. Automation & Controls Engineer (Components),https://boards.greenhouse.io/spacex/jobs/8557015002?gh_jid=8557015002,2026-08-12,no,greenhouse
greenhouse:spacex:8526294002,SpaceX,Sr. Automation & Controls Engineer (Facilities) ,https://boards.greenhouse.io/spacex/jobs/8526294002?gh_jid=8526294002,2026-08-12,no,greenhouse
greenhouse:spacex:8548433002,SpaceX,"Sr. Automation & Controls Engineer, Insource Manufacturing (Starlink)",https://boards.greenhouse.io/spacex/jobs/8548433002?gh_jid=8548433002,2026-08-12,no,greenhouse
greenhouse:spacex:8569381002,SpaceX,"Sr. Automation & Controls Engineer, Solar Cell Factory",https://boards.greenhouse.io/spacex/jobs/8569381002?gh_jid=8569381002,2026-08-12,no,greenhouse
greenhouse:spacex:8635589002,SpaceX,Sr. Automation & Controls Engineer (Starship),https://boards.greenhouse.io/spacex/jobs/8635589002?gh_jid=8635589002,2026-08-12,no,greenhouse
greenhouse:spacex:8562427002,SpaceX,Sr. Automation & Controls Engineer (Starship),https://boards.greenhouse.io/spacex/jobs/8562427002?gh_jid=8562427002,2026-08-12,no,greenhouse
greenhouse:spacex:8497668002,SpaceX,"Sr. Automation Engineer, Blades and Vanes Foundry",https://boards.greenhouse.io/spacex/jobs/8497668002?gh_jid=8497668002,2026-08-12,no,greenhouse
greenhouse:spacex:8694524002,SpaceX,Sr. Aviation Development Engineer (Starlink),https://boards.greenhouse.io/spacex/jobs/8694524002?gh_jid=8694524002,2026-08-12,no,greenhouse
greenhouse:spacex:8647153002,SpaceX,Sr. Aviation Development Engineer (Starlink),https://boards.greenhouse.io/spacex/jobs/8647153002?gh_jid=8647153002,2026-08-12,no,greenhouse
greenhouse:spacex:8594333002,SpaceX,Sr. Avionics Test Engineer (Starshield),https://boards.greenhouse.io/spacex/jobs/8594333002?gh_jid=8594333002,2026-08-12,no,greenhouse
greenhouse:spacex:8356387002,SpaceX,Sr. BAW Filter Design Engineer (Starlink/Akoustis),https://boards.greenhouse.io/spacex/jobs/8356387002?gh_jid=8356387002,2026-08-12,no,greenhouse
greenhouse:spacex:8662062002,SpaceX,Sr. BAW Filter Design Engineer (Starlink/Akoustis),https://boards.greenhouse.io/spacex/jobs/8662062002?gh_jid=8662062002,2026-08-12,no,greenhouse
greenhouse:spacex:8568201002,SpaceX,Sr. Benefits Analyst (Workers' Compensation),https://boards.greenhouse.io/spacex/jobs/8568201002?gh_jid=8568201002,2026-08-12,no,greenhouse
greenhouse:spacex:8628873002,SpaceX,Sr. BIM Specialist,https://boards.greenhouse.io/spacex/jobs/8628873002?gh_jid=8628873002,2026-08-12,no,greenhouse
greenhouse:spacex:8553647002,SpaceX,Sr. Build Engineer (Starship),https://boards.greenhouse.io/spacex/jobs/8553647002?gh_jid=8553647002,2026-08-12,no,greenhouse
greenhouse:spacex:8641254002,SpaceX,Sr. Business Analyst (Customer Success) ,https://boards.greenhouse.io/spacex/jobs/8641254002?gh_jid=8641254002,2026-08-12,no,greenhouse
greenhouse:spacex:8641308002,SpaceX,Sr. Business Analyst (Customer Success) ,https://boards.greenhouse.io/spacex/jobs/8641308002?gh_jid=8641308002,2026-08-12,no,greenhouse
greenhouse:spacex:8651232002,SpaceX,Sr. Business Analyst (Starlink),https://boards.greenhouse.io/spacex/jobs/8651232002?gh_jid=8651232002,2026-08-12,no,greenhouse
greenhouse:spacex:8579649002,SpaceX,Sr. Business Analyst (Starlink Enterprise),https://boards.greenhouse.io/spacex/jobs/8579649002?gh_jid=8579649002,2026-08-12,no,greenhouse
greenhouse:spacex:8656688002,SpaceX,Sr. Business Analyst (Starlink Platform Integrity),https://boards.greenhouse.io/spacex/jobs/8656688002?gh_jid=8656688002,2026-08-12,no,greenhouse
greenhouse:spacex:8656681002,SpaceX,Sr. Business Analyst (Starlink Platform Integrity),https://boards.greenhouse.io/spacex/jobs/8656681002?gh_jid=8656681002,2026-08-12,no,greenhouse
greenhouse:spacex:8656689002,SpaceX,Sr. Business Analyst (Starlink Platform Integrity),https://boards.greenhouse.io/spacex/jobs/8656689002?gh_jid=8656689002,2026-08-12,no,greenhouse
greenhouse:spacex:8639095002,SpaceX,"Sr. Business Analyst, Workforce Planning (Starlink)  ",https://boards.greenhouse.io/spacex/jobs/8639095002?gh_jid=8639095002,2026-08-12,no,greenhouse
greenhouse:spacex:8639120002,SpaceX,"Sr. Business Analyst, Workforce Planning (Starlink)  ",https://boards.greenhouse.io/spacex/jobs/8639120002?gh_jid=8639120002,2026-08-12,no,greenhouse
greenhouse:spacex:8603028002,SpaceX,"Sr. CAM Engineer, PCB (STARLINK)",https://boards.greenhouse.io/spacex/jobs/8603028002?gh_jid=8603028002,2026-08-12,no,greenhouse
greenhouse:spacex:8653944002,SpaceX,"Sr. Chemical Texturing Equipment Engineer, Solar Cells (Starlink)",https://boards.greenhouse.io/spacex/jobs/8653944002?gh_jid=8653944002,2026-08-12,no,greenhouse
greenhouse:spacex:8651331002,SpaceX,Sr. Civil Engineer,https://boards.greenhouse.io/spacex/jobs/8651331002?gh_jid=8651331002,2026-08-12,no,greenhouse
greenhouse:spacex:8571999002,SpaceX,"Sr. Civil Engineer, Land Development (Starlink) ",https://boards.greenhouse.io/spacex/jobs/8571999002?gh_jid=8571999002,2026-08-12,no,greenhouse
greenhouse:spacex:8497586002,SpaceX,"Sr. Civil Engineer, Offsite Infrastructure (Starlink)",https://boards.greenhouse.io/spacex/jobs/8497586002?gh_jid=8497586002,2026-08-12,no,greenhouse
greenhouse:spacex:8594632002,SpaceX,Sr. Classified Cyber Assurance Analyst,https://boards.greenhouse.io/spacex/jobs/8594632002?gh_jid=8594632002,2026-08-12,no,greenhouse
greenhouse:spacex:8610086002,SpaceX,"Sr. Commercial Counsel, Starlink",https://boards.greenhouse.io/spacex/jobs/8610086002?gh_jid=8610086002,2026-08-12,no,greenhouse
greenhouse:spacex:8672198002,SpaceX,Sr. Compensation Analyst,https://boards.greenhouse.io/spacex/jobs/8672198002?gh_jid=8672198002,2026-08-12,no,greenhouse
greenhouse:spacex:8581272002,SpaceX,Sr. Construction Engineer,https://boards.greenhouse.io/spacex/jobs/8581272002?gh_jid=8581272002,2026-08-12,no,greenhouse
greenhouse:spacex:8575788002,SpaceX,Sr. Construction Project Engineer,https://boards.greenhouse.io/spacex/jobs/8575788002?gh_jid=8575788002,2026-08-12,no,greenhouse
greenhouse:spacex:8393699002,SpaceX,Sr. Construction Project Manager,https://boards.greenhouse.io/spacex/jobs/8393699002?gh_jid=8393699002,2026-08-12,no,greenhouse
greenhouse:spacex:8563021002,SpaceX,Sr. Construction Superintendent,https://boards.greenhouse.io/spacex/jobs/8563021002?gh_jid=8563021002,2026-08-12,no,greenhouse
greenhouse:spacex:8501150002,SpaceX,Sr. Construction Superintendent,https://boards.greenhouse.io/spacex/jobs/8501150002?gh_jid=8501150002,2026-08-12,no,greenhouse
greenhouse:spacex:8624593002,SpaceX,Sr. Core Integration Engineer (Starlink Mobile),https://boards.greenhouse.io/spacex/jobs/8624593002?gh_jid=8624593002,2026-08-12,no,greenhouse
greenhouse:spacex:8632985002,SpaceX,"Sr. Counsel, Datacenter Development & Infrastructure",https://boards.greenhouse.io/spacex/jobs/8632985002?gh_jid=8632985002,2026-08-12,no,greenhouse
greenhouse:spacex:8631678002,SpaceX,"Sr. Counsel, Datacenter Development & Infrastructure",https://boards.greenhouse.io/spacex/jobs/8631678002?gh_jid=8631678002,2026-08-12,no,greenhouse
greenhouse:spacex:8631722002,SpaceX,"Sr. Counsel, Datacenter Development & Infrastructure",https://boards.greenhouse.io/spacex/jobs/8631722002?gh_jid=8631722002,2026-08-12,no,greenhouse
greenhouse:spacex:8621050002,SpaceX,"Sr. Counsel, Labor & Employment Litigation",https://boards.greenhouse.io/spacex/jobs/8621050002?gh_jid=8621050002,2026-08-12,no,greenhouse
greenhouse:spacex:8460052002,SpaceX,Sr. Critical Lift & Transport Engineer (Falcon),https://boards.greenhouse.io/spacex/jobs/8460052002?gh_jid=8460052002,2026-08-12,no,greenhouse
greenhouse:spacex:8413697002,SpaceX,Sr. Critical Lift & Transport Engineer (Starship),https://boards.greenhouse.io/spacex/jobs/8413697002?gh_jid=8413697002,2026-08-12,no,greenhouse
greenhouse:spacex:8688114002,SpaceX,"Sr. Cyber Assurance Analyst, Finance",https://boards.greenhouse.io/spacex/jobs/8688114002?gh_jid=8688114002,2026-08-12,no,greenhouse
greenhouse:spacex:8692443002,SpaceX,"Sr. Cyber Assurance Analyst, Finance",https://boards.greenhouse.io/spacex/jobs/8692443002?gh_jid=8692443002,2026-08-12,no,greenhouse
greenhouse:spacex:8601792002,SpaceX,"Sr. Cyber Assurance Analyst, Launch",https://boards.greenhouse.io/spacex/jobs/8601792002?gh_jid=8601792002,2026-08-12,no,greenhouse
greenhouse:spacex:8601801002,SpaceX,"Sr. Cyber Assurance Analyst, Launch",https://boards.greenhouse.io/spacex/jobs/8601801002?gh_jid=8601801002,2026-08-12,no,greenhouse
greenhouse:spacex:8601804002,SpaceX,"Sr. Cyber Assurance Analyst, Starlink",https://boards.greenhouse.io/spacex/jobs/8601804002?gh_jid=8601804002,2026-08-12,no,greenhouse
greenhouse:spacex:8603677002,SpaceX,"Sr. Cyber Assurance Analyst, Starlink",https://boards.greenhouse.io/spacex/jobs/8603677002?gh_jid=8603677002,2026-08-12,no,greenhouse
greenhouse:spacex:8570040002,SpaceX,Sr. Database Reliability Engineer,https://boards.greenhouse.io/spacex/jobs/8570040002?gh_jid=8570040002,2026-08-12,no,greenhouse
greenhouse:spacex:8482128002,SpaceX,"Sr. Data Engineer, Ground Network Engineering (Business Analytics)",https://boards.greenhouse.io/spacex/jobs/8482128002?gh_jid=8482128002,2026-08-12,no,greenhouse
greenhouse:spacex:8584206002,SpaceX,"Sr. Data Engineer (Starlink Network Analytics, Wi-Fi) ",https://boards.greenhouse.io/spacex/jobs/8584206002?gh_jid=8584206002,2026-08-12,no,greenhouse
greenhouse:spacex:8614287002,SpaceX,Sr. Design Criteria Engineer (Starshield),https://boards.greenhouse.io/spacex/jobs/8614287002?gh_jid=8614287002,2026-08-12,no,greenhouse
greenhouse:spacex:8684274002,SpaceX,Sr. EHS Program Manager,https://boards.greenhouse.io/spacex/jobs/8684274002?gh_jid=8684274002,2026-08-12,no,greenhouse
greenhouse:spacex:8461552002,SpaceX,"Sr. Electrical Design Engineer, Electrical - (Starlink)",https://boards.greenhouse.io/spacex/jobs/8461552002?gh_jid=8461552002,2026-08-12,no,greenhouse
greenhouse:spacex:8371361002,SpaceX,"Sr. Electrical Design Engineer, Gateways & Customer Hardware (Starlink) ",https://boards.greenhouse.io/spacex/jobs/8371361002?gh_jid=8371361002,2026-08-12,no,greenhouse
greenhouse:spacex:8627689002,SpaceX,"Sr. Electrical Design Engineer, Satellites Payload (Starlink)",https://boards.greenhouse.io/spacex/jobs/8627689002?gh_jid=8627689002,2026-08-12,no,greenhouse
greenhouse:spacex:8517504002,SpaceX,Sr. Electrical Design Engineer (Starshield),https://boards.greenhouse.io/spacex/jobs/8517504002?gh_jid=8517504002,2026-08-12,no,greenhouse
greenhouse:spacex:8649677002,SpaceX,Sr. Electrical Engineer,https://boards.greenhouse.io/spacex/jobs/8649677002?gh_jid=8649677002,2026-08-12,no,greenhouse
greenhouse:spacex:8506097002,SpaceX,"Sr. Electrical Engineer, Construction (Starlink)",https://boards.greenhouse.io/spacex/jobs/8506097002?gh_jid=8506097002,2026-08-12,no,greenhouse
greenhouse:spacex:8689249002,SpaceX,"Sr. Electrical Engineer, Facilities (Starlink)",https://boards.greenhouse.io/spacex/jobs/8689249002?gh_jid=8689249002,2026-08-12,no,greenhouse
greenhouse:spacex:8658865002,SpaceX,"Sr. Electrical Engineer, Hardware Reliability (Starlink)",https://boards.greenhouse.io/spacex/jobs/8658865002?gh_jid=8658865002,2026-08-12,no,greenhouse
greenhouse:spacex:8609219002,SpaceX,Sr. Electrical Engineer (Power Systems),https://boards.greenhouse.io/spacex/jobs/8609219002?gh_jid=8609219002,2026-08-12,no,greenhouse
greenhouse:spacex:8639293002,SpaceX,"Sr. Electrical Hardware Engineer, AI Satellites (Starmind)",https://boards.greenhouse.io/spacex/jobs/8639293002?gh_jid=8639293002,2026-08-12,no,greenhouse
greenhouse:spacex:8501697002,SpaceX,Sr. Electrical Superintendent (Construction),https://boards.greenhouse.io/spacex/jobs/8501697002?gh_jid=8501697002,2026-08-12,no,greenhouse
greenhouse:spacex:8445604002,SpaceX,"Sr. Electrical Test and Reliability Engineer, Gateways (Starlink)",https://boards.greenhouse.io/spacex/jobs/8445604002?gh_jid=8445604002,2026-08-12,no,greenhouse
greenhouse:spacex:8687116002,SpaceX,"Sr. Electrical Test Engineer, AI Satellites (Starmind)",https://boards.greenhouse.io/spacex/jobs/8687116002?gh_jid=8687116002,2026-08-12,no,greenhouse
greenhouse:spacex:8624708002,SpaceX,Sr. Embedded Security Engineer (Starlink),https://boards.greenhouse.io/spacex/jobs/8624708002?gh_jid=8624708002,2026-08-12,no,greenhouse
greenhouse:spacex:8624866002,SpaceX,Sr. Embedded Security Engineer (Starlink) ,https://boards.greenhouse.io/spacex/jobs/8624866002?gh_jid=8624866002,2026-08-12,no,greenhouse
greenhouse:spacex:8579133002,SpaceX,"Sr. Embedded Software Engineer, Laser Mesh Routing (Starlink)   ",https://boards.greenhouse.io/spacex/jobs/8579133002?gh_jid=8579133002,2026-08-12,no,greenhouse
greenhouse:spacex:8579132002,SpaceX,"Sr. Embedded Software Engineer, Laser Mesh Routing (Starlink)   ",https://boards.greenhouse.io/spacex/jobs/8579132002?gh_jid=8579132002,2026-08-12,no,greenhouse
greenhouse:spacex:8567575002,SpaceX,"Sr. Embedded Software Engineer, OS/Platform (Starlink)",https://boards.greenhouse.io/spacex/jobs/8567575002?gh_jid=8567575002,2026-08-12,no,greenhouse
greenhouse:spacex:8379236002,SpaceX,Sr. Embedded Software Engineer (Starlink) ,https://boards.greenhouse.io/spacex/jobs/8379236002?gh_jid=8379236002,2026-08-12,no,greenhouse
greenhouse:spacex:8646104002,SpaceX,"Sr. Enterprise Account Manager, Aviation",https://boards.greenhouse.io/spacex/jobs/8646104002?gh_jid=8646104002,2026-08-12,no,greenhouse
greenhouse:spacex:8645611002,SpaceX,"Sr. Enterprise Account Manager, Aviation",https://boards.greenhouse.io/spacex/jobs/8645611002?gh_jid=8645611002,2026-08-12,no,greenhouse
greenhouse:spacex:8646110002,SpaceX,"Sr. Enterprise Account Manager, Aviation",https://boards.greenhouse.io/spacex/jobs/8646110002?gh_jid=8646110002,2026-08-12,no,greenhouse
greenhouse:spacex:8646087002,SpaceX,"Sr. Enterprise Account Manager, Aviation",https://boards.greenhouse.io/spacex/jobs/8646087002?gh_jid=8646087002,2026-08-12,no,greenhouse
greenhouse:spacex:8584338002,SpaceX,Sr. Environmental Engineer,https://boards.greenhouse.io/spacex/jobs/8584338002?gh_jid=8584338002,2026-08-12,no,greenhouse
greenhouse:spacex:8584358002,SpaceX,Sr. Environmental Engineer,https://boards.greenhouse.io/spacex/jobs/8584358002?gh_jid=8584358002,2026-08-12,no,greenhouse
greenhouse:spacex:8654301002,SpaceX,Sr. Environmental Engineer,https://boards.greenhouse.io/spacex/jobs/8654301002?gh_jid=8654301002,2026-08-12,no,greenhouse
greenhouse:spacex:8584360002,SpaceX,Sr. Environmental Engineer,https://boards.greenhouse.io/spacex/jobs/8584360002?gh_jid=8584360002,2026-08-12,no,greenhouse
greenhouse:spacex:8533470002,SpaceX,Sr. Environmental Health & Safety Engineer,https://boards.greenhouse.io/spacex/jobs/8533470002?gh_jid=8533470002,2026-08-12,no,greenhouse
greenhouse:spacex:8533465002,SpaceX,Sr. Environmental Health & Safety Engineer,https://boards.greenhouse.io/spacex/jobs/8533465002?gh_jid=8533465002,2026-08-12,no,greenhouse
greenhouse:spacex:8533463002,SpaceX,Sr. Environmental Health & Safety Engineer,https://boards.greenhouse.io/spacex/jobs/8533463002?gh_jid=8533463002,2026-08-12,no,greenhouse
greenhouse:spacex:8527574002,SpaceX,Sr. Environmental Health & Safety Engineer,https://boards.greenhouse.io/spacex/jobs/8527574002?gh_jid=8527574002,2026-08-12,no,greenhouse
greenhouse:spacex:8420913002,SpaceX,Sr. Environmental Health & Safety Engineer,https://boards.greenhouse.io/spacex/jobs/8420913002?gh_jid=8420913002,2026-08-12,no,greenhouse
greenhouse:spacex:8374744002,SpaceX,Sr. Environmental Health & Safety Engineer,https://boards.greenhouse.io/spacex/jobs/8374744002?gh_jid=8374744002,2026-08-12,no,greenhouse
greenhouse:spacex:8426345002,SpaceX,Sr. Environmental Health & Safety Engineer (Raptor/Starship),https://boards.greenhouse.io/spacex/jobs/8426345002?gh_jid=8426345002,2026-08-12,no,greenhouse
greenhouse:spacex:8494224002,SpaceX,Sr. Environmental Health & Safety Engineer (Satellites) ,https://boards.greenhouse.io/spacex/jobs/8494224002?gh_jid=8494224002,2026-08-12,no,greenhouse
greenhouse:spacex:8397574002,SpaceX,Sr. Environmental Health & Safety Engineer (Starship),https://boards.greenhouse.io/spacex/jobs/8397574002?gh_jid=8397574002,2026-08-12,no,greenhouse
greenhouse:spacex:8484562002,SpaceX,Sr. Environmental & Materials Compliance Engineer (Starlink),https://boards.greenhouse.io/spacex/jobs/8484562002?gh_jid=8484562002,2026-08-12,no,greenhouse
greenhouse:spacex:8447586002,SpaceX,"Sr. Equipment Engineer, Injection Molding",https://boards.greenhouse.io/spacex/jobs/8447586002?gh_jid=8447586002,2026-08-12,no,greenhouse
greenhouse:spacex:8693664002,SpaceX,"Sr. Equipment Engineer, Insource Manufacturing",https://boards.greenhouse.io/spacex/jobs/8693664002?gh_jid=8693664002,2026-08-12,no,greenhouse
greenhouse:spacex:8563302002,SpaceX,Sr. Equipment Reliability Engineer (Starship),https://boards.greenhouse.io/spacex/jobs/8563302002?gh_jid=8563302002,2026-08-12,no,greenhouse
greenhouse:spacex:8611235002,SpaceX,Sr. Facilities Engineer (Fluids & Cryogenics) ,https://boards.greenhouse.io/spacex/jobs/8611235002?gh_jid=8611235002,2026-08-12,no,greenhouse
greenhouse:spacex:8524824002,SpaceX,"Sr. Facilities Engineer, Solar Cell Factory (Starlink)",https://boards.greenhouse.io/spacex/jobs/8524824002?gh_jid=8524824002,2026-08-12,no,greenhouse
greenhouse:spacex:8575823002,SpaceX,Sr. Facilities Engineer (Starlink),https://boards.greenhouse.io/spacex/jobs/8575823002?gh_jid=8575823002,2026-08-12,no,greenhouse
greenhouse:spacex:8525768002,SpaceX,Sr. Financial Analyst,https://boards.greenhouse.io/spacex/jobs/8525768002?gh_jid=8525768002,2026-08-12,no,greenhouse
greenhouse:spacex:8612940002,SpaceX,"Sr. Financial Analyst, Investor Relations",https://boards.greenhouse.io/spacex/jobs/8612940002?gh_jid=8612940002,2026-08-12,no,greenhouse
greenhouse:spacex:8449709002,SpaceX,"Sr. Fluids Systems Engineer, Solar Cell Factory (Starlink)",https://boards.greenhouse.io/spacex/jobs/8449709002?gh_jid=8449709002,2026-08-12,no,greenhouse
greenhouse:spacex:8399519002,SpaceX,Sr. FPGA Engineer (Starshield),https://boards.greenhouse.io/spacex/jobs/8399519002?gh_jid=8399519002,2026-08-12,no,greenhouse
greenhouse:spacex:8533363002,SpaceX,Sr. Full Chip Physical Verification Engineer (Silicon Engineering),https://boards.greenhouse.io/spacex/jobs/8533363002?gh_jid=8533363002,2026-08-12,no,greenhouse
greenhouse:spacex:8572143002,SpaceX,Sr. Full Chip Physical Verification Engineer (Silicon Engineering),https://boards.greenhouse.io/spacex/jobs/8572143002?gh_jid=8572143002,2026-08-12,no,greenhouse
greenhouse:spacex:8524041002,SpaceX,Sr. Full Chip Physical Verification Engineer (Silicon Engineering),https://boards.greenhouse.io/spacex/jobs/8524041002?gh_jid=8524041002,2026-08-12,no,greenhouse
greenhouse:spacex:8594457002,SpaceX,Sr. Full Stack Engineer (Application Software),https://boards.greenhouse.io/spacex/jobs/8594457002?gh_jid=8594457002,2026-08-12,no,greenhouse
greenhouse:spacex:8650986002,SpaceX,Sr. Full Stack Engineer (Application Software),https://boards.greenhouse.io/spacex/jobs/8650986002?gh_jid=8650986002,2026-08-12,no,greenhouse
greenhouse:spacex:8663952002,SpaceX,Sr. Full Stack Engineer (Application Software),https://boards.greenhouse.io/spacex/jobs/8663952002?gh_jid=8663952002,2026-08-12,no,greenhouse
greenhouse:spacex:8649509002,SpaceX,"Sr. Full Stack Engineer, Employee Experience ",https://boards.greenhouse.io/spacex/jobs/8649509002?gh_jid=8649509002,2026-08-12,no,greenhouse
greenhouse:spacex:8692498002,SpaceX,"Sr. Full Stack Engineer, Finance  ",https://boards.greenhouse.io/spacex/jobs/8692498002?gh_jid=8692498002,2026-08-12,no,greenhouse
greenhouse:spacex:8696900002,SpaceX,"Sr. Full Stack Engineer, Internal Systems",https://boards.greenhouse.io/spacex/jobs/8696900002?gh_jid=8696900002,2026-08-12,no,greenhouse
greenhouse:spacex:8675900002,SpaceX,"Sr. Full Stack Engineer, Internal Systems",https://boards.greenhouse.io/spacex/jobs/8675900002?gh_jid=8675900002,2026-08-12,no,greenhouse
greenhouse:spacex:8650989002,SpaceX,"Sr. Full Stack Engineer, Manufacturing Systems",https://boards.greenhouse.io/spacex/jobs/8650989002?gh_jid=8650989002,2026-08-12,no,greenhouse
greenhouse:spacex:8628284002,SpaceX,Sr. Full Stack Software Engineer (Components),https://boards.greenhouse.io/spacex/jobs/8628284002?gh_jid=8628284002,2026-08-12,no,greenhouse
greenhouse:spacex:8505483002,SpaceX,Sr. Full Stack Software Engineer (Starlink),https://boards.greenhouse.io/spacex/jobs/8505483002?gh_jid=8505483002,2026-08-12,no,greenhouse
greenhouse:spacex:8577318002,SpaceX,Sr. Gateway Site Development Engineer (Starlink),https://boards.greenhouse.io/spacex/jobs/8577318002?gh_jid=8577318002,2026-08-12,no,greenhouse
greenhouse:spacex:8679984002,SpaceX,Sr. Global Operations Engineer (Starlink),https://boards.greenhouse.io/spacex/jobs/8679984002?gh_jid=8679984002,2026-08-12,no,greenhouse
greenhouse:spacex:8567314002,SpaceX,"Sr. Global Supply Manager, Battery and Raw Materials (Starlink)",https://boards.greenhouse.io/spacex/jobs/8567314002?gh_jid=8567314002,2026-08-12,no,greenhouse
greenhouse:spacex:8632327002,SpaceX,"Sr. Global Supply Manager, Datacenter Memory and Storage (Starlink)",https://boards.greenhouse.io/spacex/jobs/8632327002?gh_jid=8632327002,2026-08-12,no,greenhouse
greenhouse:spacex:8610224002,SpaceX,"Sr. Global Supply Manager, Semiconductor Intellectual Property",https://boards.greenhouse.io/spacex/jobs/8610224002?gh_jid=8610224002,2026-08-12,no,greenhouse
greenhouse:spacex:8562829002,SpaceX,Sr. Global Supply Manager (Starlink),https://boards.greenhouse.io/spacex/jobs/8562829002?gh_jid=8562829002,2026-08-12,no,greenhouse
greenhouse:spacex:8559003002,SpaceX,Sr. GNC Engineer (Starship),https://boards.greenhouse.io/spacex/jobs/8559003002?gh_jid=8559003002,2026-08-12,no,greenhouse
greenhouse:spacex:8628384002,SpaceX,Sr. GNC Engineer (Starship) Controls ,https://boards.greenhouse.io/spacex/jobs/8628384002?gh_jid=8628384002,2026-08-12,no,greenhouse
greenhouse:spacex:8536770002,SpaceX,Sr. Government Affairs Manager,https://boards.greenhouse.io/spacex/jobs/8536770002?gh_jid=8536770002,2026-08-12,no,greenhouse
greenhouse:spacex:8647025002,SpaceX,Sr. Government Program Development Manager (Government Compute/ Intelligence Community),https://boards.greenhouse.io/spacex/jobs/8647025002?gh_jid=8647025002,2026-08-12,no,greenhouse
greenhouse:spacex:8609025002,SpaceX,"Sr. Graphic Designer, Merchandising and Events",https://boards.greenhouse.io/spacex/jobs/8609025002?gh_jid=8609025002,2026-08-12,no,greenhouse
greenhouse:spacex:8627691002,SpaceX,"Sr. Hardware Design Engineer - Electrical, Satellites Payload (Starlink)",https://boards.greenhouse.io/spacex/jobs/8627691002?gh_jid=8627691002,2026-08-12,no,greenhouse
greenhouse:spacex:8461550002,SpaceX,Sr. Hardware Development Electrical Engineer - (Starlink) ,https://boards.greenhouse.io/spacex/jobs/8461550002?gh_jid=8461550002,2026-08-12,no,greenhouse
greenhouse:spacex:8445597002,SpaceX,"Sr. Hardware Development Engineer, Gateway Failure Analysis (Starlink)",https://boards.greenhouse.io/spacex/jobs/8445597002?gh_jid=8445597002,2026-08-12,no,greenhouse
greenhouse:spacex:8632072002,SpaceX,"Sr. Hardware Engineer, Gateways & Customer Hardware (Starlink) ",https://boards.greenhouse.io/spacex/jobs/8632072002?gh_jid=8632072002,2026-08-12,no,greenhouse
greenhouse:spacex:8573251002,SpaceX,Sr. Hardware / Infrastructure Site Reliability Engineer (Starlink),https://boards.greenhouse.io/spacex/jobs/8573251002?gh_jid=8573251002,2026-08-12,no,greenhouse
greenhouse:spacex:8625580002,SpaceX,"Sr. Hardware Reliability Engineer, Electrical (Starshield)  ",https://boards.greenhouse.io/spacex/jobs/8625580002?gh_jid=8625580002,2026-08-12,no,greenhouse
greenhouse:spacex:8627593002,SpaceX,Sr. High Performance Computing (HPC) Systems Engineer,https://boards.greenhouse.io/spacex/jobs/8627593002?gh_jid=8627593002,2026-08-12,no,greenhouse
greenhouse:spacex:8627595002,SpaceX,Sr. High Performance Computing (HPC) Systems Engineer,https://boards.greenhouse.io/spacex/jobs/8627595002?gh_jid=8627595002,2026-08-12,no,greenhouse
greenhouse:spacex:8642117002,SpaceX,Sr. High-Speed Electro-Optical IC Engineer (RFIC Engineering),https://boards.greenhouse.io/spacex/jobs/8642117002?gh_jid=8642117002,2026-08-12,no,greenhouse
greenhouse:spacex:8436754002,SpaceX,Sr. HR Investigator (Employee Relations),https://boards.greenhouse.io/spacex/jobs/8436754002?gh_jid=8436754002,2026-08-12,no,greenhouse
greenhouse:spacex:8530754002,SpaceX,Sr. Human Resources Business Partner,https://boards.greenhouse.io/spacex/jobs/8530754002?gh_jid=8530754002,2026-08-12,no,greenhouse
greenhouse:spacex:8681187002,SpaceX,Sr. Human Resources Investigator,https://boards.greenhouse.io/spacex/jobs/8681187002?gh_jid=8681187002,2026-08-12,no,greenhouse
greenhouse:spacex:8681182002,SpaceX,Sr. Human Resources Investigator,https://boards.greenhouse.io/spacex/jobs/8681182002?gh_jid=8681182002,2026-08-12,no,greenhouse
greenhouse:spacex:8501694002,SpaceX,Sr. HVAC and Mechanical Piping Superintendent,https://boards.greenhouse.io/spacex/jobs/8501694002?gh_jid=8501694002,2026-08-12,no,greenhouse
greenhouse:spacex:8579763002,SpaceX,Sr. HVAC Design Engineer ,https://boards.greenhouse.io/spacex/jobs/8579763002?gh_jid=8579763002,2026-08-12,no,greenhouse
greenhouse:spacex:8560118002,SpaceX,Sr. IC Package Design Engineer (Silicon Engineering),https://boards.greenhouse.io/spacex/jobs/8560118002?gh_jid=8560118002,2026-08-12,no,greenhouse
greenhouse:spacex:8460765002,SpaceX,Sr. IC Package Design Engineer (Silicon Engineering),https://boards.greenhouse.io/spacex/jobs/8460765002?gh_jid=8460765002,2026-08-12,no,greenhouse
greenhouse:spacex:8570048002,SpaceX,Sr. Industrial Hygienist,https://boards.greenhouse.io/spacex/jobs/8570048002?gh_jid=8570048002,2026-08-12,no,greenhouse
greenhouse:spacex:8570049002,SpaceX,Sr. Industrial Hygienist,https://boards.greenhouse.io/spacex/jobs/8570049002?gh_jid=8570049002,2026-08-12,no,greenhouse
greenhouse:spacex:8570042002,SpaceX,Sr. Industrial Hygienist,https://boards.greenhouse.io/spacex/jobs/8570042002?gh_jid=8570042002,2026-08-12,no,greenhouse
greenhouse:spacex:8570047002,SpaceX,Sr. Industrial Hygienist,https://boards.greenhouse.io/spacex/jobs/8570047002?gh_jid=8570047002,2026-08-12,no,greenhouse
greenhouse:spacex:8493014002,SpaceX,"Sr. Instrumentation & Controls Engineer, Solar Cell Factory (Starlink)",https://boards.greenhouse.io/spacex/jobs/8493014002?gh_jid=8493014002,2026-08-12,no,greenhouse
greenhouse:spacex:8438598002,SpaceX,Sr. IT Network Automation Engineer,https://boards.greenhouse.io/spacex/jobs/8438598002?gh_jid=8438598002,2026-08-12,no,greenhouse
greenhouse:spacex:8536959002,SpaceX,Sr. IT Network Automation Engineer,https://boards.greenhouse.io/spacex/jobs/8536959002?gh_jid=8536959002,2026-08-12,no,greenhouse
greenhouse:spacex:8536962002,SpaceX,Sr. IT Network Automation Engineer,https://boards.greenhouse.io/spacex/jobs/8536962002?gh_jid=8536962002,2026-08-12,no,greenhouse
greenhouse:spacex:8641301002,SpaceX,"Sr. IT Systems Administrator, IT Applications",https://boards.greenhouse.io/spacex/jobs/8641301002?gh_jid=8641301002,2026-08-12,no,greenhouse
greenhouse:spacex:8638708002,SpaceX,"Sr. IT Systems Administrator, IT Applications",https://boards.greenhouse.io/spacex/jobs/8638708002?gh_jid=8638708002,2026-08-12,no,greenhouse
greenhouse:spacex:8641290002,SpaceX,"Sr. IT Systems Administrator, IT Applications",https://boards.greenhouse.io/spacex/jobs/8641290002?gh_jid=8641290002,2026-08-12,no,greenhouse
greenhouse:spacex:8601161002,SpaceX,Sr. IT Systems Administrator (Top Secret Clearance),https://boards.greenhouse.io/spacex/jobs/8601161002?gh_jid=8601161002,2026-08-12,no,greenhouse
greenhouse:spacex:8573253002,SpaceX,Sr. Kubernetes Platform Site Reliability Engineer (Starlink) ,https://boards.greenhouse.io/spacex/jobs/8573253002?gh_jid=8573253002,2026-08-12,no,greenhouse
greenhouse:spacex:8622341002,SpaceX,"Sr. Launch Engineer, Stage 0 Propellant Generation (Starship)",https://boards.greenhouse.io/spacex/jobs/8622341002?gh_jid=8622341002,2026-08-12,no,greenhouse
greenhouse:spacex:8530158002,SpaceX,Sr. Launch Reliability Engineer (Launch Pads & Recovery),https://boards.greenhouse.io/spacex/jobs/8530158002?gh_jid=8530158002,2026-08-12,no,greenhouse
greenhouse:spacex:8683444002,SpaceX,"Sr. Legal Analyst, Product (Starlink)",https://boards.greenhouse.io/spacex/jobs/8683444002?gh_jid=8683444002,2026-08-12,no,greenhouse
greenhouse:spacex:8648026002,SpaceX,"Sr. Manager, Datacenter Compute Infrastructure (Starlink)",https://boards.greenhouse.io/spacex/jobs/8648026002?gh_jid=8648026002,2026-08-12,no,greenhouse
greenhouse:spacex:8646604002,SpaceX,"Sr. Manager, Datacenter Compute Infrastructure (Starlink)",https://boards.greenhouse.io/spacex/jobs/8646604002?gh_jid=8646604002,2026-08-12,no,greenhouse
greenhouse:spacex:8662131002,SpaceX,"Sr. Manager, Launch Fabrication (Starship)",https://boards.greenhouse.io/spacex/jobs/8662131002?gh_jid=8662131002,2026-08-12,no,greenhouse
greenhouse:spacex:8680649002,SpaceX,"Sr. Manager, Payroll",https://boards.greenhouse.io/spacex/jobs/8680649002?gh_jid=8680649002,2026-08-12,no,greenhouse
greenhouse:spacex:8650235002,SpaceX,"Sr. Manager, Purchasing",https://boards.greenhouse.io/spacex/jobs/8650235002?gh_jid=8650235002,2026-08-12,no,greenhouse
greenhouse:spacex:8694471002,SpaceX,"Sr. Manager, Security",https://boards.greenhouse.io/spacex/jobs/8694471002?gh_jid=8694471002,2026-08-12,no,greenhouse
greenhouse:spacex:8657639002,SpaceX,"Sr. Manager, Security Hardware",https://boards.greenhouse.io/spacex/jobs/8657639002?gh_jid=8657639002,2026-08-12,no,greenhouse
greenhouse:spacex:8589149002,SpaceX,"Sr. Manager, Strategic Sourcing (Starlink)",https://boards.greenhouse.io/spacex/jobs/8589149002?gh_jid=8589149002,2026-08-12,no,greenhouse
greenhouse:spacex:8508356002,SpaceX,"Sr. Manufacturing Engineer, Machining (Starship)   ",https://boards.greenhouse.io/spacex/jobs/8508356002?gh_jid=8508356002,2026-08-12,no,greenhouse
greenhouse:spacex:8588509002,SpaceX,Sr. Manufacturing Engineer (Starship),https://boards.greenhouse.io/spacex/jobs/8588509002?gh_jid=8588509002,2026-08-12,no,greenhouse
greenhouse:spacex:8550900002,SpaceX,Sr. Manufacturing Engineer (Starship Components Operations),https://boards.greenhouse.io/spacex/jobs/8550900002?gh_jid=8550900002,2026-08-12,no,greenhouse
greenhouse:spacex:8574359002,SpaceX,"Sr. Manufacturing Engineer, Tool & Die Machining - 2nd Shift",https://boards.greenhouse.io/spacex/jobs/8574359002?gh_jid=8574359002,2026-08-12,no,greenhouse
greenhouse:spacex:8612932002,SpaceX,"Sr. Manufacturing Engineer, Tool & Die Machining (Starlink)",https://boards.greenhouse.io/spacex/jobs/8612932002?gh_jid=8612932002,2026-08-12,no,greenhouse
greenhouse:spacex:8645172002,SpaceX,"Sr. Materials Engineer, AI Satellites (Starmind)",https://boards.greenhouse.io/spacex/jobs/8645172002?gh_jid=8645172002,2026-08-12,no,greenhouse
greenhouse:spacex:8502953002,SpaceX,"Sr. Materials Engineer, Blades and Vanes Foundry ",https://boards.greenhouse.io/spacex/jobs/8502953002?gh_jid=8502953002,2026-08-12,no,greenhouse
greenhouse:spacex:8553017002,SpaceX,"Sr. Materials Engineer, Electronic Materials",https://boards.greenhouse.io/spacex/jobs/8553017002?gh_jid=8553017002,2026-08-12,no,greenhouse
greenhouse:spacex:8584993002,SpaceX,"Sr. Materials Engineer, Materials Laboratory",https://boards.greenhouse.io/spacex/jobs/8584993002?gh_jid=8584993002,2026-08-12,no,greenhouse
greenhouse:spacex:8525795002,SpaceX,"Sr. Materials Engineer, Metals (Starship)",https://boards.greenhouse.io/spacex/jobs/8525795002?gh_jid=8525795002,2026-08-12,no,greenhouse
greenhouse:spacex:8617050002,SpaceX,"Sr. Materials Engineer, Metals (Starship)",https://boards.greenhouse.io/spacex/jobs/8617050002?gh_jid=8617050002,2026-08-12,no,greenhouse
greenhouse:spacex:8675270002,SpaceX,Sr. Materials Engineer (Starlink),https://boards.greenhouse.io/spacex/jobs/8675270002?gh_jid=8675270002,2026-08-12,no,greenhouse
greenhouse:spacex:8542728002,SpaceX,"Sr. Mechanical Design Engineer, Consumer Hardware (Starlink)",https://boards.greenhouse.io/spacex/jobs/8542728002?gh_jid=8542728002,2026-08-12,no,greenhouse
greenhouse:spacex:8542807002,SpaceX,"Sr. Mechanical Design Engineer, Gateways (Starlink)",https://boards.greenhouse.io/spacex/jobs/8542807002?gh_jid=8542807002,2026-08-12,no,greenhouse
greenhouse:spacex:8533825002,SpaceX,"Sr. Mechanical Design Engineer, Satellites (Starlink)",https://boards.greenhouse.io/spacex/jobs/8533825002?gh_jid=8533825002,2026-08-12,no,greenhouse
greenhouse:spacex:8606391002,SpaceX,Sr. Mechanical Design Engineer (Starship Components) ,https://boards.greenhouse.io/spacex/jobs/8606391002?gh_jid=8606391002,2026-08-12,no,greenhouse
greenhouse:spacex:8642545002,SpaceX,"Sr. Mechanical Engineer, AI Satellites (Starmind)",https://boards.greenhouse.io/spacex/jobs/8642545002?gh_jid=8642545002,2026-08-12,no,greenhouse
greenhouse:spacex:8531605002,SpaceX,"Sr. Mechanical Engineer, Facilities (Starlink)",https://boards.greenhouse.io/spacex/jobs/8531605002?gh_jid=8531605002,2026-08-12,no,greenhouse
greenhouse:spacex:8604752002,SpaceX,"Sr. Mechanical Engineer, Flight Termination System (Starship)",https://boards.greenhouse.io/spacex/jobs/8604752002?gh_jid=8604752002,2026-08-12,no,greenhouse
greenhouse:spacex:8579761002,SpaceX,Sr. Mechanical Engineer (HVAC),https://boards.greenhouse.io/spacex/jobs/8579761002?gh_jid=8579761002,2026-08-12,no,greenhouse
greenhouse:spacex:8540007002,SpaceX,"Sr. Mechanical Engineer, HVAC & Controls (Facilities Infrastructure)",https://boards.greenhouse.io/spacex/jobs/8540007002?gh_jid=8540007002,2026-08-12,no,greenhouse
greenhouse:spacex:8552991002,SpaceX,"Sr. Mechanical Engineer, Insource Manufacturing (Starlink)   ",https://boards.greenhouse.io/spacex/jobs/8552991002?gh_jid=8552991002,2026-08-12,no,greenhouse
greenhouse:spacex:8559178002,SpaceX,"Sr. Mechanical Engineer, Machine Design (Starship)",https://boards.greenhouse.io/spacex/jobs/8559178002?gh_jid=8559178002,2026-08-12,no,greenhouse
greenhouse:spacex:8461411002,SpaceX,"Sr. Mechanical Engineer, Satellites - (Starlink) ",https://boards.greenhouse.io/spacex/jobs/8461411002?gh_jid=8461411002,2026-08-12,no,greenhouse
greenhouse:spacex:8493609002,SpaceX,Sr. Mechanical Engineer (Starship) ,https://boards.greenhouse.io/spacex/jobs/8493609002?gh_jid=8493609002,2026-08-12,no,greenhouse
greenhouse:spacex:8550018002,SpaceX,Sr. Mechanical Engineer (Starship) ,https://boards.greenhouse.io/spacex/jobs/8550018002?gh_jid=8550018002,2026-08-12,no,greenhouse
greenhouse:spacex:8521329002,SpaceX,Sr. Mechanical Engineer (Starship Avionics),https://boards.greenhouse.io/spacex/jobs/8521329002?gh_jid=8521329002,2026-08-12,no,greenhouse
greenhouse:spacex:8456811002,SpaceX,Sr. Mechanical Engineer (Starship Avionics) ,https://boards.greenhouse.io/spacex/jobs/8456811002?gh_jid=8456811002,2026-08-12,no,greenhouse
greenhouse:spacex:8546120002,SpaceX,Sr. Mechanical Integration & Test Engineer (Starshield),https://boards.greenhouse.io/spacex/jobs/8546120002?gh_jid=8546120002,2026-08-12,no,greenhouse
greenhouse:spacex:8642074002,SpaceX,Sr. MMIC Design Engineer (RFIC Engineering),https://boards.greenhouse.io/spacex/jobs/8642074002?gh_jid=8642074002,2026-08-12,no,greenhouse
greenhouse:spacex:8501154002,SpaceX,"Sr. NDE Engineer, Radiography Testing",https://boards.greenhouse.io/spacex/jobs/8501154002?gh_jid=8501154002,2026-08-12,no,greenhouse
greenhouse:spacex:8406840002,SpaceX,Sr. Network Edge Engineer (Starlink),https://boards.greenhouse.io/spacex/jobs/8406840002?gh_jid=8406840002,2026-08-12,no,greenhouse
greenhouse:spacex:8692506002,SpaceX,Sr. Network Engineer,https://boards.greenhouse.io/spacex/jobs/8692506002?gh_jid=8692506002,2026-08-12,no,greenhouse
greenhouse:spacex:8609670002,SpaceX,Sr. Network Engineer (Starshield),https://boards.greenhouse.io/spacex/jobs/8609670002?gh_jid=8609670002,2026-08-12,no,greenhouse
greenhouse:spacex:8609666002,SpaceX,Sr. Network Engineer (Starshield),https://boards.greenhouse.io/spacex/jobs/8609666002?gh_jid=8609666002,2026-08-12,no,greenhouse
greenhouse:spacex:8627630002,SpaceX,Sr. Network Security Engineer,https://boards.greenhouse.io/spacex/jobs/8627630002?gh_jid=8627630002,2026-08-12,no,greenhouse
greenhouse:spacex:8627634002,SpaceX,Sr. Network Security Engineer,https://boards.greenhouse.io/spacex/jobs/8627634002?gh_jid=8627634002,2026-08-12,no,greenhouse
greenhouse:spacex:8626661002,SpaceX,Sr. Network Security Engineer,https://boards.greenhouse.io/spacex/jobs/8626661002?gh_jid=8626661002,2026-08-12,no,greenhouse
greenhouse:spacex:8627633002,SpaceX,Sr. Network Security Engineer,https://boards.greenhouse.io/spacex/jobs/8627633002?gh_jid=8627633002,2026-08-12,no,greenhouse
greenhouse:spacex:8488285002,SpaceX,"Sr. Operations Engineer, Blades and Vanes Foundry",https://boards.greenhouse.io/spacex/jobs/8488285002?gh_jid=8488285002,2026-08-12,no,greenhouse
greenhouse:spacex:8532527002,SpaceX,Sr. Operations Engineer (Starlink Growth),https://boards.greenhouse.io/spacex/jobs/8532527002?gh_jid=8532527002,2026-08-12,no,greenhouse
greenhouse:spacex:8523901002,SpaceX,Sr. Operations Engineer (Starlink Growth),https://boards.greenhouse.io/spacex/jobs/8523901002?gh_jid=8523901002,2026-08-12,no,greenhouse
greenhouse:spacex:8624742002,SpaceX,"Sr. Operations Engineer, Starship Production (Starbase)",https://boards.greenhouse.io/spacex/jobs/8624742002?gh_jid=8624742002,2026-08-12,no,greenhouse
greenhouse:spacex:8645200002,SpaceX,"Sr. Packaging Engineer - Thermal Materials, AI Satellites (Starmind)",https://boards.greenhouse.io/spacex/jobs/8645200002?gh_jid=8645200002,2026-08-12,no,greenhouse
greenhouse:spacex:8657724002,SpaceX,Sr. Partnerships Manager (Starlink Business Aviation),https://boards.greenhouse.io/spacex/jobs/8657724002?gh_jid=8657724002,2026-08-12,no,greenhouse
greenhouse:spacex:8546317002,SpaceX,Sr. Partnerships Manager (Starlink Commercial Aviation),https://boards.greenhouse.io/spacex/jobs/8546317002?gh_jid=8546317002,2026-08-12,no,greenhouse
greenhouse:spacex:8546375002,SpaceX,Sr. Partnerships Manager (Starlink Commercial Aviation),https://boards.greenhouse.io/spacex/jobs/8546375002?gh_jid=8546375002,2026-08-12,no,greenhouse
greenhouse:spacex:8450147002,SpaceX,Sr. PCB Designer,https://boards.greenhouse.io/spacex/jobs/8450147002?gh_jid=8450147002,2026-08-12,no,greenhouse
greenhouse:spacex:8662843002,SpaceX,Sr. PCB Designer (Starlink),https://boards.greenhouse.io/spacex/jobs/8662843002?gh_jid=8662843002,2026-08-12,no,greenhouse
greenhouse:spacex:8423887002,SpaceX,Sr. PCB Designer (Starship),https://boards.greenhouse.io/spacex/jobs/8423887002?gh_jid=8423887002,2026-08-12,no,greenhouse
greenhouse:spacex:8694862002,SpaceX,Sr. Physical Security Hardware Specialist,https://boards.greenhouse.io/spacex/jobs/8694862002?gh_jid=8694862002,2026-08-12,no,greenhouse
greenhouse:spacex:8656693002,SpaceX,Sr. Platform Integrity Analyst (Starlink),https://boards.greenhouse.io/spacex/jobs/8656693002?gh_jid=8656693002,2026-08-12,no,greenhouse
greenhouse:spacex:8656694002,SpaceX,Sr. Platform Integrity Analyst (Starlink),https://boards.greenhouse.io/spacex/jobs/8656694002?gh_jid=8656694002,2026-08-12,no,greenhouse
greenhouse:spacex:8622906002,SpaceX,Sr. Platform Integrity Analyst (Starlink),https://boards.greenhouse.io/spacex/jobs/8622906002?gh_jid=8622906002,2026-08-12,no,greenhouse
greenhouse:spacex:8639326002,SpaceX,"Sr. Power Electronics Engineer, AI Satellites (Starmind)",https://boards.greenhouse.io/spacex/jobs/8639326002?gh_jid=8639326002,2026-08-12,no,greenhouse
greenhouse:spacex:8487197002,SpaceX,"Sr. Power Electronics Engineer, Satellites (Starlink)",https://boards.greenhouse.io/spacex/jobs/8487197002?gh_jid=8487197002,2026-08-12,no,greenhouse
greenhouse:spacex:8692896002,SpaceX,Sr. Power Electronics Engineer (Starship),https://boards.greenhouse.io/spacex/jobs/8692896002?gh_jid=8692896002,2026-08-12,no,greenhouse
greenhouse:spacex:8516120002,SpaceX,Sr. Power Electronics Engineer - Traveling Wave Tube Amplifier (Starlink),https://boards.greenhouse.io/spacex/jobs/8516120002?gh_jid=8516120002,2026-08-12,no,greenhouse
greenhouse:spacex:8631444002,SpaceX,Sr. Power Systems Engineer (Starship) ,https://boards.greenhouse.io/spacex/jobs/8631444002?gh_jid=8631444002,2026-08-12,no,greenhouse
greenhouse:spacex:8417626002,SpaceX,Sr. Power Systems Engineer (Starship Avionics) ,https://boards.greenhouse.io/spacex/jobs/8417626002?gh_jid=8417626002,2026-08-12,no,greenhouse
greenhouse:spacex:8476123002,SpaceX,"Sr. Process Controls Engineer, Solar Cell Factory (Starlink)",https://boards.greenhouse.io/spacex/jobs/8476123002?gh_jid=8476123002,2026-08-12,no,greenhouse
greenhouse:spacex:8588146002,SpaceX,"Sr. Process Engineer, Industrial Water Treatment (Starlink)",https://boards.greenhouse.io/spacex/jobs/8588146002?gh_jid=8588146002,2026-08-12,no,greenhouse
greenhouse:spacex:8675315002,SpaceX,"Sr. Process Engineer, Starship Materials Production",https://boards.greenhouse.io/spacex/jobs/8675315002?gh_jid=8675315002,2026-08-12,no,greenhouse
greenhouse:spacex:8645265002,SpaceX,"Sr. Process Engineer - Wafer Level Assembly, AI Satellites (Starmind)",https://boards.greenhouse.io/spacex/jobs/8645265002?gh_jid=8645265002,2026-08-12,no,greenhouse
greenhouse:spacex:8614370002,SpaceX,Sr. Process Safety Engineer,https://boards.greenhouse.io/spacex/jobs/8614370002?gh_jid=8614370002,2026-08-12,no,greenhouse
greenhouse:spacex:8484570002,SpaceX,Sr. Product Compliance Engineer (Starlink),https://boards.greenhouse.io/spacex/jobs/8484570002?gh_jid=8484570002,2026-08-12,no,greenhouse
greenhouse:spacex:8358868002,SpaceX,Sr. Product Development Engineer (Silicon),https://boards.greenhouse.io/spacex/jobs/8358868002?gh_jid=8358868002,2026-08-12,no,greenhouse
greenhouse:spacex:8358869002,SpaceX,Sr. Product Development Engineer (Solar),https://boards.greenhouse.io/spacex/jobs/8358869002?gh_jid=8358869002,2026-08-12,no,greenhouse
greenhouse:spacex:8340609002,SpaceX,Sr. Product Development Engineer (Starlink),https://boards.greenhouse.io/spacex/jobs/8340609002?gh_jid=8340609002,2026-08-12,no,greenhouse
greenhouse:spacex:8687838002,SpaceX,Sr. Product Sales Manager (High Speed Connectivity),https://boards.greenhouse.io/spacex/jobs/8687838002?gh_jid=8687838002,2026-08-12,no,greenhouse
greenhouse:spacex:8688019002,SpaceX,Sr. Product Sales Manager (High Speed Connectivity),https://boards.greenhouse.io/spacex/jobs/8688019002?gh_jid=8688019002,2026-08-12,no,greenhouse
greenhouse:spacex:8688018002,SpaceX,Sr. Product Sales Manager (High Speed Connectivity),https://boards.greenhouse.io/spacex/jobs/8688018002?gh_jid=8688018002,2026-08-12,no,greenhouse
greenhouse:spacex:8688017002,SpaceX,Sr. Product Sales Manager (High Speed Connectivity),https://boards.greenhouse.io/spacex/jobs/8688017002?gh_jid=8688017002,2026-08-12,no,greenhouse
greenhouse:spacex:8515364002,SpaceX,Sr. Product Sales Manager (Starlink),https://boards.greenhouse.io/spacex/jobs/8515364002?gh_jid=8515364002,2026-08-12,no,greenhouse
greenhouse:spacex:8686301002,SpaceX,Sr. Product Sales Manager (Starlink Aviaiton),https://boards.greenhouse.io/spacex/jobs/8686301002?gh_jid=8686301002,2026-08-12,no,greenhouse
greenhouse:spacex:8687987002,SpaceX,Sr. Product Sales Manager (Starlink Aviation),https://boards.greenhouse.io/spacex/jobs/8687987002?gh_jid=8687987002,2026-08-12,no,greenhouse
greenhouse:spacex:8687994002,SpaceX,Sr. Product Sales Manager (Starlink Aviation),https://boards.greenhouse.io/spacex/jobs/8687994002?gh_jid=8687994002,2026-08-12,no,greenhouse
greenhouse:spacex:8687992002,SpaceX,Sr. Product Sales Manager (Starlink Aviation),https://boards.greenhouse.io/spacex/jobs/8687992002?gh_jid=8687992002,2026-08-12,no,greenhouse
greenhouse:spacex:8686539002,SpaceX,Sr. Product Sales Manager (Starlink Fixed Site),https://boards.greenhouse.io/spacex/jobs/8686539002?gh_jid=8686539002,2026-08-12,no,greenhouse
greenhouse:spacex:8688007002,SpaceX,Sr. Product Sales Manager (Starlink Fixed Site),https://boards.greenhouse.io/spacex/jobs/8688007002?gh_jid=8688007002,2026-08-12,no,greenhouse
greenhouse:spacex:8688016002,SpaceX,Sr. Product Sales Manager (Starlink Fixed Site),https://boards.greenhouse.io/spacex/jobs/8688016002?gh_jid=8688016002,2026-08-12,no,greenhouse
greenhouse:spacex:8688012002,SpaceX,Sr. Product Sales Manager (Starlink Fixed Site),https://boards.greenhouse.io/spacex/jobs/8688012002?gh_jid=8688012002,2026-08-12,no,greenhouse
greenhouse:spacex:8688005002,SpaceX,Sr. Product Sales Manager (Starlink Maritime),https://boards.greenhouse.io/spacex/jobs/8688005002?gh_jid=8688005002,2026-08-12,no,greenhouse
greenhouse:spacex:8688001002,SpaceX,Sr. Product Sales Manager (Starlink Maritime),https://boards.greenhouse.io/spacex/jobs/8688001002?gh_jid=8688001002,2026-08-12,no,greenhouse
greenhouse:spacex:8687996002,SpaceX,Sr. Product Sales Manager (Starlink Maritime),https://boards.greenhouse.io/spacex/jobs/8687996002?gh_jid=8687996002,2026-08-12,no,greenhouse
greenhouse:spacex:8686339002,SpaceX,Sr. Product Sales Manager (Starlink Maritime),https://boards.greenhouse.io/spacex/jobs/8686339002?gh_jid=8686339002,2026-08-12,no,greenhouse
greenhouse:spacex:8624707002,SpaceX,Sr. Product Security Engineer (Starlink),https://boards.greenhouse.io/spacex/jobs/8624707002?gh_jid=8624707002,2026-08-12,no,greenhouse
greenhouse:spacex:8624867002,SpaceX,Sr. Product Security Engineer (Starlink) ,https://boards.greenhouse.io/spacex/jobs/8624867002?gh_jid=8624867002,2026-08-12,no,greenhouse
greenhouse:spacex:8675304002,SpaceX,Sr. Professional Geologist,https://boards.greenhouse.io/spacex/jobs/8675304002?gh_jid=8675304002,2026-08-12,no,greenhouse
greenhouse:spacex:8608858002,SpaceX,Sr. Property Tax Analyst,https://boards.greenhouse.io/spacex/jobs/8608858002?gh_jid=8608858002,2026-08-12,no,greenhouse
greenhouse:spacex:8628593002,SpaceX,Sr. Propulsion Design Engineer (Raptor Engine Systems)   ,https://boards.greenhouse.io/spacex/jobs/8628593002?gh_jid=8628593002,2026-08-12,no,greenhouse
greenhouse:spacex:8654586002,SpaceX,Sr. Propulsion Engineer (Raptor Combustion Devices),https://boards.greenhouse.io/spacex/jobs/8654586002?gh_jid=8654586002,2026-08-12,no,greenhouse
greenhouse:spacex:8665258002,SpaceX,Sr. Propulsion Engineer (Raptor Flight),https://boards.greenhouse.io/spacex/jobs/8665258002?gh_jid=8665258002,2026-08-12,no,greenhouse
greenhouse:spacex:8402205002,SpaceX,Sr. Propulsion Engineer (Starship),https://boards.greenhouse.io/spacex/jobs/8402205002?gh_jid=8402205002,2026-08-12,no,greenhouse
greenhouse:spacex:8605151002,SpaceX,Sr. Propulsion Fluids Analyst (Raptor Systems Engineering),https://boards.greenhouse.io/spacex/jobs/8605151002?gh_jid=8605151002,2026-08-12,no,greenhouse
greenhouse:spacex:8517106002,SpaceX,Sr. Propulsion Thermal Analyst (Raptor Combustion Devices),https://boards.greenhouse.io/spacex/jobs/8517106002?gh_jid=8517106002,2026-08-12,no,greenhouse
greenhouse:spacex:8494789002,SpaceX,"Sr. PVD Process Engineer, Solar Cells (Starlink)",https://boards.greenhouse.io/spacex/jobs/8494789002?gh_jid=8494789002,2026-08-12,no,greenhouse
greenhouse:spacex:8586517002,SpaceX, Sr. Radiation Effects Engineer,https://boards.greenhouse.io/spacex/jobs/8586517002?gh_jid=8586517002,2026-08-12,no,greenhouse
greenhouse:spacex:8423958002,SpaceX,Sr. Radiation Effects Engineer,https://boards.greenhouse.io/spacex/jobs/8423958002?gh_jid=8423958002,2026-08-12,no,greenhouse
greenhouse:spacex:8672784002,SpaceX,Sr. RAN Software Engineer (Starlink Mobile),https://boards.greenhouse.io/spacex/jobs/8672784002?gh_jid=8672784002,2026-08-12,no,greenhouse
greenhouse:spacex:8673035002,SpaceX,Sr. RAN Software Engineer (Starlink Mobile),https://boards.greenhouse.io/spacex/jobs/8673035002?gh_jid=8673035002,2026-08-12,no,greenhouse
greenhouse:spacex:8568912002,SpaceX,Sr. Real Estate Analyst,https://boards.greenhouse.io/spacex/jobs/8568912002?gh_jid=8568912002,2026-08-12,no,greenhouse
greenhouse:spacex:8604740002,SpaceX,Sr. Recovery Engineer (F9 Booster & Fairings),https://boards.greenhouse.io/spacex/jobs/8604740002?gh_jid=8604740002,2026-08-12,no,greenhouse
greenhouse:spacex:8642250002,SpaceX,Sr. Responsible Engineer - Turbomachinery (Starship),https://boards.greenhouse.io/spacex/jobs/8642250002?gh_jid=8642250002,2026-08-12,no,greenhouse
greenhouse:spacex:8621992002,SpaceX,Sr. RF Engineer (Starlink),https://boards.greenhouse.io/spacex/jobs/8621992002?gh_jid=8621992002,2026-08-12,no,greenhouse
greenhouse:spacex:8521153002,SpaceX,Sr. RF Engineer (Starshield),https://boards.greenhouse.io/spacex/jobs/8521153002?gh_jid=8521153002,2026-08-12,no,greenhouse
greenhouse:spacex:8562301002,SpaceX,Sr. RF Front-End Module Design Engineer (RFIC Engineering),https://boards.greenhouse.io/spacex/jobs/8562301002?gh_jid=8562301002,2026-08-12,no,greenhouse
greenhouse:spacex:8499101002,SpaceX,Sr. RF Front-End Module Design Engineer (RFIC Engineering),https://boards.greenhouse.io/spacex/jobs/8499101002?gh_jid=8499101002,2026-08-12,no,greenhouse
greenhouse:spacex:8562302002,SpaceX,Sr. RF Front-End Module Design Engineer (RFIC Engineering),https://boards.greenhouse.io/spacex/jobs/8562302002?gh_jid=8562302002,2026-08-12,no,greenhouse
greenhouse:spacex:8642083002,SpaceX,Sr. RFIC Design Engineer (RFIC Engineering),https://boards.greenhouse.io/spacex/jobs/8642083002?gh_jid=8642083002,2026-08-12,no,greenhouse
greenhouse:spacex:8642084002,SpaceX,Sr. RFIC Design Engineer (RFIC Engineering),https://boards.greenhouse.io/spacex/jobs/8642084002?gh_jid=8642084002,2026-08-12,no,greenhouse
greenhouse:spacex:8642078002,SpaceX,Sr. RFIC Design Engineer (RFIC Engineering),https://boards.greenhouse.io/spacex/jobs/8642078002?gh_jid=8642078002,2026-08-12,no,greenhouse
greenhouse:spacex:8567083002,SpaceX,Sr. RFIC Engineer (Starshield),https://boards.greenhouse.io/spacex/jobs/8567083002?gh_jid=8567083002,2026-08-12,no,greenhouse
greenhouse:spacex:8642092002,SpaceX,Sr. RFIC Layout Designer (RFIC Engineering),https://boards.greenhouse.io/spacex/jobs/8642092002?gh_jid=8642092002,2026-08-12,no,greenhouse
greenhouse:spacex:8642096002,SpaceX,Sr. RFIC Layout Designer (RFIC Engineering),https://boards.greenhouse.io/spacex/jobs/8642096002?gh_jid=8642096002,2026-08-12,no,greenhouse
greenhouse:spacex:8642095002,SpaceX,Sr. RFIC Layout Designer (RFIC Engineering),https://boards.greenhouse.io/spacex/jobs/8642095002?gh_jid=8642095002,2026-08-12,no,greenhouse
greenhouse:spacex:8633426002,SpaceX,Sr. RFIC Layout Designer (Starshield Silicon),https://boards.greenhouse.io/spacex/jobs/8633426002?gh_jid=8633426002,2026-08-12,no,greenhouse
greenhouse:spacex:8642097002,SpaceX,Sr. RF/Microwave Engineer (RFIC Engineering),https://boards.greenhouse.io/spacex/jobs/8642097002?gh_jid=8642097002,2026-08-12,no,greenhouse
greenhouse:spacex:8461541002,SpaceX,"Sr. RF/Microwave Engineer, Satellites (Starlink) ",https://boards.greenhouse.io/spacex/jobs/8461541002?gh_jid=8461541002,2026-08-12,no,greenhouse
greenhouse:spacex:8438151002,SpaceX,Sr. RF Silicon Software Engineer (RFIC Engineering),https://boards.greenhouse.io/spacex/jobs/8438151002?gh_jid=8438151002,2026-08-12,no,greenhouse
greenhouse:spacex:8624890002,SpaceX,Sr. RF Software Engineer (Starlink),https://boards.greenhouse.io/spacex/jobs/8624890002?gh_jid=8624890002,2026-08-12,no,greenhouse
greenhouse:spacex:8573920002,SpaceX,Sr. RF Software Engineer (Starshield),https://boards.greenhouse.io/spacex/jobs/8573920002?gh_jid=8573920002,2026-08-12,no,greenhouse
greenhouse:spacex:8687990002,SpaceX,"Sr. RF Systems Analysis Engineer, Regulatory (Starlink)",https://boards.greenhouse.io/spacex/jobs/8687990002?gh_jid=8687990002,2026-08-12,no,greenhouse
greenhouse:spacex:8484566002,SpaceX,Sr. RF & Wireless Compliance Engineer (Starlink),https://boards.greenhouse.io/spacex/jobs/8484566002?gh_jid=8484566002,2026-08-12,no,greenhouse
greenhouse:spacex:8560224002,SpaceX,Sr. RTL Design Engineer (Silicon Engineering),https://boards.greenhouse.io/spacex/jobs/8560224002?gh_jid=8560224002,2026-08-12,no,greenhouse
greenhouse:spacex:8560208002,SpaceX,Sr. RTL Design Engineer (Silicon Engineering),https://boards.greenhouse.io/spacex/jobs/8560208002?gh_jid=8560208002,2026-08-12,no,greenhouse
greenhouse:spacex:8461485002,SpaceX,Sr. RTL Design Engineer (Silicon Engineering),https://boards.greenhouse.io/spacex/jobs/8461485002?gh_jid=8461485002,2026-08-12,no,greenhouse
greenhouse:spacex:8560209002,SpaceX,Sr. RTL Design Engineer (Silicon Engineering),https://boards.greenhouse.io/spacex/jobs/8560209002?gh_jid=8560209002,2026-08-12,no,greenhouse
greenhouse:spacex:8642282002,SpaceX,Sr. Sales Manager (Global Starlink Enterprise Sales),https://boards.greenhouse.io/spacex/jobs/8642282002?gh_jid=8642282002,2026-08-12,no,greenhouse
greenhouse:spacex:8566839002,SpaceX,Sr. Sales Manager (Global Starlink Enterprise Sales),https://boards.greenhouse.io/spacex/jobs/8566839002?gh_jid=8566839002,2026-08-12,no,greenhouse
greenhouse:spacex:8566905002,SpaceX,Sr. Sales Manager (Global Starlink Enterprise Sales),https://boards.greenhouse.io/spacex/jobs/8566905002?gh_jid=8566905002,2026-08-12,no,greenhouse
greenhouse:spacex:8689192002,SpaceX,Sr. Sales Manager (Global Starlink Enterprise Sales),https://boards.greenhouse.io/spacex/jobs/8689192002?gh_jid=8689192002,2026-08-12,no,greenhouse
greenhouse:spacex:8642279002,SpaceX,Sr. Sales Manager (Global Starlink Enterprise Sales),https://boards.greenhouse.io/spacex/jobs/8642279002?gh_jid=8642279002,2026-08-12,no,greenhouse
greenhouse:spacex:8642280002,SpaceX,Sr. Sales Manager (Global Starlink Enterprise Sales),https://boards.greenhouse.io/spacex/jobs/8642280002?gh_jid=8642280002,2026-08-12,no,greenhouse
greenhouse:spacex:8642281002,SpaceX,Sr. Sales Manager (Global Starlink Enterprise Sales),https://boards.greenhouse.io/spacex/jobs/8642281002?gh_jid=8642281002,2026-08-12,no,greenhouse
greenhouse:spacex:8633673002,SpaceX,Sr. Satellite Policy Associate (Starlink Mobile)   ,https://boards.greenhouse.io/spacex/jobs/8633673002?gh_jid=8633673002,2026-08-12,no,greenhouse
greenhouse:spacex:8624755002,SpaceX,Sr. Satellite Policy Manager (Starlink Mobile),https://boards.greenhouse.io/spacex/jobs/8624755002?gh_jid=8624755002,2026-08-12,no,greenhouse
greenhouse:spacex:8653957002,SpaceX,"Sr. Screen Printing Equipment Engineer, Solar Cells (Starlink)",https://boards.greenhouse.io/spacex/jobs/8653957002?gh_jid=8653957002,2026-08-12,no,greenhouse
greenhouse:spacex:8624705002,SpaceX,Sr. Security Software Engineer (Starlink),https://boards.greenhouse.io/spacex/jobs/8624705002?gh_jid=8624705002,2026-08-12,no,greenhouse
greenhouse:spacex:8624864002,SpaceX,Sr. Security Software Engineer (Starlink) ,https://boards.greenhouse.io/spacex/jobs/8624864002?gh_jid=8624864002,2026-08-12,no,greenhouse
greenhouse:spacex:8571785002,SpaceX,Sr. Sensor Development Engineer (Starship),https://boards.greenhouse.io/spacex/jobs/8571785002?gh_jid=8571785002,2026-08-12,no,greenhouse
greenhouse:spacex:8517479002,SpaceX,"Sr. Silicon Packaging Process Engineer, Silicon Technology (Starlink)",https://boards.greenhouse.io/spacex/jobs/8517479002?gh_jid=8517479002,2026-08-12,no,greenhouse
greenhouse:spacex:8642116002,SpaceX,Sr. Silicon Photonics Design Engineer (RFIC Engineering),https://boards.greenhouse.io/spacex/jobs/8642116002?gh_jid=8642116002,2026-08-12,no,greenhouse
greenhouse:spacex:8487924002,SpaceX,Sr. Simulation Software Engineer (Application Software),https://boards.greenhouse.io/spacex/jobs/8487924002?gh_jid=8487924002,2026-08-12,no,greenhouse
greenhouse:spacex:8601438002,SpaceX,Sr. Site Reliability Engineer,https://boards.greenhouse.io/spacex/jobs/8601438002?gh_jid=8601438002,2026-08-12,no,greenhouse
greenhouse:spacex:8611174002,SpaceX,Sr. Site Reliability Engineer (Application Software),https://boards.greenhouse.io/spacex/jobs/8611174002?gh_jid=8611174002,2026-08-12,no,greenhouse
greenhouse:spacex:8654199002,SpaceX,Sr. Site Reliability Engineer (Starlink),https://boards.greenhouse.io/spacex/jobs/8654199002?gh_jid=8654199002,2026-08-12,no,greenhouse
greenhouse:spacex:8654200002,SpaceX,Sr. Site Reliability Engineer (Starlink),https://boards.greenhouse.io/spacex/jobs/8654200002?gh_jid=8654200002,2026-08-12,no,greenhouse
greenhouse:spacex:8639503002,SpaceX,Sr. Site Reliability Engineer (Starlink),https://boards.greenhouse.io/spacex/jobs/8639503002?gh_jid=8639503002,2026-08-12,no,greenhouse
greenhouse:spacex:8597536002,SpaceX,Sr. Site Reliability Engineer (Starshield),https://boards.greenhouse.io/spacex/jobs/8597536002?gh_jid=8597536002,2026-08-12,no,greenhouse
greenhouse:spacex:8597547002,SpaceX,Sr. Site Reliability Engineer (Starshield),https://boards.greenhouse.io/spacex/jobs/8597547002?gh_jid=8597547002,2026-08-12,no,greenhouse
greenhouse:spacex:8597497002,SpaceX,Sr. Site Reliability Engineer (Starshield),https://boards.greenhouse.io/spacex/jobs/8597497002?gh_jid=8597497002,2026-08-12,no,greenhouse
greenhouse:spacex:8640515002,SpaceX,Sr. Site Reliability Engineer - Top Secret Clearance (Starlink)   ,https://boards.greenhouse.io/spacex/jobs/8640515002?gh_jid=8640515002,2026-08-12,no,greenhouse
greenhouse:spacex:8564795002,SpaceX,Sr. SOC/ASIC Physical Design Engineer (Silicon Engineering),https://boards.greenhouse.io/spacex/jobs/8564795002?gh_jid=8564795002,2026-08-12,no,greenhouse
greenhouse:spacex:8564796002,SpaceX,Sr. SOC/ASIC Physical Design Engineer (Silicon Engineering),https://boards.greenhouse.io/spacex/jobs/8564796002?gh_jid=8564796002,2026-08-12,no,greenhouse
greenhouse:spacex:8564781002,SpaceX,Sr. SOC/ASIC Physical Design Engineer (Silicon Engineering),https://boards.greenhouse.io/spacex/jobs/8564781002?gh_jid=8564781002,2026-08-12,no,greenhouse
greenhouse:spacex:8490889002,SpaceX,"Sr. Software Engineer, Additive Manufacturing (Raptor) ",https://boards.greenhouse.io/spacex/jobs/8490889002?gh_jid=8490889002,2026-08-12,no,greenhouse
greenhouse:spacex:8579130002,SpaceX,"Sr. Software Engineer, Beam Planning (Starlink)   ",https://boards.greenhouse.io/spacex/jobs/8579130002?gh_jid=8579130002,2026-08-12,no,greenhouse
greenhouse:spacex:8579125002,SpaceX,"Sr. Software Engineer, Beam Planning (Starlink)   ",https://boards.greenhouse.io/spacex/jobs/8579125002?gh_jid=8579125002,2026-08-12,no,greenhouse
greenhouse:spacex:8632177002,SpaceX,"Sr. Software Engineer, CDN (Starlink)",https://boards.greenhouse.io/spacex/jobs/8632177002?gh_jid=8632177002,2026-08-12,no,greenhouse
greenhouse:spacex:8672206002,SpaceX,"Sr. Software Engineer, CDN (Starlink)",https://boards.greenhouse.io/spacex/jobs/8672206002?gh_jid=8672206002,2026-08-12,no,greenhouse
greenhouse:spacex:8602061002,SpaceX,"Sr. Software Engineer, C++ (Dragon)",https://boards.greenhouse.io/spacex/jobs/8602061002?gh_jid=8602061002,2026-08-12,no,greenhouse
greenhouse:spacex:8628394002,SpaceX,Sr. Software Engineer (Components),https://boards.greenhouse.io/spacex/jobs/8628394002?gh_jid=8628394002,2026-08-12,no,greenhouse
greenhouse:spacex:8568934002,SpaceX,"Sr. Software Engineer, Components Test (Starshield)",https://boards.greenhouse.io/spacex/jobs/8568934002?gh_jid=8568934002,2026-08-12,no,greenhouse
greenhouse:spacex:8517346002,SpaceX,"Sr. Software Engineer, Computer Vision",https://boards.greenhouse.io/spacex/jobs/8517346002?gh_jid=8517346002,2026-08-12,no,greenhouse
greenhouse:spacex:8533833002,SpaceX,"Sr. Software Engineer, Continuous Integration (Starship)",https://boards.greenhouse.io/spacex/jobs/8533833002?gh_jid=8533833002,2026-08-12,no,greenhouse
greenhouse:spacex:8533836002,SpaceX,"Sr. Software Engineer, Continuous Integration (Starship)",https://boards.greenhouse.io/spacex/jobs/8533836002?gh_jid=8533836002,2026-08-12,no,greenhouse
greenhouse:spacex:8603611002,SpaceX,"Sr. Software Engineer, C++ (Simulations)",https://boards.greenhouse.io/spacex/jobs/8603611002?gh_jid=8603611002,2026-08-12,no,greenhouse
greenhouse:spacex:8623298002,SpaceX,Sr. Software Engineer (Data Science/Data Engineering),https://boards.greenhouse.io/spacex/jobs/8623298002?gh_jid=8623298002,2026-08-12,no,greenhouse
greenhouse:spacex:8646142002,SpaceX,"Sr. Software Engineer, Data (Starlink)",https://boards.greenhouse.io/spacex/jobs/8646142002?gh_jid=8646142002,2026-08-12,no,greenhouse
greenhouse:spacex:8631749002,SpaceX,"Sr. Software Engineer, Data (Starlink)",https://boards.greenhouse.io/spacex/jobs/8631749002?gh_jid=8631749002,2026-08-12,no,greenhouse
greenhouse:spacex:8466962002,SpaceX,"Sr. Software Engineer, Design Software (Starship)",https://boards.greenhouse.io/spacex/jobs/8466962002?gh_jid=8466962002,2026-08-12,no,greenhouse
greenhouse:spacex:8576894002,SpaceX,"Sr. Software Engineer, DevOps (Starlink)   ",https://boards.greenhouse.io/spacex/jobs/8576894002?gh_jid=8576894002,2026-08-12,no,greenhouse
greenhouse:spacex:8530108002,SpaceX,Sr. Software Engineer (Flight Reliability),https://boards.greenhouse.io/spacex/jobs/8530108002?gh_jid=8530108002,2026-08-12,no,greenhouse
greenhouse:spacex:8562073002,SpaceX,"Sr. Software Engineer, Flight Software (Starship)",https://boards.greenhouse.io/spacex/jobs/8562073002?gh_jid=8562073002,2026-08-12,no,greenhouse
greenhouse:spacex:8562412002,SpaceX,"Sr. Software Engineer, Flight Software (Starship)",https://boards.greenhouse.io/spacex/jobs/8562412002?gh_jid=8562412002,2026-08-12,no,greenhouse
greenhouse:spacex:8546146002,SpaceX,"Sr. Software Engineer, Hardware Test & Automation (Starshield)",https://boards.greenhouse.io/spacex/jobs/8546146002?gh_jid=8546146002,2026-08-12,no,greenhouse
greenhouse:spacex:8579126002,SpaceX,"Sr. Software Engineer, High Performance Computing (Starlink)",https://boards.greenhouse.io/spacex/jobs/8579126002?gh_jid=8579126002,2026-08-12,no,greenhouse
greenhouse:spacex:8579131002,SpaceX,"Sr. Software Engineer, High Performance Computing (Starlink)   ",https://boards.greenhouse.io/spacex/jobs/8579131002?gh_jid=8579131002,2026-08-12,no,greenhouse
greenhouse:spacex:8579127002,SpaceX,"Sr. Software Engineer, Low Latency Computing (Starlink)   ",https://boards.greenhouse.io/spacex/jobs/8579127002?gh_jid=8579127002,2026-08-12,no,greenhouse
greenhouse:spacex:8579128002,SpaceX,"Sr. Software Engineer, Low Latency Computing (Starlink)   ",https://boards.greenhouse.io/spacex/jobs/8579128002?gh_jid=8579128002,2026-08-12,no,greenhouse
greenhouse:spacex:8647433002,SpaceX,"Sr. Software Engineer, Machine Learning/Data Science",https://boards.greenhouse.io/spacex/jobs/8647433002?gh_jid=8647433002,2026-08-12,no,greenhouse
greenhouse:spacex:8558869002,SpaceX,Sr. Software Engineer (Platform Team),https://boards.greenhouse.io/spacex/jobs/8558869002?gh_jid=8558869002,2026-08-12,no,greenhouse
greenhouse:spacex:8560570002,SpaceX,Sr. Software Engineer (Platform Team),https://boards.greenhouse.io/spacex/jobs/8560570002?gh_jid=8560570002,2026-08-12,no,greenhouse
greenhouse:spacex:8495853002,SpaceX,Sr. Software Engineer (Platform Team),https://boards.greenhouse.io/spacex/jobs/8495853002?gh_jid=8495853002,2026-08-12,no,greenhouse
greenhouse:spacex:8560569002,SpaceX,Sr. Software Engineer (Platform Team),https://boards.greenhouse.io/spacex/jobs/8560569002?gh_jid=8560569002,2026-08-12,no,greenhouse
greenhouse:spacex:8558870002,SpaceX,Sr. Software Engineer (Platform Team),https://boards.greenhouse.io/spacex/jobs/8558870002?gh_jid=8558870002,2026-08-12,no,greenhouse
greenhouse:spacex:8558871002,SpaceX,Sr. Software Engineer (Platform Team),https://boards.greenhouse.io/spacex/jobs/8558871002?gh_jid=8558871002,2026-08-12,no,greenhouse
greenhouse:spacex:8581310002,SpaceX,"Sr. Software Engineer, Propulsion Simulation & Data Analysis (Raptor)",https://boards.greenhouse.io/spacex/jobs/8581310002?gh_jid=8581310002,2026-08-12,no,greenhouse
greenhouse:spacex:8562402002,SpaceX,"Sr. Software Engineer, Security (Starship)",https://boards.greenhouse.io/spacex/jobs/8562402002?gh_jid=8562402002,2026-08-12,no,greenhouse
greenhouse:spacex:8487481002,SpaceX,"Sr. Software Engineer, Simulations (Application Software)",https://boards.greenhouse.io/spacex/jobs/8487481002?gh_jid=8487481002,2026-08-12,no,greenhouse
greenhouse:spacex:8568980002,SpaceX,Sr. Software Engineer (Special Projects) - Top Secret Clearance,https://boards.greenhouse.io/spacex/jobs/8568980002?gh_jid=8568980002,2026-08-12,no,greenhouse
greenhouse:spacex:8642277002,SpaceX,Sr. Software Engineer (Starfall),https://boards.greenhouse.io/spacex/jobs/8642277002?gh_jid=8642277002,2026-08-12,no,greenhouse
greenhouse:spacex:8379314002,SpaceX,Sr. Software Engineer (Starlink) ,https://boards.greenhouse.io/spacex/jobs/8379314002?gh_jid=8379314002,2026-08-12,no,greenhouse
greenhouse:spacex:8458038002,SpaceX,"Sr. Software Engineer, Starlink Network",https://boards.greenhouse.io/spacex/jobs/8458038002?gh_jid=8458038002,2026-08-12,no,greenhouse
greenhouse:spacex:8684403002,SpaceX,Sr. Software Engineer (Starshield),https://boards.greenhouse.io/spacex/jobs/8684403002?gh_jid=8684403002,2026-08-12,no,greenhouse
greenhouse:spacex:8631952002,SpaceX,"Sr. Software Engineer, Telemetry (Starlink)",https://boards.greenhouse.io/spacex/jobs/8631952002?gh_jid=8631952002,2026-08-12,no,greenhouse
greenhouse:spacex:8656520002,SpaceX,"Sr. Software Engineer, Telemetry (Starlink)",https://boards.greenhouse.io/spacex/jobs/8656520002?gh_jid=8656520002,2026-08-12,no,greenhouse
greenhouse:spacex:8555142002,SpaceX,Sr. Software Engineer (Vehicle Engineering),https://boards.greenhouse.io/spacex/jobs/8555142002?gh_jid=8555142002,2026-08-12,no,greenhouse
greenhouse:spacex:8573254002,SpaceX,Sr. Software Infrastructure Engineer (Starlink),https://boards.greenhouse.io/spacex/jobs/8573254002?gh_jid=8573254002,2026-08-12,no,greenhouse
greenhouse:spacex:8653969002,SpaceX,Sr. Solar Cell Reliability Engineer (Starlink),https://boards.greenhouse.io/spacex/jobs/8653969002?gh_jid=8653969002,2026-08-12,no,greenhouse
greenhouse:spacex:8558360002,SpaceX,"Sr. Sourcing Specialist, Electronics (Starlink) ",https://boards.greenhouse.io/spacex/jobs/8558360002?gh_jid=8558360002,2026-08-12,no,greenhouse
greenhouse:spacex:8628532002,SpaceX,"Sr. Sourcing Specialist, Ground Support Equipment & Facilities",https://boards.greenhouse.io/spacex/jobs/8628532002?gh_jid=8628532002,2026-08-12,no,greenhouse
greenhouse:spacex:8393522002,SpaceX,"Sr. Sourcing Specialist, Mechanical (Starshield)",https://boards.greenhouse.io/spacex/jobs/8393522002?gh_jid=8393522002,2026-08-12,no,greenhouse
greenhouse:spacex:8692434002,SpaceX,"Sr. Sourcing Specialist, Mechanical (Starship)",https://boards.greenhouse.io/spacex/jobs/8692434002?gh_jid=8692434002,2026-08-12,no,greenhouse
greenhouse:spacex:8511676002,SpaceX,"Sr. Sourcing Specialist, OPEX (Starlink)   ",https://boards.greenhouse.io/spacex/jobs/8511676002?gh_jid=8511676002,2026-08-12,no,greenhouse
greenhouse:spacex:8342622002,SpaceX,"Sr. Sourcing Specialist, PCBA (Starshield)",https://boards.greenhouse.io/spacex/jobs/8342622002?gh_jid=8342622002,2026-08-12,no,greenhouse
greenhouse:spacex:8362759002,SpaceX,Sr. Sourcing Specialist (Starlink Gateways),https://boards.greenhouse.io/spacex/jobs/8362759002?gh_jid=8362759002,2026-08-12,no,greenhouse
greenhouse:spacex:8513683002,SpaceX,Sr. Sourcing Specialist (Starship),https://boards.greenhouse.io/spacex/jobs/8513683002?gh_jid=8513683002,2026-08-12,no,greenhouse
greenhouse:spacex:8593375002,SpaceX,Sr. Sourcing Specialist (Starship),https://boards.greenhouse.io/spacex/jobs/8593375002?gh_jid=8593375002,2026-08-12,no,greenhouse
greenhouse:spacex:8483195002,SpaceX,"Sr. Space Lasers Engineer, Satellites (Starlink)",https://boards.greenhouse.io/spacex/jobs/8483195002?gh_jid=8483195002,2026-08-12,no,greenhouse
greenhouse:spacex:8512920002,SpaceX,Sr. Structural Engineer,https://boards.greenhouse.io/spacex/jobs/8512920002?gh_jid=8512920002,2026-08-12,no,greenhouse
greenhouse:spacex:8573859002,SpaceX,Sr. Structural Engineer (Starship Launch Pad ),https://boards.greenhouse.io/spacex/jobs/8573859002?gh_jid=8573859002,2026-08-12,no,greenhouse
greenhouse:spacex:8682899002,SpaceX,"Sr. Structural Engineer, Structural Test (Starship)",https://boards.greenhouse.io/spacex/jobs/8682899002?gh_jid=8682899002,2026-08-12,no,greenhouse
greenhouse:spacex:8558849002,SpaceX,"Sr. Structures Engineer, Build (Starship)",https://boards.greenhouse.io/spacex/jobs/8558849002?gh_jid=8558849002,2026-08-12,no,greenhouse
greenhouse:spacex:8594391002,SpaceX,"Sr. Supplier Development Engineer, Battery (Starlink) ",https://boards.greenhouse.io/spacex/jobs/8594391002?gh_jid=8594391002,2026-08-12,no,greenhouse
greenhouse:spacex:8642976002,SpaceX,"Sr. Supplier Development Engineer, Data Center (Starlink) ",https://boards.greenhouse.io/spacex/jobs/8642976002?gh_jid=8642976002,2026-08-12,no,greenhouse
greenhouse:spacex:8653632002,SpaceX,"Sr. Supplier Development Engineer, Data Center (Starlink) ",https://boards.greenhouse.io/spacex/jobs/8653632002?gh_jid=8653632002,2026-08-12,no,greenhouse
greenhouse:spacex:8645827002,SpaceX,"Sr. Supplier Development Engineer, Data Center (Starlink) ",https://boards.greenhouse.io/spacex/jobs/8645827002?gh_jid=8645827002,2026-08-12,no,greenhouse
greenhouse:spacex:8622760002,SpaceX,"Sr. Supplier Development Engineer, Mechanical Metrology (Starlink) ",https://boards.greenhouse.io/spacex/jobs/8622760002?gh_jid=8622760002,2026-08-12,no,greenhouse
greenhouse:spacex:8586113002,SpaceX,Sr. Supplier Development Engineer (Starshield),https://boards.greenhouse.io/spacex/jobs/8586113002?gh_jid=8586113002,2026-08-12,no,greenhouse
greenhouse:spacex:8643828002,SpaceX,"Sr. Supplier Quality Specialist, Data Center (Starlink)",https://boards.greenhouse.io/spacex/jobs/8643828002?gh_jid=8643828002,2026-08-12,no,greenhouse
greenhouse:spacex:8653649002,SpaceX,"Sr. Supplier Quality Specialist, Data Center (Starlink)",https://boards.greenhouse.io/spacex/jobs/8653649002?gh_jid=8653649002,2026-08-12,no,greenhouse
greenhouse:spacex:8643675002,SpaceX,Sr. Supply Chain Planner (Launch Vehicle Electronic Systems) ,https://boards.greenhouse.io/spacex/jobs/8643675002?gh_jid=8643675002,2026-08-12,no,greenhouse
greenhouse:spacex:8490731002,SpaceX,Sr. Supply Chain Planner (Starship),https://boards.greenhouse.io/spacex/jobs/8490731002?gh_jid=8490731002,2026-08-12,no,greenhouse
greenhouse:spacex:8606899002,SpaceX,"Sr. Supply Chain Planner, xAI (Starlink)",https://boards.greenhouse.io/spacex/jobs/8606899002?gh_jid=8606899002,2026-08-12,no,greenhouse
greenhouse:spacex:8515826002,SpaceX,Sr. Tax Analyst,https://boards.greenhouse.io/spacex/jobs/8515826002?gh_jid=8515826002,2026-08-12,no,greenhouse
greenhouse:spacex:8506416002,SpaceX,Sr. Tax Technology Analyst,https://boards.greenhouse.io/spacex/jobs/8506416002?gh_jid=8506416002,2026-08-12,no,greenhouse
greenhouse:spacex:8570129002,SpaceX,Sr. Technical Business Development Manager (Starlink),https://boards.greenhouse.io/spacex/jobs/8570129002?gh_jid=8570129002,2026-08-12,no,greenhouse
greenhouse:spacex:8570105002,SpaceX,Sr. Technical Business Development Manager (Starlink),https://boards.greenhouse.io/spacex/jobs/8570105002?gh_jid=8570105002,2026-08-12,no,greenhouse
greenhouse:spacex:8439487002,SpaceX,"Sr. Technical Operations Engineer, Customer Success (Starlink)",https://boards.greenhouse.io/spacex/jobs/8439487002?gh_jid=8439487002,2026-08-12,no,greenhouse
greenhouse:spacex:8444679002,SpaceX,"Sr. Technical Operations Engineer, Customer Success (Starlink)",https://boards.greenhouse.io/spacex/jobs/8444679002?gh_jid=8444679002,2026-08-12,no,greenhouse
greenhouse:spacex:8610398002,SpaceX,Sr. Technical Project Lead (Silicon Engineering),https://boards.greenhouse.io/spacex/jobs/8610398002?gh_jid=8610398002,2026-08-12,no,greenhouse
greenhouse:spacex:8610397002,SpaceX,Sr. Technical Project Lead (Silicon Engineering),https://boards.greenhouse.io/spacex/jobs/8610397002?gh_jid=8610397002,2026-08-12,no,greenhouse
greenhouse:spacex:8610399002,SpaceX,Sr. Technical Project Lead (Silicon Engineering),https://boards.greenhouse.io/spacex/jobs/8610399002?gh_jid=8610399002,2026-08-12,no,greenhouse
greenhouse:spacex:8610400002,SpaceX,Sr. Technical Project Lead (Silicon Engineering),https://boards.greenhouse.io/spacex/jobs/8610400002?gh_jid=8610400002,2026-08-12,no,greenhouse
greenhouse:spacex:8639395002,SpaceX,Sr. Technical Recruiter,https://boards.greenhouse.io/spacex/jobs/8639395002?gh_jid=8639395002,2026-08-12,no,greenhouse
greenhouse:spacex:8694846002,SpaceX,Sr. Technical Recruiter (Bastrop),https://boards.greenhouse.io/spacex/jobs/8694846002?gh_jid=8694846002,2026-08-12,no,greenhouse
greenhouse:spacex:8694879002,SpaceX,Sr. Technical Recruiter (Redmond),https://boards.greenhouse.io/spacex/jobs/8694879002?gh_jid=8694879002,2026-08-12,no,greenhouse
greenhouse:spacex:8681168002,SpaceX,Sr. Technical Recruiter (Starbase) ,https://boards.greenhouse.io/spacex/jobs/8681168002?gh_jid=8681168002,2026-08-12,no,greenhouse
greenhouse:spacex:8697967002,SpaceX,Sr. Technical Writer (Starshield) ,https://boards.greenhouse.io/spacex/jobs/8697967002?gh_jid=8697967002,2026-08-12,no,greenhouse
greenhouse:spacex:8550162002,SpaceX,Sr. Terrestrial Services Sales Manager (Starlink Aviation),https://boards.greenhouse.io/spacex/jobs/8550162002?gh_jid=8550162002,2026-08-12,no,greenhouse
greenhouse:spacex:8550231002,SpaceX,Sr. Terrestrial Services Sales Manager (Starlink Aviation),https://boards.greenhouse.io/spacex/jobs/8550231002?gh_jid=8550231002,2026-08-12,no,greenhouse
greenhouse:spacex:8647020002,SpaceX,"Sr. Thermal Engineer - Fluids Analysis, AI Satellites (Starmind)",https://boards.greenhouse.io/spacex/jobs/8647020002?gh_jid=8647020002,2026-08-12,no,greenhouse
greenhouse:spacex:8647000002,SpaceX,"Sr. Thermal Engineer - Spacecraft Analysis, AI Satellites (Starmind)",https://boards.greenhouse.io/spacex/jobs/8647000002?gh_jid=8647000002,2026-08-12,no,greenhouse
greenhouse:spacex:8562361002,SpaceX,"Sr. Thermal Engineer, Thermal & Fluid Analysis (Starship)",https://boards.greenhouse.io/spacex/jobs/8562361002?gh_jid=8562361002,2026-08-12,no,greenhouse
greenhouse:spacex:8493185002,SpaceX,"Sr. Tooling Design Engineer, Investment Casting ",https://boards.greenhouse.io/spacex/jobs/8493185002?gh_jid=8493185002,2026-08-12,no,greenhouse
greenhouse:spacex:8633924002,SpaceX,"Sr. Tooling Designer, Injection Molding",https://boards.greenhouse.io/spacex/jobs/8633924002?gh_jid=8633924002,2026-08-12,no,greenhouse
greenhouse:spacex:8574347002,SpaceX,"Sr. Tooling Engineer, Plastic Injection Molding (Starlink)",https://boards.greenhouse.io/spacex/jobs/8574347002?gh_jid=8574347002,2026-08-12,no,greenhouse
greenhouse:spacex:8584754002,SpaceX,Sr. Trajectory Analysis Engineer (Starship),https://boards.greenhouse.io/spacex/jobs/8584754002?gh_jid=8584754002,2026-08-12,no,greenhouse
greenhouse:spacex:8584829002,SpaceX,Sr. Trajectory Analysis Engineer (Starship),https://boards.greenhouse.io/spacex/jobs/8584829002?gh_jid=8584829002,2026-08-12,no,greenhouse
greenhouse:spacex:8643595002,SpaceX,Sr. Treasury Analyst,https://boards.greenhouse.io/spacex/jobs/8643595002?gh_jid=8643595002,2026-08-12,no,greenhouse
greenhouse:spacex:8555814002,SpaceX,"Sr. Treasury Manager, Investments",https://boards.greenhouse.io/spacex/jobs/8555814002?gh_jid=8555814002,2026-08-12,no,greenhouse
greenhouse:spacex:8558147002,SpaceX,"Sr. Water Treatment Engineer, Solar Cell Factory (Starlink)",https://boards.greenhouse.io/spacex/jobs/8558147002?gh_jid=8558147002,2026-08-12,no,greenhouse
greenhouse:spacex:8616920002,SpaceX,Sr. Welding Engineer,https://boards.greenhouse.io/spacex/jobs/8616920002?gh_jid=8616920002,2026-08-12,no,greenhouse
greenhouse:spacex:8614946002,SpaceX,Sr. Welding Engineer (Starship Components),https://boards.greenhouse.io/spacex/jobs/8614946002?gh_jid=8614946002,2026-08-12,no,greenhouse
greenhouse:spacex:8631293002,SpaceX,Sr. Wi-Fi Software Engineer (Starlink) ,https://boards.greenhouse.io/spacex/jobs/8631293002?gh_jid=8631293002,2026-08-12,no,greenhouse
greenhouse:spacex:8379225002,SpaceX,Sr. Wi-Fi Software Engineer (Starlink) ,https://boards.greenhouse.io/spacex/jobs/8379225002?gh_jid=8379225002,2026-08-12,no,greenhouse
greenhouse:spacex:8546682002,SpaceX,Sr. Wireless Firmware Engineer (Starlink Mobile),https://boards.greenhouse.io/spacex/jobs/8546682002?gh_jid=8546682002,2026-08-12,no,greenhouse
greenhouse:spacex:8546720002,SpaceX,Sr. Wireless Firmware Engineer (Starlink Mobile),https://boards.greenhouse.io/spacex/jobs/8546720002?gh_jid=8546720002,2026-08-12,no,greenhouse
greenhouse:spacex:8637824002,SpaceX,Sr. Wireless Software Engineer (Starlink),https://boards.greenhouse.io/spacex/jobs/8637824002?gh_jid=8637824002,2026-08-12,no,greenhouse
greenhouse:spacex:8637796002,SpaceX,Sr. Wireless Software Engineer (Starlink),https://boards.greenhouse.io/spacex/jobs/8637796002?gh_jid=8637796002,2026-08-12,no,greenhouse
greenhouse:spacex:8480140002,SpaceX,Starlink Account Lead (State & Local Government),https://boards.greenhouse.io/spacex/jobs/8480140002?gh_jid=8480140002,2026-08-12,no,greenhouse
greenhouse:spacex:8627586002,SpaceX,Starlink Account Manager (State & Local Government),https://boards.greenhouse.io/spacex/jobs/8627586002?gh_jid=8627586002,2026-08-12,no,greenhouse
greenhouse:spacex:8675293002,SpaceX,Starlink Account Manager (State & Local Government),https://boards.greenhouse.io/spacex/jobs/8675293002?gh_jid=8675293002,2026-08-12,no,greenhouse
greenhouse:spacex:8362860002,SpaceX,Starlink Account Manager (State & Local Government),https://boards.greenhouse.io/spacex/jobs/8362860002?gh_jid=8362860002,2026-08-12,no,greenhouse
greenhouse:spacex:8675291002,SpaceX,Starlink Account Manager (US Federal),https://boards.greenhouse.io/spacex/jobs/8675291002?gh_jid=8675291002,2026-08-12,no,greenhouse
greenhouse:spacex:8675298002,SpaceX,Starlink Account Manager (US Federal),https://boards.greenhouse.io/spacex/jobs/8675298002?gh_jid=8675298002,2026-08-12,no,greenhouse
greenhouse:spacex:8686885002,SpaceX,Starlink Assembly Technician ,https://boards.greenhouse.io/spacex/jobs/8686885002?gh_jid=8686885002,2026-08-12,no,greenhouse
greenhouse:spacex:8686209002,SpaceX,Starlink Aviation Integration Technician,https://boards.greenhouse.io/spacex/jobs/8686209002?gh_jid=8686209002,2026-08-12,no,greenhouse
greenhouse:spacex:8407517002,SpaceX,Starlink Aviation Specialist,https://boards.greenhouse.io/spacex/jobs/8407517002?gh_jid=8407517002,2026-08-12,no,greenhouse
greenhouse:spacex:8642089002,SpaceX,Starlink Crisis Response Lead,https://boards.greenhouse.io/spacex/jobs/8642089002?gh_jid=8642089002,2026-08-12,no,greenhouse
greenhouse:spacex:8397600002,SpaceX,Starlink Customer Success Account Manager (Fixed-Site),https://boards.greenhouse.io/spacex/jobs/8397600002?gh_jid=8397600002,2026-08-12,no,greenhouse
greenhouse:spacex:8617157002,SpaceX,"Starlink Enterprise Account Director, Aviation",https://boards.greenhouse.io/spacex/jobs/8617157002?gh_jid=8617157002,2026-08-12,no,greenhouse
greenhouse:spacex:8617163002,SpaceX,"Starlink Enterprise Account Director, Aviation",https://boards.greenhouse.io/spacex/jobs/8617163002?gh_jid=8617163002,2026-08-12,no,greenhouse
greenhouse:spacex:8617165002,SpaceX,"Starlink Enterprise Account Director, Aviation",https://boards.greenhouse.io/spacex/jobs/8617165002?gh_jid=8617165002,2026-08-12,no,greenhouse
greenhouse:spacex:8617164002,SpaceX,"Starlink Enterprise Account Director, Aviation",https://boards.greenhouse.io/spacex/jobs/8617164002?gh_jid=8617164002,2026-08-12,no,greenhouse
greenhouse:spacex:8472687002,SpaceX,Starlink Enterprise Account Lead (Aviation),https://boards.greenhouse.io/spacex/jobs/8472687002?gh_jid=8472687002,2026-08-12,no,greenhouse
greenhouse:spacex:8397582002,SpaceX,Starlink Enterprise Account Lead (Fixed-Site)   ,https://boards.greenhouse.io/spacex/jobs/8397582002?gh_jid=8397582002,2026-08-12,no,greenhouse
greenhouse:spacex:8594918002,SpaceX,"Starlink Enterprise Account Lead, Latin America",https://boards.greenhouse.io/spacex/jobs/8594918002?gh_jid=8594918002,2026-08-12,no,greenhouse
greenhouse:spacex:8501183002,SpaceX,Starlink Enterprise Account Manager (Channel Partners) ,https://boards.greenhouse.io/spacex/jobs/8501183002?gh_jid=8501183002,2026-08-12,no,greenhouse
greenhouse:spacex:8397589002,SpaceX,Starlink Enterprise Account Manager (Fixed-Site),https://boards.greenhouse.io/spacex/jobs/8397589002?gh_jid=8397589002,2026-08-12,no,greenhouse
greenhouse:spacex:8621938002,SpaceX,Starlink Enterprise Account Manager (Retail) ,https://boards.greenhouse.io/spacex/jobs/8621938002?gh_jid=8621938002,2026-08-12,no,greenhouse
greenhouse:spacex:8472664002,SpaceX,Starlink Enterprise Account Specialist (Channel Partners),https://boards.greenhouse.io/spacex/jobs/8472664002?gh_jid=8472664002,2026-08-12,no,greenhouse
greenhouse:spacex:8683596002,SpaceX,"Starlink Enterprise Sales Director, SLED",https://boards.greenhouse.io/spacex/jobs/8683596002?gh_jid=8683596002,2026-08-12,no,greenhouse
greenhouse:spacex:8594668002,SpaceX,"Starlink Growth Lead, Midwest",https://boards.greenhouse.io/spacex/jobs/8594668002?gh_jid=8594668002,2026-08-12,no,greenhouse
greenhouse:spacex:8681154002,SpaceX,"Starlink Growth Lead, US West",https://boards.greenhouse.io/spacex/jobs/8681154002?gh_jid=8681154002,2026-08-12,no,greenhouse
greenhouse:spacex:8597926002,SpaceX,"Starlink Growth Manager, California",https://boards.greenhouse.io/spacex/jobs/8597926002?gh_jid=8597926002,2026-08-12,yes,greenhouse
greenhouse:spacex:8660047002,SpaceX,"Starlink Growth Manager, US Northeast",https://boards.greenhouse.io/spacex/jobs/8660047002?gh_jid=8660047002,2026-08-12,yes,greenhouse
greenhouse:spacex:8597796002,SpaceX,"Starlink Growth Manager, US Northeast",https://boards.greenhouse.io/spacex/jobs/8597796002?gh_jid=8597796002,2026-08-12,yes,greenhouse
greenhouse:spacex:8597947002,SpaceX,"Starlink Growth Manager, US South",https://boards.greenhouse.io/spacex/jobs/8597947002?gh_jid=8597947002,2026-08-12,yes,greenhouse
greenhouse:spacex:8660044002,SpaceX,"Starlink Growth Manager, US South",https://boards.greenhouse.io/spacex/jobs/8660044002?gh_jid=8660044002,2026-08-12,yes,greenhouse
greenhouse:spacex:8598055002,SpaceX,"Starlink Growth Manager, US South",https://boards.greenhouse.io/spacex/jobs/8598055002?gh_jid=8598055002,2026-08-12,yes,greenhouse
greenhouse:spacex:8597998002,SpaceX,"Starlink Growth Manager, US South",https://boards.greenhouse.io/spacex/jobs/8597998002?gh_jid=8597998002,2026-08-12,yes,greenhouse
greenhouse:spacex:8697970002,SpaceX,Starlink Production Associate,https://boards.greenhouse.io/spacex/jobs/8697970002?gh_jid=8697970002,2026-08-12,no,greenhouse
greenhouse:spacex:8511253002,SpaceX,Starlink Production Associate (Temporary) - Multiple Shifts,https://boards.greenhouse.io/spacex/jobs/8511253002?gh_jid=8511253002,2026-08-12,no,greenhouse
greenhouse:spacex:8646214002,SpaceX,Starlink Production Technician ,https://boards.greenhouse.io/spacex/jobs/8646214002?gh_jid=8646214002,2026-08-12,no,greenhouse
greenhouse:spacex:8692396002,SpaceX,Starlink Production Technician ,https://boards.greenhouse.io/spacex/jobs/8692396002?gh_jid=8692396002,2026-08-12,no,greenhouse
greenhouse:spacex:8632422002,SpaceX,Starlink Production Technician ,https://boards.greenhouse.io/spacex/jobs/8632422002?gh_jid=8632422002,2026-08-12,no,greenhouse
greenhouse:spacex:8647896002,SpaceX,Starlink Production Technician - 2nd Shift ,https://boards.greenhouse.io/spacex/jobs/8647896002?gh_jid=8647896002,2026-08-12,no,greenhouse
greenhouse:spacex:8647897002,SpaceX,Starlink Production Technician - Entry Level ,https://boards.greenhouse.io/spacex/jobs/8647897002?gh_jid=8647897002,2026-08-12,no,greenhouse
greenhouse:spacex:8623022002,SpaceX,Starlink Production Technician - Machining,https://boards.greenhouse.io/spacex/jobs/8623022002?gh_jid=8623022002,2026-08-12,no,greenhouse
greenhouse:spacex:8657511002,SpaceX,Starlink Production Technician - PCBA,https://boards.greenhouse.io/spacex/jobs/8657511002?gh_jid=8657511002,2026-08-12,no,greenhouse
greenhouse:spacex:8484033002,SpaceX,Starlink Production Technician - TWTA,https://boards.greenhouse.io/spacex/jobs/8484033002?gh_jid=8484033002,2026-08-12,no,greenhouse
greenhouse:spacex:8579720002,SpaceX,"Starlink Specialist, Tool and Die Machining",https://boards.greenhouse.io/spacex/jobs/8579720002?gh_jid=8579720002,2026-08-12,no,greenhouse
greenhouse:spacex:8585048002,SpaceX,"Starlink Specialist, Tool and Die Machining - 2nd Shift",https://boards.greenhouse.io/spacex/jobs/8585048002?gh_jid=8585048002,2026-08-12,no,greenhouse
greenhouse:spacex:8512061002,SpaceX,Starlink Warehouse Associate (Temporary),https://boards.greenhouse.io/spacex/jobs/8512061002?gh_jid=8512061002,2026-08-12,no,greenhouse
greenhouse:spacex:8689262002,SpaceX,"Starship Engineer, FOD Control",https://boards.greenhouse.io/spacex/jobs/8689262002?gh_jid=8689262002,2026-08-12,no,greenhouse
greenhouse:spacex:8679371002,SpaceX,Structural Analyst (Raptor Combustion Devices),https://boards.greenhouse.io/spacex/jobs/8679371002?gh_jid=8679371002,2026-08-12,no,greenhouse
greenhouse:spacex:8595083002,SpaceX,Structural Engineer (Critical Infrastructure),https://boards.greenhouse.io/spacex/jobs/8595083002?gh_jid=8595083002,2026-08-12,no,greenhouse
greenhouse:spacex:8573793002,SpaceX,"Structural Engineer, Launch Pad (Starship)",https://boards.greenhouse.io/spacex/jobs/8573793002?gh_jid=8573793002,2026-08-12,no,greenhouse
greenhouse:spacex:8403828002,SpaceX,Structural Engineer (Starlink),https://boards.greenhouse.io/spacex/jobs/8403828002?gh_jid=8403828002,2026-08-12,no,greenhouse
greenhouse:spacex:8389500002,SpaceX,Structural Engineer (Starship Infrastructure),https://boards.greenhouse.io/spacex/jobs/8389500002?gh_jid=8389500002,2026-08-12,no,greenhouse
greenhouse:spacex:8555061002,SpaceX,"Structural Engineer, Structural Test (Starship)",https://boards.greenhouse.io/spacex/jobs/8555061002?gh_jid=8555061002,2026-08-12,no,greenhouse
greenhouse:spacex:8455124002,SpaceX,Structural Welder,https://boards.greenhouse.io/spacex/jobs/8455124002?gh_jid=8455124002,2026-08-12,no,greenhouse
greenhouse:spacex:8455876002,SpaceX,"Structural Welder, Ground Support Equipment - Night Shift",https://boards.greenhouse.io/spacex/jobs/8455876002?gh_jid=8455876002,2026-08-12,no,greenhouse
greenhouse:spacex:8555271002,SpaceX,"Structural Welder, Massey's Test Site - Night Shift",https://boards.greenhouse.io/spacex/jobs/8555271002?gh_jid=8555271002,2026-08-12,no,greenhouse
greenhouse:spacex:8529478002,SpaceX,Structures Design Engineer,https://boards.greenhouse.io/spacex/jobs/8529478002?gh_jid=8529478002,2026-08-12,no,greenhouse
greenhouse:spacex:8493176002,SpaceX,Structures Design Engineer (Starship),https://boards.greenhouse.io/spacex/jobs/8493176002?gh_jid=8493176002,2026-08-12,no,greenhouse
greenhouse:spacex:8493500002,SpaceX,"Structures Engineer, Build (Starship)",https://boards.greenhouse.io/spacex/jobs/8493500002?gh_jid=8493500002,2026-08-12,no,greenhouse
greenhouse:spacex:8612998002,SpaceX,Structures Technician (Dragon),https://boards.greenhouse.io/spacex/jobs/8612998002?gh_jid=8612998002,2026-08-12,no,greenhouse
greenhouse:spacex:8631589002,SpaceX,Structures Technician (Machining),https://boards.greenhouse.io/spacex/jobs/8631589002?gh_jid=8631589002,2026-08-12,no,greenhouse
greenhouse:spacex:8555812002,SpaceX,Structures Technician (Starship),https://boards.greenhouse.io/spacex/jobs/8555812002?gh_jid=8555812002,2026-08-12,no,greenhouse
greenhouse:spacex:8559058002,SpaceX,Structures Technician (Starship) - 2nd Shift,https://boards.greenhouse.io/spacex/jobs/8559058002?gh_jid=8559058002,2026-08-12,no,greenhouse
greenhouse:spacex:8621771002,SpaceX,Summer 2027 Business Operations Internship/Co-op,https://boards.greenhouse.io/spacex/jobs/8621771002?gh_jid=8621771002,2026-08-12,no,greenhouse
greenhouse:spacex:8636144002,SpaceX,Summer 2027 Civil Engineering Internship,https://boards.greenhouse.io/spacex/jobs/8636144002?gh_jid=8636144002,2026-08-12,no,greenhouse
greenhouse:spacex:8621740002,SpaceX,Summer 2027 Engineering Internship/Co-op,https://boards.greenhouse.io/spacex/jobs/8621740002?gh_jid=8621740002,2026-08-12,no,greenhouse
greenhouse:spacex:8621753002,SpaceX,Summer 2027 Graduate Engineer Internship/Co-op,https://boards.greenhouse.io/spacex/jobs/8621753002?gh_jid=8621753002,2026-08-12,no,greenhouse
greenhouse:spacex:8621763002,SpaceX,Summer 2027 Silicon Engineering Internship/Co-op,https://boards.greenhouse.io/spacex/jobs/8621763002?gh_jid=8621763002,2026-08-12,no,greenhouse
greenhouse:spacex:8621757002,SpaceX,Summer 2027 Software Engineering Internship/Co-op,https://boards.greenhouse.io/spacex/jobs/8621757002?gh_jid=8621757002,2026-08-12,no,greenhouse
greenhouse:spacex:8642697002,SpaceX,"Supervisor, Build & Integration",https://boards.greenhouse.io/spacex/jobs/8642697002?gh_jid=8642697002,2026-08-12,no,greenhouse
greenhouse:spacex:8676528002,SpaceX,"Supervisor, Critical Transport (Starship)",https://boards.greenhouse.io/spacex/jobs/8676528002?gh_jid=8676528002,2026-08-12,no,greenhouse
greenhouse:spacex:8642695002,SpaceX,"Supervisor, Development Operations",https://boards.greenhouse.io/spacex/jobs/8642695002?gh_jid=8642695002,2026-08-12,no,greenhouse
greenhouse:spacex:8641512002,SpaceX,"Supervisor, Distribution Center - (Materials Management)",https://boards.greenhouse.io/spacex/jobs/8641512002?gh_jid=8641512002,2026-08-12,no,greenhouse
greenhouse:spacex:8635083002,SpaceX,"Supervisor, Distribution Center - (Materials Management)",https://boards.greenhouse.io/spacex/jobs/8635083002?gh_jid=8635083002,2026-08-12,no,greenhouse
greenhouse:spacex:8532514002,SpaceX,"Supervisor, Electrical",https://boards.greenhouse.io/spacex/jobs/8532514002?gh_jid=8532514002,2026-08-12,no,greenhouse
greenhouse:spacex:8656828002,SpaceX,"Supervisor, Facilities Maintenance, Solar Cell Factory (Starlink)",https://boards.greenhouse.io/spacex/jobs/8656828002?gh_jid=8656828002,2026-08-12,no,greenhouse
greenhouse:spacex:8546298002,SpaceX,"Supervisor, Facilities (Starlink) - Split Shift",https://boards.greenhouse.io/spacex/jobs/8546298002?gh_jid=8546298002,2026-08-12,no,greenhouse
greenhouse:spacex:8601146002,SpaceX,"Supervisor, Fluids Fabrication Technicians",https://boards.greenhouse.io/spacex/jobs/8601146002?gh_jid=8601146002,2026-08-12,no,greenhouse
greenhouse:spacex:8644008002,SpaceX,"Supervisor, Fulfillment Center - Materials Management - Split Shift",https://boards.greenhouse.io/spacex/jobs/8644008002?gh_jid=8644008002,2026-08-12,no,greenhouse
greenhouse:spacex:8644858002,SpaceX,"Supervisor, Hardware Reliability ",https://boards.greenhouse.io/spacex/jobs/8644858002?gh_jid=8644858002,2026-08-12,no,greenhouse
greenhouse:spacex:8639279002,SpaceX,"Supervisor, Heatshield Materials Management (Starship)",https://boards.greenhouse.io/spacex/jobs/8639279002?gh_jid=8639279002,2026-08-12,no,greenhouse
greenhouse:spacex:8642696002,SpaceX,"Supervisor, Machining & Fabrication",https://boards.greenhouse.io/spacex/jobs/8642696002?gh_jid=8642696002,2026-08-12,no,greenhouse
greenhouse:spacex:8555072002,SpaceX,"Supervisor, Machining & Fabrication (Starlink)",https://boards.greenhouse.io/spacex/jobs/8555072002?gh_jid=8555072002,2026-08-12,no,greenhouse
greenhouse:spacex:8517733002,SpaceX,"Supervisor, Machining (Starship Components) - 2nd Shift",https://boards.greenhouse.io/spacex/jobs/8517733002?gh_jid=8517733002,2026-08-12,no,greenhouse
greenhouse:spacex:8571670002,SpaceX,"Supervisor, Materials Management (Starlink) - Night Shift",https://boards.greenhouse.io/spacex/jobs/8571670002?gh_jid=8571670002,2026-08-12,no,greenhouse
greenhouse:spacex:8601695002,SpaceX,"Supervisor, Materials Management (Starship) - Night Shift",https://boards.greenhouse.io/spacex/jobs/8601695002?gh_jid=8601695002,2026-08-12,no,greenhouse
greenhouse:spacex:8578079002,SpaceX,"Supervisor, NDE Operations (Starship)",https://boards.greenhouse.io/spacex/jobs/8578079002?gh_jid=8578079002,2026-08-12,no,greenhouse
greenhouse:spacex:8580469002,SpaceX,"Supervisor, NDE Operations (Starship) - Nights",https://boards.greenhouse.io/spacex/jobs/8580469002?gh_jid=8580469002,2026-08-12,no,greenhouse
greenhouse:spacex:8684206002,SpaceX,"Supervisor, Porter",https://boards.greenhouse.io/spacex/jobs/8684206002?gh_jid=8684206002,2026-08-12,no,greenhouse
greenhouse:spacex:8522992002,SpaceX,"Supervisor, Production Scheduling (Starship)",https://boards.greenhouse.io/spacex/jobs/8522992002?gh_jid=8522992002,2026-08-12,no,greenhouse
greenhouse:spacex:8665785002,SpaceX,"Supervisor, Production Scheduling (Tube Shop)",https://boards.greenhouse.io/spacex/jobs/8665785002?gh_jid=8665785002,2026-08-12,no,greenhouse
greenhouse:spacex:8604744002,SpaceX,"Supervisor, Security",https://boards.greenhouse.io/spacex/jobs/8604744002?gh_jid=8604744002,2026-08-12,no,greenhouse
greenhouse:spacex:8606552002,SpaceX,"Supervisor, Security",https://boards.greenhouse.io/spacex/jobs/8606552002?gh_jid=8606552002,2026-08-12,no,greenhouse
greenhouse:spacex:8612130002,SpaceX,"Supervisor, Security Protective Operations Center",https://boards.greenhouse.io/spacex/jobs/8612130002?gh_jid=8612130002,2026-08-12,no,greenhouse
greenhouse:spacex:8636229002,SpaceX,"Supervisor, Starship Heatshield - Night Shift",https://boards.greenhouse.io/spacex/jobs/8636229002?gh_jid=8636229002,2026-08-12,no,greenhouse
greenhouse:spacex:8503000002,SpaceX,"Supervisor, Thermal Hardware",https://boards.greenhouse.io/spacex/jobs/8503000002?gh_jid=8503000002,2026-08-12,no,greenhouse
greenhouse:spacex:8548414002,SpaceX,"Supervisor, Tool & Die - 2nd Shift ",https://boards.greenhouse.io/spacex/jobs/8548414002?gh_jid=8548414002,2026-08-12,no,greenhouse
greenhouse:spacex:8660042002,SpaceX,"Supervisor, Welding (Starship) - Day Shift",https://boards.greenhouse.io/spacex/jobs/8660042002?gh_jid=8660042002,2026-08-12,no,greenhouse
greenhouse:spacex:8654601002,SpaceX,"Supervisor, Welding (Starship) - Night Shift",https://boards.greenhouse.io/spacex/jobs/8654601002?gh_jid=8654601002,2026-08-12,no,greenhouse
greenhouse:spacex:8328528002,SpaceX,"Supervisor, Welding (Super Heavy Booster)",https://boards.greenhouse.io/spacex/jobs/8328528002?gh_jid=8328528002,2026-08-12,no,greenhouse
greenhouse:spacex:8533959002,SpaceX,"Supplier Development Engineer, Assembly Processes (Starlink)",https://boards.greenhouse.io/spacex/jobs/8533959002?gh_jid=8533959002,2026-08-12,no,greenhouse
greenhouse:spacex:8533957002,SpaceX,"Supplier Development Engineer, Automation & Controls (Starlink)",https://boards.greenhouse.io/spacex/jobs/8533957002?gh_jid=8533957002,2026-08-12,no,greenhouse
greenhouse:spacex:8533945002,SpaceX,"Supplier Development Engineer, Cables (Starlink)",https://boards.greenhouse.io/spacex/jobs/8533945002?gh_jid=8533945002,2026-08-12,no,greenhouse
greenhouse:spacex:8682205002,SpaceX,"Supplier Development Engineer, Electrical (Starlink Aviation)",https://boards.greenhouse.io/spacex/jobs/8682205002?gh_jid=8682205002,2026-08-12,no,greenhouse
greenhouse:spacex:8636180002,SpaceX,"Supplier Development Engineer, Hardware & Fasteners (Starship)",https://boards.greenhouse.io/spacex/jobs/8636180002?gh_jid=8636180002,2026-08-12,no,greenhouse
greenhouse:spacex:8494936002,SpaceX,"Supplier Development Engineer, Harnessing (Starlink) ",https://boards.greenhouse.io/spacex/jobs/8494936002?gh_jid=8494936002,2026-08-12,no,greenhouse
greenhouse:spacex:8568157002,SpaceX,"Supplier Development Engineer, Harnessing (Starshield)",https://boards.greenhouse.io/spacex/jobs/8568157002?gh_jid=8568157002,2026-08-12,no,greenhouse
greenhouse:spacex:8646249002,SpaceX,"Supplier Development Engineer, Manufacturing (Falcon & Dragon)",https://boards.greenhouse.io/spacex/jobs/8646249002?gh_jid=8646249002,2026-08-12,no,greenhouse
greenhouse:spacex:8693932002,SpaceX,"Supplier Development Engineer, Manufacturing (Raptor)",https://boards.greenhouse.io/spacex/jobs/8693932002?gh_jid=8693932002,2026-08-12,no,greenhouse
greenhouse:spacex:8399474002,SpaceX,"Supplier Development Engineer, Manufacturing (Starship)",https://boards.greenhouse.io/spacex/jobs/8399474002?gh_jid=8399474002,2026-08-12,no,greenhouse
greenhouse:spacex:8644020002,SpaceX,"Supplier Development Engineer, Materials & Special Processes (Falcon & Dragon)",https://boards.greenhouse.io/spacex/jobs/8644020002?gh_jid=8644020002,2026-08-12,no,greenhouse
greenhouse:spacex:8364232002,SpaceX,Supplier Development Engineer (Mechanical Engineering),https://boards.greenhouse.io/spacex/jobs/8364232002?gh_jid=8364232002,2026-08-12,no,greenhouse
greenhouse:spacex:8644018002,SpaceX,"Supplier Development Engineer, Mechanical (Falcon & Dragon)",https://boards.greenhouse.io/spacex/jobs/8644018002?gh_jid=8644018002,2026-08-12,no,greenhouse
greenhouse:spacex:8533943002,SpaceX,"Supplier Development Engineer, Mechanical Metrology (Starlink)",https://boards.greenhouse.io/spacex/jobs/8533943002?gh_jid=8533943002,2026-08-12,no,greenhouse
greenhouse:spacex:8519215002,SpaceX,"Supplier Development Engineer, Mechanical (Starlink)   ",https://boards.greenhouse.io/spacex/jobs/8519215002?gh_jid=8519215002,2026-08-12,no,greenhouse
greenhouse:spacex:8521636002,SpaceX,"Supplier Development Engineer, Mechanical (Starlink Aviation)",https://boards.greenhouse.io/spacex/jobs/8521636002?gh_jid=8521636002,2026-08-12,no,greenhouse
greenhouse:spacex:8452999002,SpaceX,"Supplier Development Engineer, Mechanical (Starshield)",https://boards.greenhouse.io/spacex/jobs/8452999002?gh_jid=8452999002,2026-08-12,no,greenhouse
greenhouse:spacex:8350877002,SpaceX,"Supplier Development Engineer, PCB/PCBA (Starshield)",https://boards.greenhouse.io/spacex/jobs/8350877002?gh_jid=8350877002,2026-08-12,no,greenhouse
greenhouse:spacex:8477099002,SpaceX,"Supplier Development Engineer, PCB (Starlink)",https://boards.greenhouse.io/spacex/jobs/8477099002?gh_jid=8477099002,2026-08-12,no,greenhouse
greenhouse:spacex:8533949002,SpaceX,"Supplier Development Engineer, Photovoltaics (Starlink)",https://boards.greenhouse.io/spacex/jobs/8533949002?gh_jid=8533949002,2026-08-12,no,greenhouse
greenhouse:spacex:8533953002,SpaceX,"Supplier Development Engineer, Power Electronics (Starlink)",https://boards.greenhouse.io/spacex/jobs/8533953002?gh_jid=8533953002,2026-08-12,no,greenhouse
greenhouse:spacex:8533955002,SpaceX,"Supplier Development Engineer, Reliability (Starlink)",https://boards.greenhouse.io/spacex/jobs/8533955002?gh_jid=8533955002,2026-08-12,no,greenhouse
greenhouse:spacex:8533961002,SpaceX,"Supplier Development Engineer, Routers (Starlink)",https://boards.greenhouse.io/spacex/jobs/8533961002?gh_jid=8533961002,2026-08-12,no,greenhouse
greenhouse:spacex:8533951002,SpaceX,"Supplier Development Engineer, Silicon (Starlink)",https://boards.greenhouse.io/spacex/jobs/8533951002?gh_jid=8533951002,2026-08-12,no,greenhouse
greenhouse:spacex:8618554002,SpaceX,"Supplier Development Engineer, Supply Chain (Launch Site) ",https://boards.greenhouse.io/spacex/jobs/8618554002?gh_jid=8618554002,2026-08-12,no,greenhouse
greenhouse:spacex:8350883002,SpaceX,"Supplier Industrialization Engineer, PCB/PCBA (Starshield)",https://boards.greenhouse.io/spacex/jobs/8350883002?gh_jid=8350883002,2026-08-12,no,greenhouse
greenhouse:spacex:8477140002,SpaceX,"Supplier Industrialization Engineer, PCB (Starlink) ",https://boards.greenhouse.io/spacex/jobs/8477140002?gh_jid=8477140002,2026-08-12,no,greenhouse
greenhouse:spacex:8418663002,SpaceX,Supplier Quality Specialist - 3rd Shift (Starlink Supply Chain Reliability),https://boards.greenhouse.io/spacex/jobs/8418663002?gh_jid=8418663002,2026-08-12,no,greenhouse
greenhouse:spacex:8594614002,SpaceX,Supplier Quality Specialist (Starlink),https://boards.greenhouse.io/spacex/jobs/8594614002?gh_jid=8594614002,2026-08-12,no,greenhouse
greenhouse:spacex:8419546002,SpaceX,Supplier Quality Specialist (Starlink Supply Chain Reliability),https://boards.greenhouse.io/spacex/jobs/8419546002?gh_jid=8419546002,2026-08-12,no,greenhouse
greenhouse:spacex:8573357002,SpaceX,Supplier Quality Specialist (Starshield),https://boards.greenhouse.io/spacex/jobs/8573357002?gh_jid=8573357002,2026-08-12,no,greenhouse
greenhouse:spacex:8350884002,SpaceX,"Supply Chain Engineer, PCB/PCBA (Starshield)",https://boards.greenhouse.io/spacex/jobs/8350884002?gh_jid=8350884002,2026-08-12,no,greenhouse
greenhouse:spacex:8477142002,SpaceX,"Supply Chain Engineer, PCB (Starlink)",https://boards.greenhouse.io/spacex/jobs/8477142002?gh_jid=8477142002,2026-08-12,no,greenhouse
greenhouse:spacex:8415124002,SpaceX,Supply Chain Engineer (Starlink),https://boards.greenhouse.io/spacex/jobs/8415124002?gh_jid=8415124002,2026-08-12,no,greenhouse
greenhouse:spacex:8647431002,SpaceX,"Supply Chain Planner (Falcon, Dragon, & Starfall)",https://boards.greenhouse.io/spacex/jobs/8647431002?gh_jid=8647431002,2026-08-12,no,greenhouse
greenhouse:spacex:8516581002,SpaceX,"Supply Chain Planner, Gateway and Solar (Starlink)",https://boards.greenhouse.io/spacex/jobs/8516581002?gh_jid=8516581002,2026-08-12,no,greenhouse
greenhouse:spacex:8684327002,SpaceX,"Supply Chain Planner, PCB (Starlink)",https://boards.greenhouse.io/spacex/jobs/8684327002?gh_jid=8684327002,2026-08-12,no,greenhouse
greenhouse:spacex:8379357002,SpaceX,Supply Chain Planner (Starlink) ,https://boards.greenhouse.io/spacex/jobs/8379357002?gh_jid=8379357002,2026-08-12,no,greenhouse
greenhouse:spacex:8582619002,SpaceX,Supply Chain Planner (Starlink/Akoustis),https://boards.greenhouse.io/spacex/jobs/8582619002?gh_jid=8582619002,2026-08-12,no,greenhouse
greenhouse:spacex:8533941002,SpaceX,Supply Chain Planner (Starlink Aviation),https://boards.greenhouse.io/spacex/jobs/8533941002?gh_jid=8533941002,2026-08-12,no,greenhouse
greenhouse:spacex:8473667002,SpaceX,Supply Chain Planner (Starship),https://boards.greenhouse.io/spacex/jobs/8473667002?gh_jid=8473667002,2026-08-12,no,greenhouse
greenhouse:spacex:8696459002,SpaceX,"Supply Chain Planner, xAI (Starlink)",https://boards.greenhouse.io/spacex/jobs/8696459002?gh_jid=8696459002,2026-08-12,no,greenhouse
greenhouse:spacex:8647305002,SpaceX,"Supply Chain Planning Manager (Falcon, Dragon, & Starfall)",https://boards.greenhouse.io/spacex/jobs/8647305002?gh_jid=8647305002,2026-08-12,no,greenhouse
greenhouse:spacex:8649468002,SpaceX,Supply Chain Planning Manager (Launch Vehicle Electronic Systems),https://boards.greenhouse.io/spacex/jobs/8649468002?gh_jid=8649468002,2026-08-12,no,greenhouse
greenhouse:spacex:8399499002,SpaceX,Supply Chain Planning Manager (Raptor),https://boards.greenhouse.io/spacex/jobs/8399499002?gh_jid=8399499002,2026-08-12,no,greenhouse
greenhouse:spacex:8560881002,SpaceX,Supply Chain Planning Manager (Starship),https://boards.greenhouse.io/spacex/jobs/8560881002?gh_jid=8560881002,2026-08-12,no,greenhouse
greenhouse:spacex:8642186002,SpaceX,Supply Chain Systems Analyst (Launch) ,https://boards.greenhouse.io/spacex/jobs/8642186002?gh_jid=8642186002,2026-08-12,no,greenhouse
greenhouse:spacex:8514969002,SpaceX,Support Technician (Starship) - Temporary,https://boards.greenhouse.io/spacex/jobs/8514969002?gh_jid=8514969002,2026-08-12,no,greenhouse
greenhouse:spacex:8571923002,SpaceX,"Systems Analyst, Supply Chain (Starlink)",https://boards.greenhouse.io/spacex/jobs/8571923002?gh_jid=8571923002,2026-08-12,no,greenhouse
greenhouse:spacex:8631282002,SpaceX,Talent Sourcer - Temporary,https://boards.greenhouse.io/spacex/jobs/8631282002?gh_jid=8631282002,2026-08-12,no,greenhouse
greenhouse:spacex:8631299002,SpaceX,Talent Sourcer - Temporary,https://boards.greenhouse.io/spacex/jobs/8631299002?gh_jid=8631299002,2026-08-12,no,greenhouse
greenhouse:spacex:8631323002,SpaceX,Talent Sourcer - Temporary,https://boards.greenhouse.io/spacex/jobs/8631323002?gh_jid=8631323002,2026-08-12,no,greenhouse
greenhouse:spacex:8632303002,SpaceX,Talent Sourcer - Temporary ,https://boards.greenhouse.io/spacex/jobs/8632303002?gh_jid=8632303002,2026-08-12,no,greenhouse
greenhouse:spacex:8676530002,SpaceX,Talent Sourcer - Temporary ,https://boards.greenhouse.io/spacex/jobs/8676530002?gh_jid=8676530002,2026-08-12,no,greenhouse
greenhouse:spacex:8542170002,SpaceX,"Tax Analyst, International",https://boards.greenhouse.io/spacex/jobs/8542170002?gh_jid=8542170002,2026-08-12,no,greenhouse
greenhouse:spacex:8567029002,SpaceX,"Tax Manager, Credits & Incentives",https://boards.greenhouse.io/spacex/jobs/8567029002?gh_jid=8567029002,2026-08-12,no,greenhouse
greenhouse:spacex:8649995002,SpaceX,Tax Technology Analyst,https://boards.greenhouse.io/spacex/jobs/8649995002?gh_jid=8649995002,2026-08-12,no,greenhouse
greenhouse:spacex:8548111002,SpaceX,"Technical Operations Engineer, Customer Success (Starlink)",https://boards.greenhouse.io/spacex/jobs/8548111002?gh_jid=8548111002,2026-08-12,no,greenhouse
greenhouse:spacex:8548119002,SpaceX,"Technical Operations Engineer, Customer Success (Starlink)",https://boards.greenhouse.io/spacex/jobs/8548119002?gh_jid=8548119002,2026-08-12,no,greenhouse
greenhouse:spacex:8521318002,SpaceX,Technical Recruiter,https://boards.greenhouse.io/spacex/jobs/8521318002?gh_jid=8521318002,2026-08-12,no,greenhouse
greenhouse:spacex:8639384002,SpaceX,Technical Recruiter,https://boards.greenhouse.io/spacex/jobs/8639384002?gh_jid=8639384002,2026-08-12,no,greenhouse
greenhouse:spacex:8694852002,SpaceX,Technical Recruiter (Bastrop),https://boards.greenhouse.io/spacex/jobs/8694852002?gh_jid=8694852002,2026-08-12,no,greenhouse
greenhouse:spacex:8675110002,SpaceX,Technical Recruiter (McGregor),https://boards.greenhouse.io/spacex/jobs/8675110002?gh_jid=8675110002,2026-08-12,no,greenhouse
greenhouse:spacex:8695154002,SpaceX,Technical Recruiter (Palo Alto),https://boards.greenhouse.io/spacex/jobs/8695154002?gh_jid=8695154002,2026-08-12,no,greenhouse
greenhouse:spacex:8694882002,SpaceX,Technical Recruiter (Redmond),https://boards.greenhouse.io/spacex/jobs/8694882002?gh_jid=8694882002,2026-08-12,no,greenhouse
greenhouse:spacex:8607020002,SpaceX,Technical Recruiter (Starbase),https://boards.greenhouse.io/spacex/jobs/8607020002?gh_jid=8607020002,2026-08-12,no,greenhouse
greenhouse:spacex:8399358002,SpaceX,Technical Sales Architect,https://boards.greenhouse.io/spacex/jobs/8399358002?gh_jid=8399358002,2026-08-12,no,greenhouse
greenhouse:spacex:8438476002,SpaceX,Technical Satellite Policy Analyst,https://boards.greenhouse.io/spacex/jobs/8438476002?gh_jid=8438476002,2026-08-12,no,greenhouse
greenhouse:spacex:8483005002,SpaceX,Technical Site Planning Manager,https://boards.greenhouse.io/spacex/jobs/8483005002?gh_jid=8483005002,2026-08-12,no,greenhouse
greenhouse:spacex:8605834002,SpaceX,"Technical Trainer, CNC Machining (Starship Components)",https://boards.greenhouse.io/spacex/jobs/8605834002?gh_jid=8605834002,2026-08-12,no,greenhouse
greenhouse:spacex:8661853002,SpaceX,Technical Training Specialist (Starlink),https://boards.greenhouse.io/spacex/jobs/8661853002?gh_jid=8661853002,2026-08-12,no,greenhouse
greenhouse:spacex:8600091002,SpaceX,Technical Writer (Starshield),https://boards.greenhouse.io/spacex/jobs/8600091002?gh_jid=8600091002,2026-08-12,no,greenhouse
greenhouse:spacex:8632953002,SpaceX,Telecommunications Engineer,https://boards.greenhouse.io/spacex/jobs/8632953002?gh_jid=8632953002,2026-08-12,no,greenhouse
greenhouse:spacex:8443019002,SpaceX,Telecommunications Engineer (BICSI RCDD Certified),https://boards.greenhouse.io/spacex/jobs/8443019002?gh_jid=8443019002,2026-08-12,no,greenhouse
greenhouse:spacex:8688026002,SpaceX,Telecommunications Specialist,https://boards.greenhouse.io/spacex/jobs/8688026002?gh_jid=8688026002,2026-08-12,no,greenhouse
greenhouse:spacex:8696597002,SpaceX,Telecommunications Technician,https://boards.greenhouse.io/spacex/jobs/8696597002?gh_jid=8696597002,2026-08-12,no,greenhouse
greenhouse:spacex:8582141002,SpaceX,"Test Engineer, Avionics (Starship)",https://boards.greenhouse.io/spacex/jobs/8582141002?gh_jid=8582141002,2026-08-12,no,greenhouse
greenhouse:spacex:8621451002,SpaceX,"Test Engineer, Battery Development",https://boards.greenhouse.io/spacex/jobs/8621451002?gh_jid=8621451002,2026-08-12,no,greenhouse
greenhouse:spacex:8492521002,SpaceX,Test Engineer (Dragon),https://boards.greenhouse.io/spacex/jobs/8492521002?gh_jid=8492521002,2026-08-12,no,greenhouse
greenhouse:spacex:8569580002,SpaceX,"Test Engineer - Electric Propulsion, Satellites (Starlink)",https://boards.greenhouse.io/spacex/jobs/8569580002?gh_jid=8569580002,2026-08-12,no,greenhouse
greenhouse:spacex:8594458002,SpaceX,Test Engineer (Falcon Test),https://boards.greenhouse.io/spacex/jobs/8594458002?gh_jid=8594458002,2026-08-12,no,greenhouse
greenhouse:spacex:8628878002,SpaceX,"Test Engineer, Oxygen",https://boards.greenhouse.io/spacex/jobs/8628878002?gh_jid=8628878002,2026-08-12,no,greenhouse
greenhouse:spacex:8592829002,SpaceX,"Test Engineer, Powertrain Components (Starship)",https://boards.greenhouse.io/spacex/jobs/8592829002?gh_jid=8592829002,2026-08-12,no,greenhouse
greenhouse:spacex:8423223002,SpaceX,"Test Engineer, Propulsion Components (Starship)",https://boards.greenhouse.io/spacex/jobs/8423223002?gh_jid=8423223002,2026-08-12,no,greenhouse
greenhouse:spacex:8627642002,SpaceX,Test Engineer (Starship),https://boards.greenhouse.io/spacex/jobs/8627642002?gh_jid=8627642002,2026-08-12,no,greenhouse
greenhouse:spacex:8477466002,SpaceX,Test Engineer (Starship Development),https://boards.greenhouse.io/spacex/jobs/8477466002?gh_jid=8477466002,2026-08-12,no,greenhouse
greenhouse:spacex:8616015002,SpaceX,Test Equipment Technician (Fabrication & Support),https://boards.greenhouse.io/spacex/jobs/8616015002?gh_jid=8616015002,2026-08-12,no,greenhouse
greenhouse:spacex:8473166002,SpaceX,"Test Specialist, Avionics (Starshield)",https://boards.greenhouse.io/spacex/jobs/8473166002?gh_jid=8473166002,2026-08-12,no,greenhouse
greenhouse:spacex:8537897002,SpaceX,"Test Specialist, Components (Starshield)",https://boards.greenhouse.io/spacex/jobs/8537897002?gh_jid=8537897002,2026-08-12,no,greenhouse
greenhouse:spacex:8639553002,SpaceX,"Test Specialist - Hardware in the Loop, Satellites (Starlink)",https://boards.greenhouse.io/spacex/jobs/8639553002?gh_jid=8639553002,2026-08-12,no,greenhouse
greenhouse:spacex:8638571002,SpaceX,Test Specialist - Multiple Shifts (Components),https://boards.greenhouse.io/spacex/jobs/8638571002?gh_jid=8638571002,2026-08-12,no,greenhouse
greenhouse:spacex:8579599002,SpaceX,Test Specialist (Starlink) - 2nd Shift,https://boards.greenhouse.io/spacex/jobs/8579599002?gh_jid=8579599002,2026-08-12,no,greenhouse
greenhouse:spacex:8477422002,SpaceX,Test Stand Design & Build Engineer (Structures/Fluid Systems),https://boards.greenhouse.io/spacex/jobs/8477422002?gh_jid=8477422002,2026-08-12,no,greenhouse
greenhouse:spacex:8533139002,SpaceX,Test Stand Maintenance Technician,https://boards.greenhouse.io/spacex/jobs/8533139002?gh_jid=8533139002,2026-08-12,no,greenhouse
greenhouse:spacex:8686122002,SpaceX,"Test Technician, Hardware-in-the-Loop (Starlink)",https://boards.greenhouse.io/spacex/jobs/8686122002?gh_jid=8686122002,2026-08-12,no,greenhouse
greenhouse:spacex:8593958002,SpaceX,"Test Technician, Silicon Assembly (Starlink)",https://boards.greenhouse.io/spacex/jobs/8593958002?gh_jid=8593958002,2026-08-12,no,greenhouse
greenhouse:spacex:8444958002,SpaceX,Test Technician (Starlink),https://boards.greenhouse.io/spacex/jobs/8444958002?gh_jid=8444958002,2026-08-12,no,greenhouse
greenhouse:spacex:8397245002,SpaceX,Test Technician (Starlink),https://boards.greenhouse.io/spacex/jobs/8397245002?gh_jid=8397245002,2026-08-12,no,greenhouse
greenhouse:spacex:8421673002,SpaceX,Thermal Control and Life Support Hardware Engineer (Crew Starship),https://boards.greenhouse.io/spacex/jobs/8421673002?gh_jid=8421673002,2026-08-12,no,greenhouse
greenhouse:spacex:8393771002,SpaceX,"Thermal Development Technician, Robotic Welding (Starship) - Level 4/5",https://boards.greenhouse.io/spacex/jobs/8393771002?gh_jid=8393771002,2026-08-12,no,greenhouse
greenhouse:spacex:8377287002,SpaceX,Thermal Development Technician (Starship),https://boards.greenhouse.io/spacex/jobs/8377287002?gh_jid=8377287002,2026-08-12,no,greenhouse
greenhouse:spacex:8499098002,SpaceX,Thermal Development Technician (Starship),https://boards.greenhouse.io/spacex/jobs/8499098002?gh_jid=8499098002,2026-08-12,no,greenhouse
greenhouse:spacex:8417603002,SpaceX,Thermal Development Technician (Starship),https://boards.greenhouse.io/spacex/jobs/8417603002?gh_jid=8417603002,2026-08-12,no,greenhouse
greenhouse:spacex:8417386002,SpaceX,Thermal Development Technician (Starship) - Temporary,https://boards.greenhouse.io/spacex/jobs/8417386002?gh_jid=8417386002,2026-08-12,no,greenhouse
greenhouse:spacex:8665783002,SpaceX,"Thermal Engineer (Falcon, Dragon, & Starfall)",https://boards.greenhouse.io/spacex/jobs/8665783002?gh_jid=8665783002,2026-08-12,no,greenhouse
greenhouse:spacex:8559317002,SpaceX,"Thermal Engineer, Satellites (Starlink)",https://boards.greenhouse.io/spacex/jobs/8559317002?gh_jid=8559317002,2026-08-12,no,greenhouse
greenhouse:spacex:8530463002,SpaceX,Thermal Engineer (Starlink),https://boards.greenhouse.io/spacex/jobs/8530463002?gh_jid=8530463002,2026-08-12,no,greenhouse
greenhouse:spacex:8561572002,SpaceX,"Thermal Engineer, Thermal & Fluid Analysis (Starship)",https://boards.greenhouse.io/spacex/jobs/8561572002?gh_jid=8561572002,2026-08-12,no,greenhouse
greenhouse:spacex:8622390002,SpaceX,Thermal Hardware Engineer (Starship Heat Shield),https://boards.greenhouse.io/spacex/jobs/8622390002?gh_jid=8622390002,2026-08-12,no,greenhouse
greenhouse:spacex:8335230002,SpaceX,"Thermal Hardware Specialist, Casting & Leaching (Starship)",https://boards.greenhouse.io/spacex/jobs/8335230002?gh_jid=8335230002,2026-08-12,no,greenhouse
greenhouse:spacex:8613825002,SpaceX,"Thermal Mechanical Test Engineer, Silicon Packaging (Starlink) ",https://boards.greenhouse.io/spacex/jobs/8613825002?gh_jid=8613825002,2026-08-12,no,greenhouse
greenhouse:spacex:8569279002,SpaceX,"TIG Welder, Chamber and Nozzle (Raptor)",https://boards.greenhouse.io/spacex/jobs/8569279002?gh_jid=8569279002,2026-08-12,no,greenhouse
greenhouse:spacex:8621590002,SpaceX,"TIG Welder, Chamber and Nozzle (Raptor) - 2nd Shift ",https://boards.greenhouse.io/spacex/jobs/8621590002?gh_jid=8621590002,2026-08-12,no,greenhouse
greenhouse:spacex:8500921002,SpaceX,"TIG Welder, Heatshield (Starship)",https://boards.greenhouse.io/spacex/jobs/8500921002?gh_jid=8500921002,2026-08-12,no,greenhouse
greenhouse:spacex:8694175002,SpaceX,TIG Welder (Merlin),https://boards.greenhouse.io/spacex/jobs/8694175002?gh_jid=8694175002,2026-08-12,no,greenhouse
greenhouse:spacex:8392605002,SpaceX,TIG Welder (Starship),https://boards.greenhouse.io/spacex/jobs/8392605002?gh_jid=8392605002,2026-08-12,no,greenhouse
greenhouse:spacex:8565833002,SpaceX,TIG Welder (Starship),https://boards.greenhouse.io/spacex/jobs/8565833002?gh_jid=8565833002,2026-08-12,no,greenhouse
greenhouse:spacex:8639190002,SpaceX,TIG Welder (Starship) - 2nd Shift,https://boards.greenhouse.io/spacex/jobs/8639190002?gh_jid=8639190002,2026-08-12,no,greenhouse
greenhouse:spacex:8523833002,SpaceX,TIG Welder (Starship Components) - 2nd Shift,https://boards.greenhouse.io/spacex/jobs/8523833002?gh_jid=8523833002,2026-08-12,no,greenhouse
greenhouse:spacex:8676435002,SpaceX,TIG Welder (Starship) - Level 4/5,https://boards.greenhouse.io/spacex/jobs/8676435002?gh_jid=8676435002,2026-08-12,no,greenhouse
greenhouse:spacex:8621897002,SpaceX,Tool & Die Specialist - 2nd Shift,https://boards.greenhouse.io/spacex/jobs/8621897002?gh_jid=8621897002,2026-08-12,no,greenhouse
greenhouse:spacex:8609480002,SpaceX,Tool & Die Specialist - Level 4/5 (2nd Shift) ,https://boards.greenhouse.io/spacex/jobs/8609480002?gh_jid=8609480002,2026-08-12,no,greenhouse
greenhouse:spacex:8365425002,SpaceX,Tooling Design & Automation Engineer (Starlink),https://boards.greenhouse.io/spacex/jobs/8365425002?gh_jid=8365425002,2026-08-12,no,greenhouse
greenhouse:spacex:8657657002,SpaceX,"Toolmaker, R&D (Raptor)",https://boards.greenhouse.io/spacex/jobs/8657657002?gh_jid=8657657002,2026-08-12,no,greenhouse
greenhouse:spacex:8624547002,SpaceX,Trajectory Analysis Engineer (Starship),https://boards.greenhouse.io/spacex/jobs/8624547002?gh_jid=8624547002,2026-08-12,no,greenhouse
greenhouse:spacex:8602551002,SpaceX,Transport Technician,https://boards.greenhouse.io/spacex/jobs/8602551002?gh_jid=8602551002,2026-08-12,no,greenhouse
greenhouse:spacex:8687712002,SpaceX,Transport Technician - Level 4,https://boards.greenhouse.io/spacex/jobs/8687712002?gh_jid=8687712002,2026-08-12,no,greenhouse
greenhouse:spacex:8425867002,SpaceX,Treasury Analyst ,https://boards.greenhouse.io/spacex/jobs/8425867002?gh_jid=8425867002,2026-08-12,no,greenhouse
greenhouse:spacex:8555794002,SpaceX,"Treasury Manager, Investments",https://boards.greenhouse.io/spacex/jobs/8555794002?gh_jid=8555794002,2026-08-12,no,greenhouse
greenhouse:spacex:8545772002,SpaceX,Tube Bender (Starship),https://boards.greenhouse.io/spacex/jobs/8545772002?gh_jid=8545772002,2026-08-12,no,greenhouse
greenhouse:spacex:8572153002,SpaceX,Turbomachinery Engineer (Raptor),https://boards.greenhouse.io/spacex/jobs/8572153002?gh_jid=8572153002,2026-08-12,no,greenhouse
greenhouse:spacex:8598607002,SpaceX,Utility Operations Specialist - Level 4/5,https://boards.greenhouse.io/spacex/jobs/8598607002?gh_jid=8598607002,2026-08-12,no,greenhouse
greenhouse:spacex:8621890002,SpaceX,Video & Voice Administrator ,https://boards.greenhouse.io/spacex/jobs/8621890002?gh_jid=8621890002,2026-08-12,no,greenhouse
greenhouse:spacex:8697995002,SpaceX,Warehouse Associate (Starlink) ,https://boards.greenhouse.io/spacex/jobs/8697995002?gh_jid=8697995002,2026-08-12,no,greenhouse
greenhouse:spacex:8551485002,SpaceX,Wastewater Treatment Supervisor (Starlink),https://boards.greenhouse.io/spacex/jobs/8551485002?gh_jid=8551485002,2026-08-12,no,greenhouse
greenhouse:spacex:8550390002,SpaceX,"Water Treatment Engineer, Solar Cell Factory (Starlink)",https://boards.greenhouse.io/spacex/jobs/8550390002?gh_jid=8550390002,2026-08-12,no,greenhouse
greenhouse:spacex:8586076002,SpaceX,Water Treatment Engineer (Starlink),https://boards.greenhouse.io/spacex/jobs/8586076002?gh_jid=8586076002,2026-08-12,no,greenhouse
greenhouse:spacex:8508640002,SpaceX,"Water Treatment Specialist, UPW & Wastewater (Starlink)",https://boards.greenhouse.io/spacex/jobs/8508640002?gh_jid=8508640002,2026-08-12,no,greenhouse
greenhouse:spacex:8656099002,SpaceX,"Water Treatment Technician, UPW & Wastewater (Starlink)",https://boards.greenhouse.io/spacex/jobs/8656099002?gh_jid=8656099002,2026-08-12,no,greenhouse
greenhouse:spacex:8629030002,SpaceX,Welder,https://boards.greenhouse.io/spacex/jobs/8629030002?gh_jid=8629030002,2026-08-12,no,greenhouse
greenhouse:spacex:8647456002,SpaceX,Welder (Falcon Launch Pads),https://boards.greenhouse.io/spacex/jobs/8647456002?gh_jid=8647456002,2026-08-12,no,greenhouse
greenhouse:spacex:8623625002,SpaceX,"Welder, Starship Launch Pad",https://boards.greenhouse.io/spacex/jobs/8623625002?gh_jid=8623625002,2026-08-12,no,greenhouse
greenhouse:spacex:8694671002,SpaceX,Welder (Starship) – Temporary,https://boards.greenhouse.io/spacex/jobs/8694671002?gh_jid=8694671002,2026-08-12,no,greenhouse
greenhouse:spacex:8544608002,SpaceX,"Welding Automation Engineer, Chamber and Nozzle (Raptor) ",https://boards.greenhouse.io/spacex/jobs/8544608002?gh_jid=8544608002,2026-08-12,no,greenhouse
greenhouse:spacex:8563892002,SpaceX,Welding Build Engineer (Starship),https://boards.greenhouse.io/spacex/jobs/8563892002?gh_jid=8563892002,2026-08-12,no,greenhouse
greenhouse:spacex:8617003002,SpaceX,Welding Engineer,https://boards.greenhouse.io/spacex/jobs/8617003002?gh_jid=8617003002,2026-08-12,no,greenhouse
greenhouse:spacex:8498812002,SpaceX,Welding Inspector Specialist (Night Shift),https://boards.greenhouse.io/spacex/jobs/8498812002?gh_jid=8498812002,2026-08-12,no,greenhouse
greenhouse:spacex:8692387002,SpaceX,Welding Supervisor (Starship Mechanisms),https://boards.greenhouse.io/spacex/jobs/8692387002?gh_jid=8692387002,2026-08-12,no,greenhouse
greenhouse:spacex:8582736002,SpaceX,Welding Supervisor (Super Heavy Booster),https://boards.greenhouse.io/spacex/jobs/8582736002?gh_jid=8582736002,2026-08-12,no,greenhouse
greenhouse:spacex:8674753002,SpaceX,"Welding Technical Trainer, GTAW (Starship)",https://boards.greenhouse.io/spacex/jobs/8674753002?gh_jid=8674753002,2026-08-12,no,greenhouse
greenhouse:spacex:8516545002,SpaceX,Weld Support Technician,https://boards.greenhouse.io/spacex/jobs/8516545002?gh_jid=8516545002,2026-08-12,no,greenhouse
greenhouse:spacex:8632015002,SpaceX,"Wi-Fi Engineer, Hardware Reliability (Starlink)",https://boards.greenhouse.io/spacex/jobs/8632015002?gh_jid=8632015002,2026-08-12,no,greenhouse
greenhouse:spacex:8631298002,SpaceX,Wi-Fi Software Engineer (Starlink),https://boards.greenhouse.io/spacex/jobs/8631298002?gh_jid=8631298002,2026-08-12,no,greenhouse
greenhouse:spacex:8379209002,SpaceX,Wi-Fi Software Engineer (Starlink) ,https://boards.greenhouse.io/spacex/jobs/8379209002?gh_jid=8379209002,2026-08-12,no,greenhouse
greenhouse:spacex:8546722002,SpaceX,Wireless Firmware Engineer (Starlink Mobile),https://boards.greenhouse.io/spacex/jobs/8546722002?gh_jid=8546722002,2026-08-12,no,greenhouse
greenhouse:spacex:8546713002,SpaceX,Wireless Firmware Engineer (Starlink Mobile),https://boards.greenhouse.io/spacex/jobs/8546713002?gh_jid=8546713002,2026-08-12,no,greenhouse
greenhouse:spacex:8637814002,SpaceX,Wireless Software Engineer (Starlink),https://boards.greenhouse.io/spacex/jobs/8637814002?gh_jid=8637814002,2026-08-12,no,greenhouse
greenhouse:spacex:8637826002,SpaceX,Wireless Software Engineer (Starlink),https://boards.greenhouse.io/spacex/jobs/8637826002?gh_jid=8637826002,2026-08-12,no,greenhouse
greenhouse:spacex:8546717002,SpaceX,Wireless Systems Engineer (Starlink Mobile),https://boards.greenhouse.io/spacex/jobs/8546717002?gh_jid=8546717002,2026-08-12,no,greenhouse
greenhouse:spacex:8375300002,SpaceX,"Yield Engineer, RF Final Test Integration (Starlink/Akoustis)",https://boards.greenhouse.io/spacex/jobs/8375300002?gh_jid=8375300002,2026-08-12,no,greenhouse
workday:accenture:R00350621,Accenture,Applied AI Engineer (all genders),https://accenture.wd103.myworkdayjobs.com/job/Vienna/Applied-AI-Engineer--all-genders-_R00350621,2026-08-12,no,workday
workday:accenture:R00344612-1,Accenture,AI - Software Engineer,https://accenture.wd103.myworkdayjobs.com/job/Madrid-Castellana-85/AI-Native-Software-Engineer_R00344612-1,2026-08-12,no,workday
workday:accenture:R00345180-1,Accenture,Forward Deployed Engineer,https://accenture.wd103.myworkdayjobs.com/job/Madrid-Castellana-85/Forward-Deployed-Engineer-Specialist_R00345180-1,2026-08-12,no,workday
workday:accenture:R00350475,Accenture,Sales Excellence – Bid Management Manager,https://accenture.wd103.myworkdayjobs.com/job/Sydney-2-Market-Street/Sales-Excellence---Bid-Management-Manager_R00350475,2026-08-12,no,workday
workday:accenture:R00350368-1,Accenture,Process Excellence Consultant / Manager / Senior Manager,https://accenture.wd103.myworkdayjobs.com/job/New-York-One-Manhattan-West-Corp/Process-Excellence-Consultant---Manager---Senior-Manager_R00350368-1,2026-08-12,no,workday
workday:accenture:R00331057-1,Accenture,Analista de Gestão de Projetos Sênior,https://accenture.wd103.myworkdayjobs.com/job/Nova-Lima-Shopping-Alta-Vila/Analista-de-Gesto-de-Projetos-Snior_R00331057-1,2026-08-12,no,workday
workday:accenture:R00276997,Accenture,Accenture apuesta por la Diversidad (España),https://accenture.wd103.myworkdayjobs.com/job/Sevilla/Accenture-apuesta-por-la-Diversidad--Espaa-_R00276997,2026-08-12,no,workday
workday:accenture:R00338887,Accenture,Labor and Employment Counsel Associate Manager,https://accenture.wd103.myworkdayjobs.com/job/Sao-Paulo-Torre-Paineira/Labor-and-Employment-Counsel-Associate-Manager_R00338887,2026-08-12,no,workday
workday:accenture:R00253070,Accenture,Consultor(a) SAP Billing/FICA/WM/CRM (Utilities/CCS/ISU),https://accenture.wd103.myworkdayjobs.com/job/Recife-Armazem-9/Analistas-e-Consultores-SAP-Utilities---CCS-IS-U_R00253070,2026-08-12,no,workday
workday:accenture:R00349940,Accenture,HR Generalist Senior Analyst with French,https://accenture.wd103.myworkdayjobs.com/job/Bucharest-Westgate-Park---Bldg-H1/HR-Generalist-Senior-Analyst-with-French_R00349940,2026-08-12,no,workday
workday:accenture:R00348736,Accenture,Responsible AI Data and Monitoring Manager,https://accenture.wd103.myworkdayjobs.com/job/Warsaw/Responsible-AI-Data-and-Monitoring-Manager_R00348736,2026-08-12,no,workday
workday:accenture:R00350438,Accenture,Graphic Designer (She/He/They),https://accenture.wd103.myworkdayjobs.com/job/Warsaw/Graphic-Designer--She-He-They-_R00350438,2026-08-12,no,workday
workday:accenture:R00325439,Accenture,Software Engineer - Scotland,https://accenture.wd103.myworkdayjobs.com/job/Glasgow/Software-Engineer---Scotland_R00325439,2026-08-12,no,workday
workday:accenture:R00349313,Accenture,Regional Protective Services Manager ASEAN,https://accenture.wd103.myworkdayjobs.com/job/Bangkok/Regional-Protective-Services-Manager-ASEAN_R00349313,2026-08-12,no,workday
workday:accenture:R00349303,Accenture,Regional Protective Services Manager ASEAN,https://accenture.wd103.myworkdayjobs.com/job/Kuala-Lumpur-Exchange-106/Regional-Protective-Services-Manager-ASEAN_R00349303,2026-08-12,no,workday
workday:accenture:R00349288,Accenture,Employee Assistance Officer Manager  APAC,https://accenture.wd103.myworkdayjobs.com/job/Kuala-Lumpur-Exchange-106/Employee-Assistance-Officer-Manager--APAC_R00349288,2026-08-12,no,workday
workday:accenture:R00349294,Accenture,Employee Assistance Officer Manager  APAC,https://accenture.wd103.myworkdayjobs.com/job/Bangkok/Employee-Assistance-Officer-Manager--APAC_R00349294,2026-08-12,no,workday
workday:accenture:R00228785-100,Accenture,GN-I&E Comms and Media-BSS Consultant,https://accenture.wd103.myworkdayjobs.com/job/Bengaluru-BDC7C/GN-Comms---Media--Salesforce---Consultant_R00228785-100,2026-08-12,no,workday
workday:accenture:R00348774,Accenture,PMO Associate,https://accenture.wd103.myworkdayjobs.com/job/Ebene/PMO-Associate_R00348774,2026-08-12,no,workday
workday:accenture:R00338515,Accenture,Geographic Legal Counsel Sr Analyst with Czech/Slovak,https://accenture.wd103.myworkdayjobs.com/job/Prague/Geographic-Legal-Counsel-Sr-Analyst_R00338515,2026-08-12,no,workday
workday:accenture:,Accenture,,,2026-08-12,no,workday
workday:accenture:R00350319,Accenture,Payments Banking Consultant,https://accenture.wd103.myworkdayjobs.com/job/Dallas-5205-N-OConnor-Las-Colinas-Corp/Payments-Banking-Consultant_R00350319,2026-08-12,no,workday
workday:accenture:R00350355,Accenture,Especialista em Projetos de Transformação,https://accenture.wd103.myworkdayjobs.com/job/Nova-Lima-Shopping-Alta-Vila/Especialista-em-Projetos-de-Transformao_R00350355,2026-08-12,no,workday
workday:accenture:R00335657,Accenture,"Consultores SAP - FSCM, TRM e VIM",https://accenture.wd103.myworkdayjobs.com/job/Pernambuco---Recife/Consultores-SAP-CO-FSCM-TDF-TRM-Mastersaf-OneSource-Tax_R00335657,2026-08-12,no,workday
workday:accenture:R00253065,Accenture,Consultor(a) SAP FI/FICO,https://accenture.wd103.myworkdayjobs.com/job/Pernambuco---Recife/Analistas-e-Consultores-SAP-FI---CO---TRM---Mastersaf_R00253065,2026-08-12,no,workday
workday:accenture:R00253074,Accenture,Consultor(a) SAP BTP,https://accenture.wd103.myworkdayjobs.com/job/Pernambuco---Recife/Analistas-e-Consultores-SAP-BTP_R00253074,2026-08-12,no,workday
workday:accenture:R00338915-1,Accenture,Corporate Investigations Counsel Associate Manager,https://accenture.wd103.myworkdayjobs.com/job/Sao-Paulo-Torre-Paineira/Corporate-Investigations-Counsel-Associate-Manager_R00338915-1,2026-08-12,no,workday
workday:accenture:R00337451,Accenture,Pricing Support Specialist,https://accenture.wd103.myworkdayjobs.com/job/Buenos-Aires/Pricing-Support-Specialist_R00337451,2026-08-12,no,workday
workday:accenture:R00337445,Accenture,Pricing Support Associate Manager,https://accenture.wd103.myworkdayjobs.com/job/Buenos-Aires/Pricing-Support-Associate-Manager_R00337445,2026-08-12,no,workday
workday:accenture:R00347896,Accenture,Consultor(a) SAP ABAP,https://accenture.wd103.myworkdayjobs.com/job/Pernambuco---Recife/Consultor-a--SAP-ABAP_R00347896,2026-08-12,no,workday
workday:accenture:R00345935,Accenture,Operador de Service Desk - Espanhol Avançado,https://accenture.wd103.myworkdayjobs.com/job/Nova-Lima-Shopping-Alta-Vila/Operador-de-Service-Desk---Espanhol-Avanado_R00345935,2026-08-12,no,workday
workday:accenture:R00337660,Accenture,Finance Insights Advisor Senior Manager,https://accenture.wd103.myworkdayjobs.com/job/Buenos-Aires/Finance-Insights-Advisor_R00337660,2026-08-12,no,workday
workday:accenture:R00327849,Accenture,Global Talent - Change Management Consultant,https://accenture.wd103.myworkdayjobs.com/job/Cairo-CO55-Uvenues/Change-Management-Consultant-T-O_R00327849,2026-08-12,no,workday
workday:accenture:R00337418,Accenture,Analytics and Modeling Manager,https://accenture.wd103.myworkdayjobs.com/job/Buenos-Aires/Analytics-and-Modeling-Manager_R00337418,2026-08-12,no,workday
workday:accenture:R00327736-1,Accenture,Sales Development Rep Analyst | Espanhol,https://accenture.wd103.myworkdayjobs.com/job/So-Paulo---Barueri/Sales-Development-Rep-Analyst---Espanhol_R00327736-1,2026-08-12,no,workday
workday:accenture:R00348912,Accenture,Ethics and Compliance Counsel Confidentiality,https://accenture.wd103.myworkdayjobs.com/job/Warsaw/Ethics-and-Compliance-Counsel-Confidentiality_R00348912,2026-08-12,no,workday
workday:accenture:R00309717-1,Accenture,Payments Architect,https://accenture.wd103.myworkdayjobs.com/job/Stockholm/Payments-Architect_R00309717-1,2026-08-12,no,workday
workday:accenture:R00309693,Accenture,Banking Data Consultant,https://accenture.wd103.myworkdayjobs.com/job/Helsinki/Banking-data-consultant_R00309693,2026-08-12,no,workday
workday:accenture:R00309569,Accenture,AI Native Product Engineer & Orchestrator,https://accenture.wd103.myworkdayjobs.com/job/Madrid-Castellana-85/AI-Software-Native-Senior-Engineer_R00309569,2026-08-12,no,workday
workday:accenture:R00277514,Accenture,Banking Technology Consultant,https://accenture.wd103.myworkdayjobs.com/job/Helsinki/Banking-Technology-Consultant_R00277514,2026-08-12,no,workday
workday:lego:0000036779,LEGO,Events and Experience Manager LEGO® League,https://lego.wd103.myworkdayjobs.com/job/Billund/Events-and-Experience-Manager-LEGO--League_0000036779,2026-08-12,no,workday
workday:lego:0000037267,LEGO,"Retail Part Time Team Leader - Farmington, Utah",https://lego.wd103.myworkdayjobs.com/job/Retail-Store-Station-Park/Retail-Part-Time-Team-Leader---Farmington--Utah_0000037267,2026-08-12,no,workday
workday:lego:0000035150,LEGO,Global Insights Audience Centre of Excellence Manager ,https://lego.wd103.myworkdayjobs.com/job/Billund/Global-Insights-Audience-Centre-of-Excellence-Manager-_0000035150,2026-08-12,no,workday
workday:lego:0000037271-2,LEGO,Part Time Sales Associate (Brick Specialist),https://lego.wd103.myworkdayjobs.com/job/Retail-Store-Fashion-Valley/Part-Time-Sales-Associate--Brick-Specialist-_0000037271-2,2026-08-12,no,workday
workday:lego:0000037259,LEGO,Sales Associate - Retail - part time,https://lego.wd103.myworkdayjobs.com/job/Brussels/Sales-Associate---Retail---part-time_0000037259,2026-08-12,no,workday
workday:lego:0000037237,LEGO,Verkäufer (m/w/d) LEGO Store Stuttgart-Teilzeit,https://lego.wd103.myworkdayjobs.com/job/Stuttgart/Verkufer--m-w-d--LEGO-Store-Stuttgart-Teilzeit_0000037237,2026-08-12,no,workday
workday:lego:0000032275,LEGO,"Senior Manager, Digital Print",https://lego.wd103.myworkdayjobs.com/job/Billund-Project-House/Senior-Manager--Graphic-Print_0000032275,2026-08-12,no,workday
workday:lego:0000037191,LEGO,Part Time Brick Specialist,https://lego.wd103.myworkdayjobs.com/job/Retail-Store-Fashion-Show/Part-Time-Brick-Specialist_0000037191,2026-08-12,no,workday
workday:lego:0000035413,LEGO,"Senior Recruiter, Talent Acquisition",https://lego.wd103.myworkdayjobs.com/job/Nyregyhza/Senior-Recruiter--Talent-Acquisition_0000035413,2026-08-12,no,workday
workday:lego:0000037112,LEGO,"Retail Full Time Supervisor - Opry Mills, Nashville, TN",https://lego.wd103.myworkdayjobs.com/job/Retail-Store-Opry-Mills/Retail-Full-Time-Supervisor---Opry-Mills--Nashville--TN_0000037112,2026-08-12,no,workday
workday:lego:0000036383,LEGO,Processing Maintenance Technician 1,https://lego.wd103.myworkdayjobs.com/job/Monterrey/Processing-Maintenance-Technician-1_0000036383,2026-08-12,no,workday
workday:lego:0000034079,LEGO,"Flagship Senior Store Manager (m/w/d), LEGO Store München Zentrum",https://lego.wd103.myworkdayjobs.com/job/Bayern/Flagship-Senior-Store-Manager--m-w-d---LEGO-Store-Mnchen-Zentrum_0000034079,2026-08-12,no,workday
workday:lego:0000037015,LEGO,Sr. Store Manager- Disneyland Resorts,https://lego.wd103.myworkdayjobs.com/job/Flagship-Store-Disneyland-Resort/Sr-Store-Manager--Disneyland-Resorts_0000037015,2026-08-12,no,workday
workday:lego:0000034854,LEGO,Weihnachtsaushilfe (m/w/d) – LEGO Store Bonn (Teilzeit),https://lego.wd103.myworkdayjobs.com/job/Bonn/Sales-Associate_0000034854,2026-08-12,no,workday
workday:lego:0000036916,LEGO,Part Time Team Leader - Stores,https://lego.wd103.myworkdayjobs.com/job/Retail-Store-Roosevelt/Part-Time-Team-Leader---Stores_0000036916,2026-08-12,no,workday
workday:lego:0000036911,LEGO,Part Time Team Leader - Stores,https://lego.wd103.myworkdayjobs.com/job/Retail-Store-Roosevelt/Part-Time-Team-Leader---Stores_0000036911,2026-08-12,no,workday
workday:lego:0000036682,LEGO,Director of US Marketing  (LEGO Education),https://lego.wd103.myworkdayjobs.com/job/Boston-Hub/Director-of-US-Marketing---LEGO-Education-_0000036682,2026-08-12,no,workday
workday:lego:0000036505,LEGO,Senior Supplier Quality Engineer,https://lego.wd103.myworkdayjobs.com/job/Billund/Senior-Supplier-Quality-Engineer_0000036505,2026-08-12,no,workday
workday:lego:0000033527,LEGO,Assistant Store Manager(M/W/D)-LEGO Store Main-Taunus-Zentrum,https://lego.wd103.myworkdayjobs.com/job/Frankfurt-MTZ-Germany/Assistant-Store-Manager-M-W-D--LEGO-Store-Main-Taunus-Zentrum_0000033527,2026-08-12,no,workday
workday:lego:0000036577,LEGO,Demand Planner (m/w/d) fixed-term contract,https://lego.wd103.myworkdayjobs.com/job/Munich/Demand-Planner--m-w-d--fixed-term-contract_0000036577,2026-08-12,no,workday
workday:lego:0000035105,LEGO,Payroll Advisor / Mzdový/á účetní,https://lego.wd103.myworkdayjobs.com/job/Prague/Payroll-Advisor_0000035105,2026-08-12,no,workday
workday:lego:0000036618,LEGO,Kỹ Thuật Viên Chất Lượng Nhà Cung Cấp (Supplier Quality Technician),https://lego.wd103.myworkdayjobs.com/job/Tan-Uyen-Binh-Duong/K-Thut-Vin-Cht-Lng-Nh-Cung-Cp--Supplier-Quality-Technician-_0000036618,2026-08-12,no,workday
workday:lego:0000031899,LEGO,Verkäufer (m/w/d) - LEGO Store Oberhausen - Teilzeit,https://lego.wd103.myworkdayjobs.com/job/Retail-Store-Oberhausen/Verkufer--m-w-d----LEGO-Store-Oberhausen---Teilzeit_0000031899,2026-08-12,no,workday
workday:lego:0000035470-1,LEGO,Supervisor (m/w/d) – LEGO Store Oberhausen – Teilzeit,https://lego.wd103.myworkdayjobs.com/job/Retail-Store-Oberhausen/Supervisor--m-w-d----LEGO-Store-Oberhausen-Centro---Teilzeit_0000035470-1,2026-08-12,no,workday
workday:lego:0000035004,LEGO,Retail Store Supervisor,https://lego.wd103.myworkdayjobs.com/job/Brussels/Supervisor-30h_0000035004,2026-08-12,no,workday
workday:lego:0000036452,LEGO,Retail Sales Associate,https://lego.wd103.myworkdayjobs.com/job/Retail-Store-Town-Center/Retail-Sales-Associate_0000036452,2026-08-12,no,workday
workday:lego:0000035629,LEGO,Demand Planning Manager (m/f/d) - fixed-term contract,https://lego.wd103.myworkdayjobs.com/job/Munich/Demand-Planning-Manager--m-f-d----fixed-term-contract_0000035629,2026-08-12,no,workday
workday:lego:0000035257,LEGO,Head of Franchise - LEGO Art & LEGO Botanicals,https://lego.wd103.myworkdayjobs.com/job/Billund/Adult-Portfolio---Marketing-Senior-Director_0000035257,2026-08-12,no,workday
workday:lego:0000025994-1,LEGO,"Senior Engineer, RF",https://lego.wd103.myworkdayjobs.com/job/Boston-Hub/Senior-Engineer--RF_0000025994-1,2026-08-12,no,workday
workday:lego:0000035925,LEGO,Head of Franchise LEGO® CITY – Senior Director,https://lego.wd103.myworkdayjobs.com/job/Billund/Head-of-Franchise-LEGO--CITY---Senior-Director_0000035925,2026-08-12,no,workday
workday:lego:0000035905,LEGO,Sales Associate Leicester Square,https://lego.wd103.myworkdayjobs.com/job/Flagship-Store-Leicester-Square/Sales-Associate-Leicester-Square_0000035905,2026-08-12,no,workday
workday:lego:0000036063,LEGO,Verkäufer (m/w/d) LEGO Store Stuttgart-Teilzeit,https://lego.wd103.myworkdayjobs.com/job/Stuttgart/Verkufer--m-w-d--LEGO-Store-Stuttgart_0000036063,2026-08-12,no,workday
workday:lego:0000034919,LEGO,"Senior Director, B2B Design Experience",https://lego.wd103.myworkdayjobs.com/job/Copenhagen/Senior-Director--B2B-Design-Experience_0000034919,2026-08-12,no,workday
workday:lego:0000034992,LEGO,"Creative Manager, Visual Studio, Our LEGO Agency",https://lego.wd103.myworkdayjobs.com/job/Billund/Creative-Manager--Visual-Studio--Our-LEGO-Agency_0000034992,2026-08-12,no,workday
workday:lego:0000035329-5,LEGO,LBR Assistant Store Manager,https://lego.wd103.myworkdayjobs.com/job/Woodbridge/LBR-Assistant-Store-Manager_0000035329-5,2026-08-12,no,workday
workday:lego:0000034991-1,LEGO,Director Cost Engineering,https://lego.wd103.myworkdayjobs.com/job/Singapore/Director-Cost-Engineering_0000034991-1,2026-08-12,no,workday
workday:lego:0000032750,LEGO,"Licensing Manager Publishing, Licensing and Extended Line",https://lego.wd103.myworkdayjobs.com/job/Billund/Account-Manager-Publishing--Licensing-and-Extended-Line_0000032750,2026-08-12,no,workday
workday:lego:0000034166,LEGO,"General Manager, Hong Kong & Taiwan",https://lego.wd103.myworkdayjobs.com/job/Hong-Kong/General-Manager--Hong-Kong---Taiwan_0000034166,2026-08-12,no,workday
workday:lego:0000033833,LEGO,Seasonal Sales Associate (Brick Specialist),https://lego.wd103.myworkdayjobs.com/job/Retail-Store-Palisades-Ctr/Seasonal-Sales-Associate--Brick-Specialist-_0000033833,2026-08-12,no,workday
workday:lego:0000033001,LEGO,"Retail Store Team Leader (Part-Time) - Omaha, NE",https://lego.wd103.myworkdayjobs.com/job/Omaha/Retail-Store-Team-Leader--Part-Time----Omaha--NE_0000033001,2026-08-12,no,workday
workday:mango:JR139852-1,Mango,MULTIFUNCTIONAL SALES ASSOCIATE,https://mango.wd3.myworkdayjobs.com/job/Lyon-Auvergne-Rhne-Alpes-France/VENDEUR-EUSE-POLYVALENT-CDD-35H_JR139852-1,2026-08-12,no,workday
workday:mango:JR139854-1,Mango,MULTIFUNCTIONAL SALES ASSOCIATE,https://mango.wd3.myworkdayjobs.com/job/Lyon-Auvergne-Rhne-Alpes-France/VENDEUR-EUSE-POLYVALENT-CDI-35H_JR139854-1,2026-08-12,no,workday
workday:mango:JR139853,Mango,MULTIFUNCTIONAL SALES ASSOCIATE,https://mango.wd3.myworkdayjobs.com/job/Lyon-Auvergne-Rhne-Alpes-France/VENDEUR-EUSE-POLYVALENT-CDI-15H_JR139853,2026-08-12,no,workday
workday:mango:JR139880-1,Mango,MULTIFUNCTIONAL SALES ASSOCIATE,https://mango.wd3.myworkdayjobs.com/job/Serris-le-de-France-France/VENDEUR-EUSE-POLYVALENT-CDI-24H_JR139880-1,2026-08-12,no,workday
workday:mango:JR139902-1,Mango,VENDEUR/EUSE POLYVALENT CDI 24H,https://mango.wd3.myworkdayjobs.com/job/Thiais-le-de-France-France/VENDEUR-EUSE-POLYVALENT-CDI-24H_JR139902-1,2026-08-12,no,workday
workday:mango:JR139980-2,Mango,MULTIFUNCTIONAL SALES ASSOCIATE,https://mango.wd3.myworkdayjobs.com/job/Cannes-Provence-Alpes-Cte-dAzur-France/VENDEUR-EUSE-POLYVALENT-CDD-25H_JR139980-2,2026-08-12,no,workday
workday:mango:JR139885,Mango,SOCIAL IMPACT SPECIALIST – MATERNITY LEAVE COVER (TURKEY),https://mango.wd3.myworkdayjobs.com/job/ISTANBUL/SOCIAL-IMPACT-SPECIALIST---MATERNITY-LEAVE-COVER--TURKEY-_JR139885,2026-08-12,no,workday
workday:mango:JR139989-1,Mango,VISUAL MERCHANDISER (Vicenza - New Opening!),https://mango.wd3.myworkdayjobs.com/job/Vicenza-Italia/VISUAL-MERCHANDISER--Vicenza---New-Opening--_JR139989-1,2026-08-12,no,workday
workday:mango:JR139988-2,Mango,STORE MANAGER (Vicenza - New Opening!),https://mango.wd3.myworkdayjobs.com/job/Vicenza-Italia/STORE-MANAGER--Vicenza---New-Opening--_JR139988-2,2026-08-12,no,workday
workday:mango:JR139987,Mango,FLOOR MANAGER KIDS-MAN (Milano Cantore - New Opening!),https://mango.wd3.myworkdayjobs.com/job/Milan-Italy/FLOOR-MANAGER-KIDS-MAN--Milano-Cantore---New-Opening--_JR139987,2026-08-12,no,workday
workday:mango:JR139986-1,Mango,VISUAL MERCHANDISER (Milano Cantore - New Opening!),https://mango.wd3.myworkdayjobs.com/job/Milan-Italy/VISUAL-MERCHANDISER--Milano-Cantore---New-Opening--_JR139986-1,2026-08-12,no,workday
workday:mango:JR139985-1,Mango,ASSISTANT STORE MANAGER (Milano Cantore - New Opening!),https://mango.wd3.myworkdayjobs.com/job/Milan-Italy/ASSISTANT-STORE-MANAGER--Milano-Cantore---New-Opening--_JR139985-1,2026-08-12,no,workday
workday:mango:JR139984-1,Mango,STORE MANAGER (Milano Cantore - New Opening!),https://mango.wd3.myworkdayjobs.com/job/Milan-Italy/STORE-MANAGER--Milano-Cantore---New-Opening--_JR139984-1,2026-08-12,no,workday
workday:mango:JR139927-2,Mango,"MULTIFUNCTIONAL SALES ASSOCIATE (30 hours, Oxford St.)",https://mango.wd3.myworkdayjobs.com/job/London-England-United-Kingdom/MULTIFUNCTIONAL-SALES-ASSOCIATE--30-hours--Oxford-St-_JR139927-2,2026-08-12,no,workday
workday:mango:JR139859-1,Mango,STOCK ASSISTANT,https://mango.wd3.myworkdayjobs.com/job/London-England-United-Kingdom/STOCK-ASSISTANT_JR139859-1,2026-08-12,no,workday
workday:mango:JR139114-1,Mango,"MULTIFUNCTIONAL SALES ASSOCIATE (8 Hours, Fix Term, Aberdeen)",https://mango.wd3.myworkdayjobs.com/job/Aberdeen-Aberdeen-City-Scotland-United-Kingdom/MULTIFUNCTIONAL-SALES-ASSOCIATE--8-Hours--Fix-Term--Aberdeen-_JR139114-1,2026-08-12,no,workday
workday:mango:JR139981-1,Mango,Verkäufer/in (m/w/d) in Teilzeit 10 Std./W. | Neueröffnung,https://mango.wd3.myworkdayjobs.com/job/Klagenfurt-am-Woerthersee-Kcrnten-Austria/Verkufer-in--m-w-d--in-Teilzeit-10-Std-W---Neuerffnung_JR139981-1,2026-08-12,no,workday
workday:mango:JR139979,Mango,STORE MANAGER,https://mango.wd3.myworkdayjobs.com/job/Koszalin-Zachodniopomorskie-Poland/STORE-MANAGER_JR139979,2026-08-12,no,workday
workday:mango:JR139978,Mango,VISUAL MERCHANDISER,https://mango.wd3.myworkdayjobs.com/job/Koszalin-Zachodniopomorskie-Poland/VISUAL-MERCHANDISER_JR139978,2026-08-12,no,workday
workday:mango:JR139724,Mango,VENDEDOR/A - MADRID PRECIADOS,https://mango.wd3.myworkdayjobs.com/job/Madrid-Community-of-Madrid-Spain/VENDEDOR-A---MADRID-PRECIADOS_JR139724,2026-08-12,no,workday
workday:mango:JR139908-2,Mango,VENDEDOR/A - SEVILLA LAGOH,https://mango.wd3.myworkdayjobs.com/job/Seville-Andalusia-Spain/VENDEDOR-A---SEVILLA-LAGOH_JR139908-2,2026-08-12,no,workday
workday:mango:JR139957,Mango,SALES ASSISTANT,https://mango.wd3.myworkdayjobs.com/job/Logroo-Autonoma-de-La-Rioja-Spain/VENDEDOR-A---20H-LOGROO-BERCEO_JR139957,2026-08-12,no,workday
workday:mango:JR139914-1,Mango,SALES ASSISTANT,https://mango.wd3.myworkdayjobs.com/job/Seville-Andalusia-Spain/VENDEDOR-A---SEVILLA-O-DONELL_JR139914-1,2026-08-12,no,workday
workday:mango:JR139917-1,Mango,SALES ASSISTANT,https://mango.wd3.myworkdayjobs.com/job/Seville-Andalusia-Spain/VENDEDOR-A---SEVILLA-O-DONELL_JR139917-1,2026-08-12,no,workday
workday:mango:JR139973-1,Mango,VENDEDOR/A - MADRID ORENSE,https://mango.wd3.myworkdayjobs.com/job/Madrid-Community-of-Madrid-Spain/VENDEDOR-A---MADRID-ORENSE_JR139973-1,2026-08-12,no,workday
workday:mango:JR139972-1,Mango,Verkäufer/in (m/w/d) in Teilzeit 20 Std./W. | Neueröffnung,https://mango.wd3.myworkdayjobs.com/job/Klagenfurt-am-Woerthersee-Kcrnten-Austria/Verkufer-in--m-w-d--in-Teilzeit-20-Std-W---Neuerffnung_JR139972-1,2026-08-12,no,workday
workday:mango:JR139971-1,Mango,Verkäufer/in (m/w/d) in Teilzeit 20 Std./W.,https://mango.wd3.myworkdayjobs.com/job/Germany-Bayern-Nrnberg/Verkufer-in--m-w-d--in-Teilzeit-20-Std-W_JR139971-1,2026-08-12,no,workday
workday:mango:JR139970-1,Mango,Verkäufer/in (m/w/d) in Teilzeit 30 Std./W. | Neueröffnung,https://mango.wd3.myworkdayjobs.com/job/Klagenfurt-am-Woerthersee-Kcrnten-Austria/Verkufer-in--m-w-d--in-Teilzeit-30-Std-W---Neuerffnung_JR139970-1,2026-08-12,no,workday
workday:mango:JR139919-1,Mango,SALES ASSISTANT,https://mango.wd3.myworkdayjobs.com/job/Palma-Balearic-Islands-Spain/VENDEDOR-A---25H-PALMA-MALLORCA_JR139919-1,2026-08-12,no,workday
workday:mango:JR139932-1,Mango,MULTIFUNCTIONAL SALES ASSOCIATE (16 hours- Buchanan Galleries- TEEN),https://mango.wd3.myworkdayjobs.com/job/Glasgow-City-Glasgow-UK/MULTIFUNCTIONAL-SALES-ASSOCIATE--16-hours--Buchanan-Galleries--TEEN-_JR139932-1,2026-08-12,no,workday
workday:mango:JR139817-1,Mango,MULTIFUNCTIONAL SALES ASSOCIATE (32 hours- Silverburn),https://mango.wd3.myworkdayjobs.com/job/Glasgow-County-of-Lanarkshire-Scotland-United-Kingdom/MULTIFUNCTIONAL-SALES-ASSOCIATE--32-hours--Silverburn-_JR139817-1,2026-08-12,no,workday
workday:mango:JR139891,Mango,"MULTIFUNCTIONAL SALES ASSOCIATE (20 hours, fixed term- Derby)",https://mango.wd3.myworkdayjobs.com/job/Derby-England-United-Kingdom/MULTIFUNCTIONAL-SALES-ASSOCIATE--20-hours--fixed-term--Derby-_JR139891,2026-08-12,no,workday
workday:mango:JR139846-1,Mango,"MULTIFUNCTIONAL SALES ASSOCIATE (20 hours, fixed term- Braehead SC)",https://mango.wd3.myworkdayjobs.com/job/Glasgow-Scotland-UK/MULTIFUNCTIONAL-SALES-ASSOCIATE--20-hours--fixed-term--Braehead-SC-_JR139846-1,2026-08-12,no,workday
workday:mango:JR139839-1,Mango,VISUAL MERCHANDISER (30 hours -Fort Kinnaird),https://mango.wd3.myworkdayjobs.com/job/Edinburgh-Midlothian-Scotland-United-Kingdom/VISUAL-MERCHANDISER--30-hours--Fort-Kinnaird-_JR139839-1,2026-08-12,no,workday
workday:mango:JR137961,Mango,"STORE MANAGER (40 hours, Belfast)",https://mango.wd3.myworkdayjobs.com/job/Belfast-Belfast-United-Kingdom/STORE-MANAGER--40-hours--Belfast-_JR137961,2026-08-12,no,workday
workday:mango:JR139866-1,Mango,"MULTIFUNCTIONAL SALES ASSOCIATE (8 Hours- Fix Term, Birmingham Fort)",https://mango.wd3.myworkdayjobs.com/job/BIRMINGHAM-Fort-SC-WN/MULTIFUNCTIONAL-SALES-ASSOCIATE--8-Hours--Fix-Term--Birmingham-Fort-_JR139866-1,2026-08-12,no,workday
workday:mango:JR139818-1,Mango,CASHIER,https://mango.wd3.myworkdayjobs.com/job/Milan-Lombardy-Italy/SALES-ASSISTANT-CASSIERE--25-28h---Milano-Galleria-del-Corso-2-_JR139818-1,2026-08-12,no,workday
workday:mango:JR139948-1,Mango,VENDEDOR/A -16H TUDELA,https://mango.wd3.myworkdayjobs.com/job/Tudela-Chartered-Community-of-Navarre-Spain/VENDEDOR-A--16H-TUDELA_JR139948-1,2026-08-12,no,workday
workday:mango:JR139920-1,Mango,SALES ASSISTANT,https://mango.wd3.myworkdayjobs.com/job/Palma-Balearic-Islands-Spain/VENDEDOR-A---34H-PALMA-DE-MALLORCA_JR139920-1,2026-08-12,no,workday
workday:mango:JR139935-1,Mango,SALES ASSISTANT,https://mango.wd3.myworkdayjobs.com/job/Barcelona-Catalonia-Spain/VENDEDOR-A---18h-PSOMAN_JR139935-1,2026-08-12,no,workday
remotive:remotive:2091068,garden3d,Head of Marketing & Communications,https://remotive.com/remote-jobs/marketing/head-of-marketing-communications-2091068,2026-08-12,yes,remotive
linkedin:4e7fdade7ec5,Adobe,SEO Manager,https://www.linkedin.com/jobs/view/seo-manager-at-adobe-4397503994,2026-08-12,yes,linkedin
linkedin:172d3086b737,Harley-Davidson Motor Company,Lead Search Engine Optimization,https://www.linkedin.com/jobs/view/lead-search-engine-optimization-at-harley-davidson-motor-company-4440786617,2026-08-12,yes,linkedin
linkedin:375a3a72f718,SolarWinds,SEO Associate - Tools,https://www.linkedin.com/jobs/view/seo-associate-tools-at-solarwinds-4441407073,2026-08-12,yes,linkedin
linkedin:f96dec116929,"Dunham & Jones, Attorneys at Law, P.C.",Digital Manager of Organic Search & AI Optimization,https://www.linkedin.com/jobs/view/digital-manager-of-organic-search-ai-optimization-at-dunham-jones-attorneys-at-law-p-c-4451863136,2026-08-12,no,linkedin
linkedin:e35e86417199,DAZN,SEO Manager - North America,https://www.linkedin.com/jobs/view/seo-manager-north-america-at-dazn-4450221548,2026-08-12,yes,linkedin
linkedin:fa1ba7c737e2,Ovative Group,"Manager, SEO",https://www.linkedin.com/jobs/view/manager-seo-at-ovative-group-4432271739,2026-08-12,yes,linkedin
linkedin:0a566f22abcf,Ovative Group,"Manager, SEO",https://www.linkedin.com/jobs/view/manager-seo-at-ovative-group-4432265833,2026-08-12,yes,linkedin
linkedin:887261d6cc99,Dime Industries,Website and SEO Manager,https://www.linkedin.com/jobs/view/website-and-seo-manager-at-dime-industries-4451016115,2026-08-12,yes,linkedin
linkedin:c9567209a4a1,National Vision Inc.,SEO & GEO Manager of eCommerce,https://www.linkedin.com/jobs/view/seo-geo-manager-of-ecommerce-at-national-vision-inc-4446238365,2026-08-12,yes,linkedin
linkedin:06ced6d2e063,Adobe,Sr SEO Manager,https://www.linkedin.com/jobs/view/sr-seo-manager-at-adobe-4442900731,2026-08-12,yes,linkedin
linkedin:db3164e409e7,Cenvar Roofing & Solar,SEO & PPC Manager,https://www.linkedin.com/jobs/view/seo-ppc-manager-at-cenvar-roofing-solar-4449901178,2026-08-12,yes,linkedin
linkedin:c1d8a0bd4ac4,Ignite Visibility,"SEO Manager, Sr. (Evergreen)",https://www.linkedin.com/jobs/view/seo-manager-sr-evergreen-at-ignite-visibility-4450546540,2026-08-12,yes,linkedin
linkedin:0b9a803a05b6,The Planet Group,Search Engine Optimization Manager,https://www.linkedin.com/jobs/view/search-engine-optimization-manager-at-the-planet-group-4449314294,2026-08-12,yes,linkedin
linkedin:2b3aa4230467,Embrace Pet Insurance,Organic Search & Content Strategy Manager,https://www.linkedin.com/jobs/view/organic-search-content-strategy-manager-at-embrace-pet-insurance-4449054686,2026-08-12,no,linkedin
linkedin:72a6618a52d9,"Stanley Black & Decker, Inc.","Senior Manager, Global SEO & AEO",https://www.linkedin.com/jobs/view/senior-manager-global-seo-aeo-at-stanley-black-decker-inc-4450388391,2026-08-12,yes,linkedin
linkedin:7714a8e183f1,BetterHelp,International SEO/AEO Manager,https://www.linkedin.com/jobs/view/international-seo-aeo-manager-at-betterhelp-4442235117,2026-08-12,yes,linkedin
linkedin:fae8ed2a741a,Blacksmith Agency,SEO Specialist,https://www.linkedin.com/jobs/view/seo-specialist-at-blacksmith-agency-4450222113,2026-08-12,yes,linkedin
linkedin:29204d5a9fdb,Cisco,SEO / GEO Content Strategist,https://www.linkedin.com/jobs/view/seo-geo-content-strategist-at-cisco-4451501870,2026-08-12,yes,linkedin
linkedin:263f4035213e,Cisco,SEO / GEO Content Strategist,https://www.linkedin.com/jobs/view/seo-geo-content-strategist-at-cisco-4451517370,2026-08-12,yes,linkedin
linkedin:df91d9a362ec,Razorfish,SEO Supervisor,https://www.linkedin.com/jobs/view/seo-supervisor-at-razorfish-4441112152,2026-08-12,yes,linkedin
linkedin:362d621fb4a4,Achieve,Principal Growth Manager - SEO/AEO,https://www.linkedin.com/jobs/view/principal-growth-manager-seo-aeo-at-achieve-4447142666,2026-08-12,yes,linkedin
linkedin:a134f5e030a7,iCrossing,SEO Manager,https://www.linkedin.com/jobs/view/seo-manager-at-icrossing-4397313986,2026-08-12,yes,linkedin
linkedin:977aac0940d9,The Home Depot,"Manager, SEO/GEO Technology",https://www.linkedin.com/jobs/view/manager-seo-geo-technology-at-the-home-depot-4450924233,2026-08-12,yes,linkedin
linkedin:a3204ce3851d,The Economist,AI Optimisation Manager (SEO / GEO / AEO),https://www.linkedin.com/jobs/view/ai-optimisation-manager-seo-geo-aeo-at-the-economist-4450114111,2026-08-12,yes,linkedin
linkedin:b2d378e6bf0b,Fisher Investments,Search Engine Optimization Program Manager,https://www.linkedin.com/jobs/view/search-engine-optimization-program-manager-at-fisher-investments-4446634389,2026-08-12,yes,linkedin
linkedin:51c584f9666c,Fisher Investments,Search Engine Optimization Program Manager,https://www.linkedin.com/jobs/view/search-engine-optimization-program-manager-at-fisher-investments-4446651092,2026-08-12,yes,linkedin
linkedin:0dacc3830613,SolarWinds,Sr. Manager SEO - Observability,https://www.linkedin.com/jobs/view/sr-manager-seo-observability-at-solarwinds-4433598206,2026-08-12,yes,linkedin
linkedin:40b30dc1cb2b,Omnicom Media,"Manager, SEO",https://www.linkedin.com/jobs/view/manager-seo-at-omnicom-media-4453012126,2026-08-12,yes,linkedin
linkedin:e68ceaeececa,Smarsh,Generative AI & SEO Strategist,https://www.linkedin.com/jobs/view/generative-ai-seo-strategist-at-smarsh-4450291411,2026-08-12,yes,linkedin
linkedin:d12ce296691e,Risepoint,Search Engine Optimization Manager,https://www.linkedin.com/jobs/view/search-engine-optimization-manager-at-risepoint-4438760283,2026-08-12,yes,linkedin
linkedin:68633bd1237c,Drum Creative,SEO & AI Search Optimization Specialist,https://www.linkedin.com/jobs/view/seo-ai-search-optimization-specialist-at-drum-creative-4447538400,2026-08-12,yes,linkedin
linkedin:2f43cab95ce6,twoxfour,SEO Specialist,https://www.linkedin.com/jobs/view/seo-specialist-at-twoxfour-4451411882,2026-08-12,yes,linkedin
linkedin:81d819c965c2,Focus Financial Partners,Senior Content & SEO Marketing Manager,https://www.linkedin.com/jobs/view/senior-content-seo-marketing-manager-at-focus-financial-partners-4450777225,2026-08-12,yes,linkedin
linkedin:b0189b9186f8,Mouser Electronics,SEO Specialist III,https://www.linkedin.com/jobs/view/seo-specialist-iii-at-mouser-electronics-4431541189,2026-08-12,yes,linkedin
linkedin:11362464bddf,SurveyMonkey,Search Engine Optimization Manager,https://www.linkedin.com/jobs/view/search-engine-optimization-manager-at-surveymonkey-4441120602,2026-08-12,yes,linkedin
linkedin:3932795a5430,Culligan International,SEO/GEO & Content Strategist,https://www.linkedin.com/jobs/view/seo-geo-content-strategist-at-culligan-international-4450630833,2026-08-12,yes,linkedin
linkedin:7118a34e807f,Ascend Learning,SEO & AEO Manager,https://www.linkedin.com/jobs/view/seo-aeo-manager-at-ascend-learning-4433359078,2026-08-12,yes,linkedin
linkedin:41c41b0c0f27,Amazon Web Services (AWS),"Marketing Manager SEO, AWS Search Marketing",https://www.linkedin.com/jobs/view/marketing-manager-seo-aws-search-marketing-at-amazon-web-services-aws-4443024899,2026-08-12,yes,linkedin
linkedin:f93b4f940282,Ship&Play,"Senior Manager, Organic Growth",https://www.linkedin.com/jobs/view/senior-manager-organic-growth-at-ship-play-4451585271,2026-08-12,no,linkedin
linkedin:c28723f3de03,Lovingly,SEO Generalist,https://www.linkedin.com/jobs/view/seo-generalist-at-lovingly-4452434433,2026-08-12,yes,linkedin
linkedin:a342877096c1,Plante Moran,Search Optimization Strategist,https://www.linkedin.com/jobs/view/search-optimization-strategist-at-plante-moran-4450656234,2026-08-12,no,linkedin
linkedin:e6dda5f2ff89,Directive,SEO Strategist (Remote US) - Future Opening,https://www.linkedin.com/jobs/view/seo-strategist-remote-us-future-opening-at-directive-4414973310,2026-08-12,yes,linkedin
linkedin:f493d69c8ebf,Sphere Digital Recruitment Group,Search Engine Optimization Manager,https://www.linkedin.com/jobs/view/search-engine-optimization-manager-at-sphere-digital-recruitment-group-4449649481,2026-08-12,yes,linkedin
linkedin:ed6d96f23d2f,Omnicom Media,SEO Supervisor,https://www.linkedin.com/jobs/view/seo-supervisor-at-omnicom-media-4451463343,2026-08-12,yes,linkedin
linkedin:ef9cdf10747c,American Express,"Senior Manager, SEO and AEO Strategy",https://www.linkedin.com/jobs/view/senior-manager-seo-and-aeo-strategy-at-american-express-4449779402,2026-08-12,yes,linkedin
linkedin:e419a6a88d8f,"Akraya, Inc.",Senior SEO/AEO Manager : 26-02264,https://www.linkedin.com/jobs/view/senior-seo-aeo-manager-26-02264-at-akraya-inc-4449650833,2026-08-12,yes,linkedin
linkedin:6e14f56c05d0,Norvoc Bioscience,Search Engine Optimization Specialist,https://www.linkedin.com/jobs/view/search-engine-optimization-specialist-at-norvoc-bioscience-4449906906,2026-08-12,yes,linkedin
linkedin:f24bf7b63e75,Lee Health,Senior SEO Specialist,https://www.linkedin.com/jobs/view/senior-seo-specialist-at-lee-health-4448460371,2026-08-12,yes,linkedin
linkedin:f3e5d6fa94b9,Vylor,"Marketing Manager, AI and Search (SEO/SEM)",https://www.linkedin.com/jobs/view/marketing-manager-ai-and-search-seo-sem-at-vylor-4451474221,2026-08-12,yes,linkedin
linkedin:e060cecfaa1a,Brillio,Search Engine Optimization Manager,https://www.linkedin.com/jobs/view/search-engine-optimization-manager-at-brillio-4450642803,2026-08-12,yes,linkedin
linkedin:d6c82d3bccb8,Air Apps,Search Engine Optimization (SEO) Specialist,https://www.linkedin.com/jobs/view/search-engine-optimization-seo-specialist-at-air-apps-4452439562,2026-08-12,yes,linkedin
linkedin:8d5bbf552a0a,Silverback Strategies,SEO Manager,https://www.linkedin.com/jobs/view/seo-manager-at-silverback-strategies-4451550538,2026-08-12,yes,linkedin
linkedin:74fc8da84713,Evlo AI,SEO / SEM Specialist,https://www.linkedin.com/jobs/view/seo-sem-specialist-at-evlo-ai-4451910535,2026-08-12,yes,linkedin
linkedin:64007baf6c7d,"Platphorm, LLC",Organic Growth Marketing Manager,https://www.linkedin.com/jobs/view/organic-growth-marketing-manager-at-platphorm-llc-4449833018,2026-08-12,yes,linkedin
linkedin:43433ddb0ece,Amazon Web Services (AWS),"Marketing Manager SEO, AWS Search Marketing",https://www.linkedin.com/jobs/view/marketing-manager-seo-aws-search-marketing-at-amazon-web-services-aws-4443025928,2026-08-12,yes,linkedin
linkedin:bd7e6f725b12,Directive,SEO Strategist (Remote US) - Future Opening,https://www.linkedin.com/jobs/view/seo-strategist-remote-us-future-opening-at-directive-4433005128,2026-08-12,yes,linkedin
linkedin:786fdd4749eb,GR0,"Campaign Manager, SEO (Remote or local to Marina del Rey, CA)",https://www.linkedin.com/jobs/view/campaign-manager-seo-remote-or-local-to-marina-del-rey-ca-at-gr0-4414162547,2026-08-12,yes,linkedin
linkedin:aba8925d2d4b,Evlo AI,SEO / SEM Specialist,https://www.linkedin.com/jobs/view/seo-sem-specialist-at-evlo-ai-4451926364,2026-08-12,yes,linkedin
linkedin:5537eee76b11,"Hunter Douglas, Inc.","Senior Product Manager, Consumer Websites",https://www.linkedin.com/jobs/view/senior-product-manager-consumer-websites-at-hunter-douglas-inc-4324426358,2026-08-12,no,linkedin
linkedin:c94c93ea3af7,Sage,Content Lead,https://www.linkedin.com/jobs/view/content-lead-at-sage-4449809821,2026-08-12,yes,linkedin
linkedin:280c4e7b9891,Artsy,Content Marketing Manager,https://www.linkedin.com/jobs/view/content-marketing-manager-at-artsy-4450570513,2026-08-12,yes,linkedin
linkedin:49a3cfda2003,Evlo AI,Content Marketing Manager,https://www.linkedin.com/jobs/view/content-marketing-manager-at-evlo-ai-4451924376,2026-08-12,yes,linkedin
linkedin:10da7f1c1a8d,Viega LLC,Content Marketing Manager,https://www.linkedin.com/jobs/view/content-marketing-manager-at-viega-llc-4407964752,2026-08-12,yes,linkedin
linkedin:ad4c10d03b8e,Allied Maker,Content & Communications Manager,https://www.linkedin.com/jobs/view/content-communications-manager-at-allied-maker-4452686811,2026-08-12,no,linkedin
linkedin:c4057fe7cb82,Huel,Social Media & Content Manager,https://www.linkedin.com/jobs/view/social-media-content-manager-at-huel-4441653506,2026-08-12,yes,linkedin
linkedin:a3ed04f2d252,Cisco,Content Marketing Manager,https://www.linkedin.com/jobs/view/content-marketing-manager-at-cisco-4452694270,2026-08-12,yes,linkedin
linkedin:c0c3c9e2ecba,BairesDev,Brand Content Manager - Remote Work,https://www.linkedin.com/jobs/view/brand-content-manager-remote-work-at-bairesdev-4451176843,2026-08-12,yes,linkedin
linkedin:3982118ac971,QED Investors,Content Strategy Manager II,https://www.linkedin.com/jobs/view/content-strategy-manager-ii-at-qed-investors-4452356154,2026-08-12,no,linkedin
linkedin:4d7689687a31,TimelyCare,Content Marketing Manager,https://www.linkedin.com/jobs/view/content-marketing-manager-at-timelycare-4444755783,2026-08-12,yes,linkedin
linkedin:b73b88d03676,fonio.ai,Content Marketing Manager (US-market),https://www.linkedin.com/jobs/view/content-marketing-manager-us-market-at-fonio-ai-4432426336,2026-08-12,yes,linkedin
linkedin:9f4948b768d2,Weaver,Marketing Content Manager,https://www.linkedin.com/jobs/view/marketing-content-manager-at-weaver-4451961418,2026-08-12,yes,linkedin
linkedin:bfd477a5718c,"AvidXchange, Inc.",Content Strategy Manager II,https://www.linkedin.com/jobs/view/content-strategy-manager-ii-at-avidxchange-inc-4451932816,2026-08-12,no,linkedin
linkedin:ebd0b8cc4f36,BairesDev,Brand Content Manager - Remote Work,https://www.linkedin.com/jobs/view/brand-content-manager-remote-work-at-bairesdev-4451188707,2026-08-12,yes,linkedin
linkedin:bfb1de812c37,MillerKnoll,Content Marketing Manager,https://www.linkedin.com/jobs/view/content-marketing-manager-at-millerknoll-4441111115,2026-08-12,yes,linkedin
linkedin:c423a301f34a,"Benecard Services, LLC",Content Marketing Manager,https://www.linkedin.com/jobs/view/content-marketing-manager-at-benecard-services-llc-4449807773,2026-08-12,yes,linkedin
linkedin:6e10723c7f43,Stream,Senior Content Marketing Manager,https://www.linkedin.com/jobs/view/senior-content-marketing-manager-at-stream-4449102473,2026-08-12,yes,linkedin
linkedin:6ecacce9cf72,Orveon Global,Associate Manager Content and SEO,https://www.linkedin.com/jobs/view/associate-manager-content-and-seo-at-orveon-global-4431282756,2026-08-12,yes,linkedin
linkedin:326b329a4369,Brightline Trains,Web Content & Conversion Manager,https://www.linkedin.com/jobs/view/web-content-conversion-manager-at-brightline-trains-4416310145,2026-08-12,no,linkedin
linkedin:7c8503af3943,Taskrabbit,"Sr. Manager, Brand & Content",https://www.linkedin.com/jobs/view/sr-manager-brand-content-at-taskrabbit-4450744688,2026-08-12,no,linkedin
linkedin:141f92eeb8d6,Veeva Systems,Content Marketing - Manager / Senior Manager,https://www.linkedin.com/jobs/view/content-marketing-manager-senior-manager-at-veeva-systems-4405309344,2026-08-12,yes,linkedin
linkedin:34c2aaafd31f,Clarivate,Content Marketing Manager (Life Sciences & Healthcare),https://www.linkedin.com/jobs/view/content-marketing-manager-life-sciences-healthcare-at-clarivate-4441672910,2026-08-12,yes,linkedin
linkedin:ebf9462b0460,Bretton AI,Content Marketing Manager,https://www.linkedin.com/jobs/view/content-marketing-manager-at-bretton-ai-4443005972,2026-08-12,yes,linkedin
linkedin:b122b10bad8f,Weaver,Marketing Content Manager,https://www.linkedin.com/jobs/view/marketing-content-manager-at-weaver-4451968314,2026-08-12,yes,linkedin
linkedin:d2ef39e66a03,"DO Supply, LLC.",Content Manager,https://www.linkedin.com/jobs/view/content-manager-at-do-supply-llc-4449699101,2026-08-12,yes,linkedin
linkedin:c31a2cbd80a1,Amazon,"Content Marketing Manager, Whole Foods Market (WFM) Owned & Influencer",https://www.linkedin.com/jobs/view/content-marketing-manager-whole-foods-market-wfm-owned-influencer-at-amazon-4443026969,2026-08-12,yes,linkedin
linkedin:3d2f0038a88b,University of San Diego,Content Marketing Manager,https://www.linkedin.com/jobs/view/content-marketing-manager-at-university-of-san-diego-4451975798,2026-08-12,yes,linkedin
linkedin:451ecdd8425b,Complyance,Senior Content Manager,https://www.linkedin.com/jobs/view/senior-content-manager-at-complyance-4451655607,2026-08-12,yes,linkedin
linkedin:6fa9ae9c832f,Cultural Care Au Pair,Content Lead,https://www.linkedin.com/jobs/view/content-lead-at-cultural-care-au-pair-4442917831,2026-08-12,yes,linkedin
linkedin:41b7becb7667,Field Nation,Content and Editorial Manager,https://www.linkedin.com/jobs/view/content-and-editorial-manager-at-field-nation-4422141678,2026-08-12,no,linkedin
linkedin:e3165fc1bbe3,"Corporate Direct, Inc.",Content Marketing Manager,https://www.linkedin.com/jobs/view/content-marketing-manager-at-corporate-direct-inc-4449148020,2026-08-12,yes,linkedin
linkedin:664c30b75f0f,Cisco,Content Marketing Manager,https://www.linkedin.com/jobs/view/content-marketing-manager-at-cisco-4452683674,2026-08-12,yes,linkedin
linkedin:90af6aac5f59,RLDatix,GTM Content Marketing Manager,https://www.linkedin.com/jobs/view/gtm-content-marketing-manager-at-rldatix-4440451766,2026-08-12,yes,linkedin
linkedin:07a9fb24939f,Pindrop,Content and Brand Editorial Lead,https://www.linkedin.com/jobs/view/content-and-brand-editorial-lead-at-pindrop-4450901676,2026-08-12,no,linkedin
linkedin:f53a7515c91c,Taskrabbit,"Sr. Manager, Brand & Content",https://www.linkedin.com/jobs/view/sr-manager-brand-content-at-taskrabbit-4450751542,2026-08-12,no,linkedin
linkedin:3031ae3c7dd3,Veeva Systems,Content Marketing - Manager / Senior Manager,https://www.linkedin.com/jobs/view/content-marketing-manager-senior-manager-at-veeva-systems-4405316141,2026-08-12,yes,linkedin
linkedin:aa14a234296b,Omnicom Precision Marketing,Content Manager,https://www.linkedin.com/jobs/view/content-manager-at-omnicom-precision-marketing-4439859355,2026-08-12,yes,linkedin
linkedin:0f819b9cdf73,PepsiCo,Global Employer Brand Content Lead,https://www.linkedin.com/jobs/view/global-employer-brand-content-lead-at-pepsico-4449210291,2026-08-12,yes,linkedin
linkedin:9cc774df6793,Hightower Advisors,"Financial Services Content Manager, Marketing",https://www.linkedin.com/jobs/view/financial-services-content-manager-marketing-at-hightower-advisors-4450681807,2026-08-12,yes,linkedin
linkedin:129a756f9fdc,"Halo Dream, Inc.",Brand & Content Marketing Manager,https://www.linkedin.com/jobs/view/brand-content-marketing-manager-at-halo-dream-inc-4446909563,2026-08-12,yes,linkedin
linkedin:00b4a9af28fe,Tata Consultancy Services,Content Development Lead,https://www.linkedin.com/jobs/view/content-development-lead-at-tata-consultancy-services-4428961792,2026-08-12,no,linkedin
linkedin:d2343d3b7aff,Hilbert,Content Lead,https://www.linkedin.com/jobs/view/content-lead-at-hilbert-4448461189,2026-08-12,yes,linkedin
linkedin:b15b4ae888e4,Logical Media Group,Brand & Content Strategy Lead,https://www.linkedin.com/jobs/view/brand-content-strategy-lead-at-logical-media-group-4449485386,2026-08-12,no,linkedin
linkedin:159ab5aac582,Plexus Resource Solutions,Marketing Content Manager,https://www.linkedin.com/jobs/view/marketing-content-manager-at-plexus-resource-solutions-4437697161,2026-08-12,yes,linkedin
linkedin:4f326555afbb,Northern Trust,"Content Strategist, Marketing, Wealth Management",https://www.linkedin.com/jobs/view/content-strategist-marketing-wealth-management-at-northern-trust-4431896429,2026-08-12,yes,linkedin
linkedin:867c1f2680f8,aPriori Technologies,Content Marketing Lead,https://www.linkedin.com/jobs/view/content-marketing-lead-at-apriori-technologies-4432395683,2026-08-12,yes,linkedin
linkedin:639c21396e8b,Legalist,Content Marketing Manager,https://www.linkedin.com/jobs/view/content-marketing-manager-at-legalist-4449914503,2026-08-12,yes,linkedin
linkedin:1bcb8acfd57f,Perry Weather,Senior Content Marketing Manager,https://www.linkedin.com/jobs/view/senior-content-marketing-manager-at-perry-weather-4442108657,2026-08-12,yes,linkedin
linkedin:4cf371dfc8f3,PepsiCo,Global Employer Brand Content Lead,https://www.linkedin.com/jobs/view/global-employer-brand-content-lead-at-pepsico-4449204597,2026-08-12,yes,linkedin
linkedin:d7501d84bd3f,L-Acoustics,Content Marketing Manager - The Art of Sound,https://www.linkedin.com/jobs/view/content-marketing-manager-the-art-of-sound-at-l-acoustics-4422972372,2026-08-12,yes,linkedin
linkedin:1752afd28fdf,UiPath,"Manager, Customer Advocacy & Editorial",https://www.linkedin.com/jobs/view/manager-customer-advocacy-editorial-at-uipath-4438705058,2026-08-12,no,linkedin
linkedin:10b8e51003c7,Accenture,Digital Marketing Strategy Specialist,https://www.linkedin.com/jobs/view/digital-marketing-strategy-specialist-at-accenture-4450023243,2026-08-12,yes,linkedin
linkedin:d2985c33a259,Target,Category Content Lead- Home,https://www.linkedin.com/jobs/view/category-content-lead-home-at-target-4449645297,2026-08-12,yes,linkedin
linkedin:47b85d31fb72,Starbucks,"senior manager, content strategy",https://www.linkedin.com/jobs/view/senior-manager-content-strategy-at-starbucks-4451910302,2026-08-12,no,linkedin
linkedin:01b9f190fd73,Ellis Porter - The Immigration Attorneys,Senior Brand and Content Marketing Manager,https://www.linkedin.com/jobs/view/senior-brand-and-content-marketing-manager-at-ellis-porter-the-immigration-attorneys-4441433070,2026-08-12,yes,linkedin
linkedin:04513a6c7398,Ocean Spray Cranberries,"Manager, Social Media Strategy & Content",https://www.linkedin.com/jobs/view/manager-social-media-strategy-content-at-ocean-spray-cranberries-4440821832,2026-08-12,no,linkedin
linkedin:d62e48cc3054,Children's Cancer Association | JoyRx,"Marketing Manager, New York",https://www.linkedin.com/jobs/view/marketing-manager-new-york-at-children-s-cancer-association-joyrx-4450007262,2026-08-12,yes,linkedin
linkedin:6a9a8c5fd86b,Thresh Consulting,Content & Editorial Lead,https://www.linkedin.com/jobs/view/content-editorial-lead-at-thresh-consulting-4451432800,2026-08-12,no,linkedin
linkedin:80a06306e101,Harmony Senior Services,Digital Marketing Manager,https://www.linkedin.com/jobs/view/digital-marketing-manager-at-harmony-senior-services-4449800177,2026-08-12,yes,linkedin
linkedin:661219f5ac87,MSB Resources,Digital Marketing Manager,https://www.linkedin.com/jobs/view/digital-marketing-manager-at-msb-resources-4444718119,2026-08-12,yes,linkedin
linkedin:ae7147468425,HireMinds,Digital Marketing Manager,https://www.linkedin.com/jobs/view/digital-marketing-manager-at-hireminds-4451690525,2026-08-12,yes,linkedin
linkedin:865dbd611a27,FreeRange Concepts,Digital Marketing Manager,https://www.linkedin.com/jobs/view/digital-marketing-manager-at-freerange-concepts-4451410002,2026-08-12,yes,linkedin
linkedin:66fa7661afd9,Four Seasons,Digital Marketing Manager,https://www.linkedin.com/jobs/view/digital-marketing-manager-at-four-seasons-4450792363,2026-08-12,yes,linkedin
linkedin:9f20afc482be,Yeo & Yeo CPAs & Advisors,Digital Marketing Lead,https://www.linkedin.com/jobs/view/digital-marketing-lead-at-yeo-yeo-cpas-advisors-4451904856,2026-08-12,yes,linkedin
linkedin:c3dd5127bef3,HomeTrust Bank,Digital Marketing Manager,https://www.linkedin.com/jobs/view/digital-marketing-manager-at-hometrust-bank-4451542191,2026-08-12,yes,linkedin
linkedin:9ea2fc7c3969,HomeTrust Bank,Digital Marketing Manager,https://www.linkedin.com/jobs/view/digital-marketing-manager-at-hometrust-bank-4449909823,2026-08-12,yes,linkedin
linkedin:62a43c4ccc74,Pariveda,Digital Marketing Manager,https://www.linkedin.com/jobs/view/digital-marketing-manager-at-pariveda-4439822955,2026-08-12,yes,linkedin
linkedin:8de4eeafd20d,Highgate,Digital Marketing Manager,https://www.linkedin.com/jobs/view/digital-marketing-manager-at-highgate-4449317296,2026-08-12,yes,linkedin
linkedin:ea4f34714442,Provisions Group,Marketing Manager,https://www.linkedin.com/jobs/view/marketing-manager-at-provisions-group-4427406399,2026-08-12,yes,linkedin
linkedin:c34928223c90,HMP Global,Marketing Manager,https://www.linkedin.com/jobs/view/marketing-manager-at-hmp-global-4440086764,2026-08-12,yes,linkedin
linkedin:420e9c686819,Dr. Elsey's,Marketing Manager/Website Administrator,https://www.linkedin.com/jobs/view/marketing-manager-website-administrator-at-dr-elsey-s-4366882101,2026-08-12,yes,linkedin
linkedin:6c43a31ec70e,Aegis Ventures,Growth Marketing Manager,https://www.linkedin.com/jobs/view/growth-marketing-manager-at-aegis-ventures-4452339450,2026-08-12,yes,linkedin
linkedin:3150ea5382ea,Turner Pest Control,Marketing Manager,https://www.linkedin.com/jobs/view/marketing-manager-at-turner-pest-control-4451312782,2026-08-12,yes,linkedin
linkedin:52d8f519326c,Belay Diagnostics,Digital Marketing Manager,https://www.linkedin.com/jobs/view/digital-marketing-manager-at-belay-diagnostics-4450379461,2026-08-12,yes,linkedin
linkedin:faae3ee9aefd,Arbor Homes,Marketing Manager,https://www.linkedin.com/jobs/view/marketing-manager-at-arbor-homes-4405448716,2026-08-12,yes,linkedin
linkedin:ecbf92580ba1,Robert Half,Digital Marketing Manager,https://www.linkedin.com/jobs/view/digital-marketing-manager-at-robert-half-4451859444,2026-08-12,yes,linkedin
linkedin:f8140dc6280f,Cricut,Digital Marketing Manager – Full Funnel Video Advertising,https://www.linkedin.com/jobs/view/digital-marketing-manager-%E2%80%93-full-funnel-video-advertising-at-cricut-4438022579,2026-08-12,yes,linkedin
linkedin:c63386c0527f,AllSearch Recruiting,Marketing Manager,https://www.linkedin.com/jobs/view/marketing-manager-at-allsearch-recruiting-4449857951,2026-08-12,yes,linkedin
linkedin:6af206d0b614,Lifeworks Advisors,Digital Advertising Manager,https://www.linkedin.com/jobs/view/digital-advertising-manager-at-lifeworks-advisors-4448532333,2026-08-12,no,linkedin
linkedin:4b2b99428c01,Safelite,Performance Marketing Manager,https://www.linkedin.com/jobs/view/performance-marketing-manager-at-safelite-4448479432,2026-08-12,yes,linkedin
linkedin:a995c33c1228,Natural Factors,Digital Marketing Manager,https://www.linkedin.com/jobs/view/digital-marketing-manager-at-natural-factors-4449574756,2026-08-12,yes,linkedin
linkedin:4d56962eaf92,"Impact Networking, LLC",Digital Marketing Manager (Growth & Acquisition),https://www.linkedin.com/jobs/view/digital-marketing-manager-growth-acquisition-at-impact-networking-llc-4390288311,2026-08-12,yes,linkedin
linkedin:a6cfb83d74cc,"SBM Management Services, LP","Senior Manager, Digital Growth Marketing",https://www.linkedin.com/jobs/view/senior-manager-digital-growth-marketing-at-sbm-management-services-lp-4414725111,2026-08-12,yes,linkedin
linkedin:c94e72383658,"Impact Networking, LLC",Digital Marketing Manager (Growth & Acquisition),https://www.linkedin.com/jobs/view/digital-marketing-manager-growth-acquisition-at-impact-networking-llc-4390298052,2026-08-12,yes,linkedin
linkedin:28c14fd83a03,Procter & Gamble,"Commerce & Digital Growth Manager, P&G Pro North America",https://www.linkedin.com/jobs/view/commerce-digital-growth-manager-p-g-pro-north-america-at-procter-gamble-4438016607,2026-08-12,yes,linkedin
linkedin:b4020719fbf6,OrthoAtlanta,Digital Marketing Manager,https://www.linkedin.com/jobs/view/digital-marketing-manager-at-orthoatlanta-4393269647,2026-08-12,yes,linkedin
linkedin:bb3ea805561e,OpenEye,Digital Marketing Manager,https://www.linkedin.com/jobs/view/digital-marketing-manager-at-openeye-4451604615,2026-08-12,yes,linkedin
linkedin:73cf2ac9c5cc,CNH,Digital Marketing Manager,https://www.linkedin.com/jobs/view/digital-marketing-manager-at-cnh-4440966896,2026-08-12,yes,linkedin
linkedin:58e0829873ea,TN HomeBuyers,Marketing Manager,https://www.linkedin.com/jobs/view/marketing-manager-at-tn-homebuyers-4440983628,2026-08-12,yes,linkedin
linkedin:991fa1255007,Grit & Gravel,Marketing Manager (Senior Living),https://www.linkedin.com/jobs/view/marketing-manager-senior-living-at-grit-gravel-4451932703,2026-08-12,yes,linkedin
linkedin:bb90cf038b89,Five Star Bank,Growth Marketing Manager,https://www.linkedin.com/jobs/view/growth-marketing-manager-at-five-star-bank-4439971323,2026-08-12,yes,linkedin
linkedin:24de3431e4d8,NetCost Market,Digital Marketing Manager,https://www.linkedin.com/jobs/view/digital-marketing-manager-at-netcost-market-4448432922,2026-08-12,yes,linkedin
linkedin:583750b76ea8,"BBB, Minnesota & North Dakota",Marketing Manager,https://www.linkedin.com/jobs/view/marketing-manager-at-bbb-minnesota-north-dakota-4450353929,2026-08-12,yes,linkedin
linkedin:12802afc0396,Eclectic Herb,Growth Marketing Manager,https://www.linkedin.com/jobs/view/growth-marketing-manager-at-eclectic-herb-4450355777,2026-08-12,yes,linkedin
linkedin:cf4d93bb8050,"Blue & Co., LLC",Senior Marketing Manager or Marketing Manager – Healthcare,https://www.linkedin.com/jobs/view/senior-marketing-manager-or-marketing-manager-%E2%80%93-healthcare-at-blue-co-llc-4430645587,2026-08-12,yes,linkedin
linkedin:4b1ed481160c,"PracticeSuite, Inc.",Sr Digital Marketing Manager,https://www.linkedin.com/jobs/view/sr-digital-marketing-manager-at-practicesuite-inc-4452484055,2026-08-12,yes,linkedin
linkedin:39180e0c800e,University of Pennsylvania,Digital Communications & Web Manager,https://www.linkedin.com/jobs/view/digital-communications-web-manager-at-university-of-pennsylvania-4449913181,2026-08-12,no,linkedin
linkedin:984fcc537424,ConnectiveRx,"Manager, Digital Marketing",https://www.linkedin.com/jobs/view/manager-digital-marketing-at-connectiverx-4451972413,2026-08-12,yes,linkedin
linkedin:f3cf0f78f279,TalentWoo,Marketing Manager,https://www.linkedin.com/jobs/view/marketing-manager-at-talentwoo-4449309897,2026-08-12,yes,linkedin
linkedin:58eb7bd8db2f,Caring Transitions,Growth Marketing Manager,https://www.linkedin.com/jobs/view/growth-marketing-manager-at-caring-transitions-4449210412,2026-08-12,yes,linkedin
linkedin:93748d6cafda,The Fragrance Group,Digital Marketing Manager,https://www.linkedin.com/jobs/view/digital-marketing-manager-at-the-fragrance-group-4450772153,2026-08-12,yes,linkedin
linkedin:cb1677fc6d9a,SuperATV,Marketing Manager,https://www.linkedin.com/jobs/view/marketing-manager-at-superatv-4416598551,2026-08-12,yes,linkedin
linkedin:ba088af038aa,Huntington National Bank,Digital Strategy Manager: Chicago or Columbus,https://www.linkedin.com/jobs/view/digital-strategy-manager-chicago-or-columbus-at-huntington-national-bank-4432443451,2026-08-12,no,linkedin
linkedin:047e3ae626ff,Quickparts,Marketing Manager,https://www.linkedin.com/jobs/view/marketing-manager-at-quickparts-4448450970,2026-08-12,yes,linkedin
linkedin:1c8cfa9a3cf1,Ramsey Solutions,Growth Marketing Manager,https://www.linkedin.com/jobs/view/growth-marketing-manager-at-ramsey-solutions-4451387444,2026-08-12,yes,linkedin
linkedin:138fe9ed8a5f,Hilton,Marketing Manager - Signia by Hilton Indianapolis,https://www.linkedin.com/jobs/view/marketing-manager-signia-by-hilton-indianapolis-at-hilton-4433580491,2026-08-12,yes,linkedin
linkedin:7d69a32855a4,Contractor Growth Network,Marketing & Paid Media Strategist,https://www.linkedin.com/jobs/view/marketing-paid-media-strategist-at-contractor-growth-network-4450746146,2026-08-12,no,linkedin
linkedin:5e0dc769c0a6,RedStone Logistics,Marketing Manager,https://www.linkedin.com/jobs/view/marketing-manager-at-redstone-logistics-4451190681,2026-08-12,yes,linkedin
linkedin:0984945c746e,City Staffing,Digital Marketing Manager,https://www.linkedin.com/jobs/view/digital-marketing-manager-at-city-staffing-4451442307,2026-08-12,yes,linkedin
linkedin:3c141863a0bb,"Cosette Pharmaceuticals, Inc.",Digital Marketing Manager,https://www.linkedin.com/jobs/view/digital-marketing-manager-at-cosette-pharmaceuticals-inc-4449207688,2026-08-12,yes,linkedin
linkedin:b8f2bbbf1261,Speed Bay Warehouse Solutions,Marketing Manager,https://www.linkedin.com/jobs/view/marketing-manager-at-speed-bay-warehouse-solutions-4441745256,2026-08-12,yes,linkedin
linkedin:2636e802ba49,HealthspanMD Preventive Cardiology,Digital Marketing Manager,https://www.linkedin.com/jobs/view/digital-marketing-manager-at-healthspanmd-preventive-cardiology-4450369873,2026-08-12,yes,linkedin
linkedin:c2bd5dfd6781,Air Apps,Digital Marketing Manager,https://www.linkedin.com/jobs/view/digital-marketing-manager-at-air-apps-4452434637,2026-08-12,yes,linkedin
linkedin:1e44881d5ae4,Journey Group,Digital Marketing Specialist,https://www.linkedin.com/jobs/view/digital-marketing-specialist-at-journey-group-4442162943,2026-08-12,yes,linkedin
linkedin:da19e4891884,Park Square Homes,Digital Marketing Specialist,https://www.linkedin.com/jobs/view/digital-marketing-specialist-at-park-square-homes-4450658153,2026-08-12,yes,linkedin
linkedin:98a57dc38d59,Campus,Digital Media Manager,https://www.linkedin.com/jobs/view/digital-media-manager-at-campus-4452686681,2026-08-12,no,linkedin
linkedin:5dc805979804,Metaview,Growth Marketing Manager,https://www.linkedin.com/jobs/view/growth-marketing-manager-at-metaview-4441277741,2026-08-12,yes,linkedin
linkedin:33d39f5b5470,Metaview,Growth Marketing Manager: Self-Serve,https://www.linkedin.com/jobs/view/growth-marketing-manager-self-serve-at-metaview-4441291061,2026-08-12,yes,linkedin
linkedin:eef6fc1abf81,Avoca,Growth Manager,https://www.linkedin.com/jobs/view/growth-manager-at-avoca-4440108967,2026-08-12,yes,linkedin
linkedin:3969a2fb097e,CHG Healthcare,Growth Marketing Manager,https://www.linkedin.com/jobs/view/growth-marketing-manager-at-chg-healthcare-4452673756,2026-08-12,yes,linkedin
linkedin:59aa1020474a,Studycast,Growth Marketing Manager,https://www.linkedin.com/jobs/view/growth-marketing-manager-at-studycast-4424438298,2026-08-12,yes,linkedin
linkedin:019c83fd1516,ReachMobi,Growth Marketing Lead,https://www.linkedin.com/jobs/view/growth-marketing-lead-at-reachmobi-4398165510,2026-08-12,yes,linkedin
linkedin:3826aa991f5d,Fifth Dimension,"Founding Growth Lead, New York",https://www.linkedin.com/jobs/view/founding-growth-lead-new-york-at-fifth-dimension-4452363395,2026-08-12,no,linkedin
linkedin:6e39fdc1f770,Thatch,Growth Marketing Lead,https://www.linkedin.com/jobs/view/growth-marketing-lead-at-thatch-4449522457,2026-08-12,yes,linkedin
linkedin:ae0f450f41e3,Helios Intelligence,Founding Growth,https://www.linkedin.com/jobs/view/founding-growth-at-helios-intelligence-4449754346,2026-08-12,no,linkedin
linkedin:49807554b9d1,ButcherBox,Growth Marketing Manager,https://www.linkedin.com/jobs/view/growth-marketing-manager-at-butcherbox-4451419866,2026-08-12,yes,linkedin
linkedin:d974d9550668,MrScraper,Growth GTM,https://www.linkedin.com/jobs/view/growth-gtm-at-mrscraper-4452312156,2026-08-12,no,linkedin
linkedin:dc08c515d967,Candid Health,"Growth Marketing Manager, Enterprise",https://www.linkedin.com/jobs/view/growth-marketing-manager-enterprise-at-candid-health-4362445808,2026-08-12,yes,linkedin
linkedin:cf610a887a7e,Arketa,Growth Marketing Lead,https://www.linkedin.com/jobs/view/growth-marketing-lead-at-arketa-4418472294,2026-08-12,yes,linkedin
linkedin:e1071ec19b71,Freed,Demand Generation,https://www.linkedin.com/jobs/view/demand-generation-at-freed-4432435135,2026-08-12,no,linkedin
linkedin:95cfe2e66a7f,Genius AI,Growth Lead,https://www.linkedin.com/jobs/view/growth-lead-at-genius-ai-4452651230,2026-08-12,no,linkedin
linkedin:21be23bea43d,Elicit,Growth,https://www.linkedin.com/jobs/view/growth-at-elicit-4344670399,2026-08-12,no,linkedin
linkedin:47b69f61111d,Agentio,Growth Marketing Lead,https://www.linkedin.com/jobs/view/growth-marketing-lead-at-agentio-4393907999,2026-08-12,yes,linkedin
linkedin:3fcfc7f6303d,Wonderschool,"Growth Marketing Lead, Marketplace",https://www.linkedin.com/jobs/view/growth-marketing-lead-marketplace-at-wonderschool-4451898908,2026-08-12,yes,linkedin
linkedin:1b3eab3bbb9b,Vibes,Demand Generation Manager,https://www.linkedin.com/jobs/view/demand-generation-manager-at-vibes-4450365680,2026-08-12,no,linkedin
linkedin:417a45d98e95,Raydar,Demand Generation Manager,https://www.linkedin.com/jobs/view/demand-generation-manager-at-raydar-4450716474,2026-08-12,no,linkedin
linkedin:05a3a82eebc5,Silktide,Demand Generation Manager,https://www.linkedin.com/jobs/view/demand-generation-manager-at-silktide-4449969082,2026-08-12,no,linkedin
linkedin:01b2ae3c8186,Whipple Learning Cove,"Growth Marketing Lead, Marketplace San Francisco",https://www.linkedin.com/jobs/view/growth-marketing-lead-marketplace%0Asan-francisco-at-whipple-learning-cove-4451604583,2026-08-12,yes,linkedin
linkedin:33d4259259c5,"Havenly Brands (Havenly, Interior Define, Burrow, The Citizenry, The Inside, and St. Frank)","Senior Manager, Growth Marketing",https://www.linkedin.com/jobs/view/senior-manager-growth-marketing-at-havenly-brands-havenly-interior-define-burrow-the-citizenry-the-inside-and-st-frank-4451048826,2026-08-12,yes,linkedin
linkedin:3526ff9b89b7,Stepful,"Senior Manager, Growth Marketing",https://www.linkedin.com/jobs/view/senior-manager-growth-marketing-at-stepful-4442186574,2026-08-12,yes,linkedin
linkedin:4af4eceb5296,Netradyne,Senior Growth Marketing Manager,https://www.linkedin.com/jobs/view/senior-growth-marketing-manager-at-netradyne-4424271014,2026-08-12,yes,linkedin
linkedin:d2bd271ff6ec,Roblox,Senior Growth Marketing Manager,https://www.linkedin.com/jobs/view/senior-growth-marketing-manager-at-roblox-4424268671,2026-08-12,yes,linkedin
linkedin:c596344dbaea,Iris Finance,Head of Growth,https://www.linkedin.com/jobs/view/head-of-growth-at-iris-finance-4450654365,2026-08-12,no,linkedin
linkedin:74a31fb95bb3,IRL,Growth Lead,https://www.linkedin.com/jobs/view/growth-lead-at-irl-4449102973,2026-08-12,no,linkedin
linkedin:92a261ec3534,MaC Venture Capital,"Growth Marketing Lead, Marketplace",https://www.linkedin.com/jobs/view/growth-marketing-lead-marketplace-at-mac-venture-capital-4452491794,2026-08-12,yes,linkedin
linkedin:b551e7e5313e,Canary Technologies,Growth Marketing Manager,https://www.linkedin.com/jobs/view/growth-marketing-manager-at-canary-technologies-4433360150,2026-08-12,yes,linkedin
linkedin:75ac40d99d6a,Perplexity,Enterprise Product Growth Manager,https://www.linkedin.com/jobs/view/enterprise-product-growth-manager-at-perplexity-4440647361,2026-08-12,yes,linkedin
linkedin:911943a0b9d6,Axon,"Growth Marketing Manager, Enterprise",https://www.linkedin.com/jobs/view/growth-marketing-manager-enterprise-at-axon-4452057251,2026-08-12,yes,linkedin
linkedin:a057bf41a3d1,OpenGov Inc.,Growth Marketing Manager,https://www.linkedin.com/jobs/view/growth-marketing-manager-at-opengov-inc-4449315204,2026-08-12,yes,linkedin
linkedin:2965c4c2fdc1,Fivetran,Staff Web Growth Marketing Manager,https://www.linkedin.com/jobs/view/staff-web-growth-marketing-manager-at-fivetran-4441679012,2026-08-12,yes,linkedin
linkedin:1df90f89080d,Raspberry AI,Growth Marketing Engineer,https://www.linkedin.com/jobs/view/growth-marketing-engineer-at-raspberry-ai-4451879623,2026-08-12,yes,linkedin
linkedin:076158a93827,The Baltimore Sun,Digital Subscription Growth Manager,https://www.linkedin.com/jobs/view/digital-subscription-growth-manager-at-the-baltimore-sun-4423958802,2026-08-12,yes,linkedin
linkedin:51a64d34c977,Hatch,Growth Strategy Lead,https://www.linkedin.com/jobs/view/growth-strategy-lead-at-hatch-4431263698,2026-08-12,no,linkedin
linkedin:496dc1a7d873,Cricut,"Senior Marketing Manager, Growth",https://www.linkedin.com/jobs/view/senior-marketing-manager-growth-at-cricut-4438019171,2026-08-12,yes,linkedin
linkedin:27d1639766ff,Spavia,Local Growth Marketing Senior Manager,https://www.linkedin.com/jobs/view/local-growth-marketing-senior-manager-at-spavia-4448056119,2026-08-12,yes,linkedin
linkedin:9c341f2af7ce,SOSV HAX,"Marketing Manager, Form Now",https://www.linkedin.com/jobs/view/marketing-manager-form-now-at-sosv-hax-4452065931,2026-08-12,yes,linkedin
linkedin:60258564ce56,Sembi,Growth Marketing Manager,https://www.linkedin.com/jobs/view/growth-marketing-manager-at-sembi-4449591161,2026-08-12,yes,linkedin
linkedin:fa2dd51e8b23,Formlabs,"Marketing Manager, Form Now",https://www.linkedin.com/jobs/view/marketing-manager-form-now-at-formlabs-4451427023,2026-08-12,yes,linkedin
linkedin:1add14da2bcf,Robinhood,Lifecycle Marketing Manager,https://www.linkedin.com/jobs/view/lifecycle-marketing-manager-at-robinhood-4449877287,2026-08-12,yes,linkedin
linkedin:4bb0436213c3,"Pengate Handling Systems, Inc.",Digital Growth & Revenue Lead,https://www.linkedin.com/jobs/view/digital-growth-revenue-lead-at-pengate-handling-systems-inc-4451699266,2026-08-12,no,linkedin
linkedin:63ef22c46699,DT,Growth and Engagement Lead,https://www.linkedin.com/jobs/view/growth-and-engagement-lead-at-dt-4449150606,2026-08-12,no,linkedin
linkedin:077891af191b,HP,"Worldwide CSS Marketing – Performance Marketing Lead, Tanks",https://www.linkedin.com/jobs/view/worldwide-css-marketing-%E2%80%93-performance-marketing-lead-tanks-at-hp-4450646693,2026-08-12,yes,linkedin
linkedin:840281db0364,Aligned AI,GTM Lead,https://www.linkedin.com/jobs/view/gtm-lead-at-aligned-ai-4450386432,2026-08-12,no,linkedin
linkedin:0b117756d42a,Fivetran,Staff Web Growth Marketing Manager,https://www.linkedin.com/jobs/view/staff-web-growth-marketing-manager-at-fivetran-4441664746,2026-08-12,yes,linkedin
linkedin:53c734042f0c,Robert Half,Performance Marketing Manager,https://www.linkedin.com/jobs/view/performance-marketing-manager-at-robert-half-4451441094,2026-08-12,yes,linkedin
linkedin:25f25e4b364b,Airwallex,"Manager, Global Growth, Lifecycle",https://www.linkedin.com/jobs/view/manager-global-growth-lifecycle-at-airwallex-4396749702,2026-08-12,no,linkedin
linkedin:98572c702a1d,HHAeXchange,Demand Generation Marketing Manager,https://www.linkedin.com/jobs/view/demand-generation-marketing-manager-at-hhaexchange-4413045550,2026-08-12,yes,linkedin
linkedin:a95e21cc86b5,Highbrid Media,client growth manager,https://www.linkedin.com/jobs/view/client-growth%0Amanager-at-highbrid-media-4449652462,2026-08-12,yes,linkedin
linkedin:e3d6beb71024,Hearth,Growth Engineer,https://www.linkedin.com/jobs/view/growth-engineer-at-hearth-4449399375,2026-08-12,no,linkedin
linkedin:c42bf51126ba,GetWyz,Head of Growth Marketing,https://www.linkedin.com/jobs/view/head-of-growth-marketing-at-getwyz-4452484944,2026-08-12,yes,linkedin
linkedin:a3da9ad69d07,Dow Jones,Head of Programming & Content,https://www.linkedin.com/jobs/view/head-of-programming-content-at-dow-jones-4423000558,2026-08-12,no,linkedin
linkedin:f63e6666da5a,Adobe,"Group Content Strategy Manager, Adobe.com",https://www.linkedin.com/jobs/view/group-content-strategy-manager-adobe-com-at-adobe-4442231740,2026-08-12,no,linkedin
linkedin:b4787b2a1b46,DAZN,Chief Editor,https://www.linkedin.com/jobs/view/chief-editor-at-dazn-4451602184,2026-08-12,no,linkedin
linkedin:46062be2f7c8,Trulioo,Content & Narrative Lead,https://www.linkedin.com/jobs/view/content-narrative-lead-at-trulioo-4451482413,2026-08-12,no,linkedin
linkedin:6e1f2d181e50,Nooks,Head of Communications & Content,https://www.linkedin.com/jobs/view/head-of-communications-content-at-nooks-4439962706,2026-08-12,no,linkedin
linkedin:e8fe6f09433e,Nasdaq,"AVP, Head of Brand Content",https://www.linkedin.com/jobs/view/avp-head-of-brand-content-at-nasdaq-4413168086,2026-08-12,no,linkedin
linkedin:f5f654e40fb3,People Inc.,"Editorial Director, Hot Luck",https://www.linkedin.com/jobs/view/editorial-director-hot-luck-at-people-inc-4441946636,2026-08-12,no,linkedin
linkedin:5376a637cf23,MrBeast,Head of Programming,https://www.linkedin.com/jobs/view/head-of-programming-at-mrbeast-4443060309,2026-08-12,no,linkedin
linkedin:765051bcc60c,Novig,Head of Social,https://www.linkedin.com/jobs/view/head-of-social-at-novig-4450295097,2026-08-12,no,linkedin
linkedin:1cb4954871bb,MrBeast,Head of Programming,https://www.linkedin.com/jobs/view/head-of-programming-at-mrbeast-4443061248,2026-08-12,no,linkedin
linkedin:f25ccbd81331,Sesame,Creative Director,https://www.linkedin.com/jobs/view/creative-director-at-sesame-4440412620,2026-08-12,no,linkedin
linkedin:4f9c8f245e0d,"Method Recruiting, a 3x Inc. 5000 company",Head of Content Marketing,https://www.linkedin.com/jobs/view/head-of-content-marketing-at-method-recruiting-a-3x-inc-5000-company-4414256504,2026-08-12,yes,linkedin
linkedin:97f596cd8a25,Trulioo,Content & Narrative Lead,https://www.linkedin.com/jobs/view/content-narrative-lead-at-trulioo-4451497347,2026-08-12,no,linkedin
linkedin:c1d8979977a8,J. Jill,"Director, Copy",https://www.linkedin.com/jobs/view/director-copy-at-j-jill-4428785107,2026-08-12,no,linkedin
linkedin:3f3f886060a1,LinkedIn,"Creative Director, Copy",https://www.linkedin.com/jobs/view/creative-director-copy-at-linkedin-4450720833,2026-08-12,no,linkedin
linkedin:4ce47437dbf9,Valon,Narrative and Brand Lead (Staff/Director),https://www.linkedin.com/jobs/view/narrative-and-brand-lead-staff-director-at-valon-4366514667,2026-08-12,no,linkedin
linkedin:7d24a3d8d231,Matouk,Director of Content,https://www.linkedin.com/jobs/view/director-of-content-at-matouk-4437608460,2026-08-12,no,linkedin
linkedin:9107afc4e127,Sesame,Creative Director,https://www.linkedin.com/jobs/view/creative-director-at-sesame-4440412621,2026-08-12,no,linkedin
linkedin:60d602287f16,BNY,"Senior Vice President, Markets Content",https://www.linkedin.com/jobs/view/senior-vice-president-markets-content-at-bny-4414980463,2026-08-12,no,linkedin
linkedin:805c8aebd268,Walmart,"(USA) Senior Manager, Creative - Senior Copy Lead",https://www.linkedin.com/jobs/view/usa-senior-manager-creative-senior-copy-lead-at-walmart-4450048629,2026-08-12,no,linkedin
linkedin:5ae89c1cfc1a,JPMorganChase,Content Design Vice President - Global Mobility,https://www.linkedin.com/jobs/view/content-design-vice-president-global-mobility-at-jpmorganchase-4441489756,2026-08-12,no,linkedin
linkedin:b0d5f90dfebc,Temple Health – Temple University Health System,Director Editorial & Content,https://www.linkedin.com/jobs/view/director-editorial-content-at-temple-health-%E2%80%93-temple-university-health-system-4451008071,2026-08-12,no,linkedin
linkedin:fb24542b4690,Google,Head of AI Documentation,https://www.linkedin.com/jobs/view/head-of-ai-documentation-at-google-4440756002,2026-08-12,no,linkedin
linkedin:942f3ab18eec,Crossover,"Chief Content Officer, Sports Academy - $400,000/year USD",https://www.linkedin.com/jobs/view/chief-content-officer-sports-academy-%24400-000-year-usd-at-crossover-4452327296,2026-08-12,no,linkedin
linkedin:8587b9060e10,"Morgan, Lewis & Bockius LLP",Senior Digital Content Manager,https://www.linkedin.com/jobs/view/senior-digital-content-manager-at-morgan-lewis-bockius-llp-4452061151,2026-08-12,yes,linkedin
linkedin:80d84cd8b1f6,Samba,Director of Content Marketing,https://www.linkedin.com/jobs/view/director-of-content-marketing-at-samba-4367402116,2026-08-12,yes,linkedin
linkedin:2c10de9daaa7,Philo,Head of Social Media,https://www.linkedin.com/jobs/view/head-of-social-media-at-philo-4442029390,2026-08-12,no,linkedin
linkedin:e963b91adfd6,The Times,US Editor,https://www.linkedin.com/jobs/view/us-editor-at-the-times-4449601394,2026-08-12,no,linkedin
linkedin:9cce9463ab83,Peloton Interactive,"Senior Director, Content Creative Studio",https://www.linkedin.com/jobs/view/senior-director-content-creative-studio-at-peloton-interactive-4449856441,2026-08-12,no,linkedin
linkedin:6d10a93acfac,Google,Head of AI Documentation,https://www.linkedin.com/jobs/view/head-of-ai-documentation-at-google-4440736866,2026-08-12,no,linkedin
linkedin:4c4c7027284f,"Morgan, Lewis & Bockius LLP",Senior Digital Content Manager,https://www.linkedin.com/jobs/view/senior-digital-content-manager-at-morgan-lewis-bockius-llp-4452066066,2026-08-12,yes,linkedin
linkedin:eff550e3f3a3,Prudential Financial,"Vice President, Enterprise Content & Channels",https://www.linkedin.com/jobs/view/vice-president-enterprise-content-channels-at-prudential-financial-4441315681,2026-08-12,no,linkedin
linkedin:f9b373bd0d6b,L'Oréal,"Director, Corporate Brand Content & Media Partnerships",https://www.linkedin.com/jobs/view/director-corporate-brand-content-media-partnerships-at-l-or%C3%A9al-4451949582,2026-08-12,no,linkedin
linkedin:8b6bc9ef8391,Paramount,"Head of Video, The Free Press",https://www.linkedin.com/jobs/view/head-of-video-the-free-press-at-paramount-4441648473,2026-08-12,no,linkedin
linkedin:b35ceb0c9991,Northspyre,"Head of Brand, Real Estate Development",https://www.linkedin.com/jobs/view/head-of-brand-real-estate-development-at-northspyre-4413984823,2026-08-12,no,linkedin
linkedin:12d84c2660d0,Madewell,"Director, Content Strategy & Social",https://www.linkedin.com/jobs/view/director-content-strategy-social-at-madewell-4394971761,2026-08-12,no,linkedin
linkedin:1b40d5c9d896,L'Oréal,Director - Organic Social (PPD),https://www.linkedin.com/jobs/view/director-organic-social-ppd-at-l-or%C3%A9al-4450385239,2026-08-12,no,linkedin
linkedin:ef310ece8d2a,"RealTruck, Inc.",Associate Creative Director of Copy,https://www.linkedin.com/jobs/view/associate-creative-director-of-copy-at-realtruck-inc-4452622620,2026-08-12,no,linkedin
linkedin:5c54cb135621,Winston Taylor,"New York - Associate Director, Marketing and Content Strategy",https://www.linkedin.com/jobs/view/new-york-associate-director-marketing-and-content-strategy-at-winston-taylor-4440195765,2026-08-12,no,linkedin
linkedin:b96a14a0b86d,AirOps,Research & Thought Leadership Lead,https://www.linkedin.com/jobs/view/research-thought-leadership-lead-at-airops-4449213772,2026-08-12,no,linkedin
linkedin:679bbe9d9356,Jazz Pharmaceuticals,"Director, Content Development & Deployment Suite Lead",https://www.linkedin.com/jobs/view/director-content-development-deployment-suite-lead-at-jazz-pharmaceuticals-4438423555,2026-08-12,no,linkedin
linkedin:eeea7782eea8,David Yurman,"Senior Director, Brand Voice Identity",https://www.linkedin.com/jobs/view/senior-director-brand-voice-identity-at-david-yurman-4424904613,2026-08-12,no,linkedin
linkedin:c85a480cabb1,Harvey,Head of Customer Learning,https://www.linkedin.com/jobs/view/head-of-customer-learning-at-harvey-4450014341,2026-08-12,no,linkedin
linkedin:b2c009670808,GLG,"Vice President, Content and Events - Energy and Industrials",https://www.linkedin.com/jobs/view/vice-president-content-and-events-energy-and-industrials-at-glg-4320262855,2026-08-12,no,linkedin
linkedin:3e79505eadbe,Microsoft,"Director, Digital and Broadcast Content Strategy",https://www.linkedin.com/jobs/view/director-digital-and-broadcast-content-strategy-at-microsoft-4450255224,2026-08-12,no,linkedin
linkedin:b3e5106522c1,JPMorganChase,Executive Director of Corporate Websites,https://www.linkedin.com/jobs/view/executive-director-of-corporate-websites-at-jpmorganchase-4451021884,2026-08-12,no,linkedin
linkedin:7cceb5a6460f,SOPHiA GENETICS,Head of Brand & Storytelling,https://www.linkedin.com/jobs/view/head-of-brand-storytelling-at-sophia-genetics-4442153927,2026-08-12,no,linkedin
linkedin:013f3368abfe,Goodwin Recruiting,"VP, Audience Growth & Content Creation JN -082026-179714",https://www.linkedin.com/jobs/view/vp-audience-growth-content-creation-jn-082026-179714-at-goodwin-recruiting-4452376790,2026-08-12,no,linkedin
linkedin:7d22807318b8,Choice Hotels International,Senior Manager Content Editor,https://www.linkedin.com/jobs/view/senior-manager-content-editor-at-choice-hotels-international-4441265639,2026-08-12,no,linkedin
linkedin:50838bd39726,Bank of America,AI Content Strategist - Sr. Marketing Director,https://www.linkedin.com/jobs/view/ai-content-strategist-sr-marketing-director-at-bank-of-america-4449663456,2026-08-12,yes,linkedin
linkedin:5c7276b9537d,Ciena,Editorial Lead,https://www.linkedin.com/jobs/view/editorial-lead-at-ciena-4453016133,2026-08-12,no,linkedin
linkedin:c845a2b68eaf,VML,"Associate Director, Performance Content",https://www.linkedin.com/jobs/view/associate-director-performance-content-at-vml-4451842816,2026-08-12,no,linkedin
linkedin:1017c4725ce5,Playboy,"Director, Audience Strategy",https://www.linkedin.com/jobs/view/director-audience-strategy-at-playboy-4422499786,2026-08-12,no,linkedin
linkedin:532e8bce94b1,Asana,Head of SEO & AEO,https://www.linkedin.com/jobs/view/head-of-seo-aeo-at-asana-4452326362,2026-08-12,yes,linkedin
linkedin:d61fccaaa8da,ClickUp,SEO Director,https://www.linkedin.com/jobs/view/seo-director-at-clickup-4449325685,2026-08-12,yes,linkedin
linkedin:1fe22b7ad43c,Houzz,"Director, SEO & AEO",https://www.linkedin.com/jobs/view/director-seo-aeo-at-houzz-4439467350,2026-08-12,yes,linkedin
linkedin:e5e83bdeb342,CBS Sports,"VP, SEO & AI Discovery",https://www.linkedin.com/jobs/view/vp-seo-ai-discovery-at-cbs-sports-4443543497,2026-08-12,yes,linkedin
linkedin:73fc0289700f,Ahrefs,Head of Growth/Organic - Letaido,https://www.linkedin.com/jobs/view/head-of-growth-organic-letaido-at-ahrefs-4453054107,2026-08-12,no,linkedin
linkedin:082ceb9d7f00,Jellyfish,"Director, SEO/GEO",https://www.linkedin.com/jobs/view/director-seo-geo-at-jellyfish-4405470681,2026-08-12,yes,linkedin
linkedin:169fc9c2a327,Ahrefs,Head of Growth/Organic - Letaido,https://www.linkedin.com/jobs/view/head-of-growth-organic-letaido-at-ahrefs-4453064051,2026-08-12,no,linkedin
linkedin:d99b5056cf32,Covista,"Director, Enterprise SEO & AEO",https://www.linkedin.com/jobs/view/director-enterprise-seo-aeo-at-covista-4423659567,2026-08-12,yes,linkedin
linkedin:12e1ef38030d,Search Marketing Pros,SEO & GEO Director,https://www.linkedin.com/jobs/view/seo-geo-director-at-search-marketing-pros-4451442547,2026-08-12,yes,linkedin
linkedin:7edb039dc049,Covista,"Director, Enterprise SEO & AEO",https://www.linkedin.com/jobs/view/director-enterprise-seo-aeo-at-covista-4423652861,2026-08-12,yes,linkedin
linkedin:5fe984dd3af4,Sallie Mae,Director of Digital Performance & SEO,https://www.linkedin.com/jobs/view/director-of-digital-performance-seo-at-sallie-mae-4372234118,2026-08-12,yes,linkedin
linkedin:698cc094cb19,Skill,Director of SEO and AEO [SK-12042],https://www.linkedin.com/jobs/view/director-of-seo-and-aeo-sk-12042-at-skill-4450322157,2026-08-12,yes,linkedin
linkedin:cffebcb3f9e4,Starcom,"Vice President, Performance Content (SEO/GEO/AEO)",https://www.linkedin.com/jobs/view/vice-president-performance-content-seo-geo-aeo-at-starcom-4433243420,2026-08-12,yes,linkedin
linkedin:730dc2c44e36,JPMorganChase,"Vice President, AI/SEO Content Optimization Strategy",https://www.linkedin.com/jobs/view/vice-president-ai-seo-content-optimization-strategy-at-jpmorganchase-4434941373,2026-08-12,yes,linkedin
linkedin:a39ab3d44d1b,Golden Hippo®,"Director, Organic Growth & AI Visibility",https://www.linkedin.com/jobs/view/director-organic-growth-ai-visibility-at-golden-hippo%C2%AE-4415697880,2026-08-12,no,linkedin
linkedin:8c6f7a489a75,"Stanley Black & Decker, Inc.","Senior Manager, Global SEO & AEO",https://www.linkedin.com/jobs/view/senior-manager-global-seo-aeo-at-stanley-black-decker-inc-4450393264,2026-08-12,yes,linkedin
linkedin:6cd8713ffbf4,Graphite,Growth Director,https://www.linkedin.com/jobs/view/growth-director-at-graphite-4448795946,2026-08-12,no,linkedin
linkedin:effed7bb97a3,Brainlabs,"Managing Director, SEO",https://www.linkedin.com/jobs/view/managing-director-seo-at-brainlabs-4375015731,2026-08-12,yes,linkedin
linkedin:40bae0317172,Jobgether,SEO & Performance Content Lead,https://www.linkedin.com/jobs/view/seo-performance-content-lead-at-jobgether-4449123447,2026-08-12,yes,linkedin
linkedin:de8025633df8,Brady Corporation,"Sr. Director, Global Search & Discovery",https://www.linkedin.com/jobs/view/sr-director-global-search-discovery-at-brady-corporation-4449801700,2026-08-12,no,linkedin
linkedin:fd0d9736a36e,Horizon Media,"Director, Search Engine Optimization (Temp)",https://www.linkedin.com/jobs/view/director-search-engine-optimization-temp-at-horizon-media-4438000677,2026-08-12,yes,linkedin
linkedin:48bce971c694,NinjaTrader,"Director of Web, Marketing",https://www.linkedin.com/jobs/view/director-of-web-marketing-at-ninjatrader-4438225748,2026-08-12,no,linkedin
linkedin:9569c3ff4758,Smartsheet,"Senior Manager, Web Strategy",https://www.linkedin.com/jobs/view/senior-manager-web-strategy-at-smartsheet-4449766477,2026-08-12,no,linkedin
linkedin:90db331ab985,OuterBox,"Associate Director, SEO Specialists",https://www.linkedin.com/jobs/view/associate-director-seo-specialists-at-outerbox-4451928614,2026-08-12,yes,linkedin
linkedin:9de7a774acd6,ARB Interactive,"Sr. Manager, Organic Growth",https://www.linkedin.com/jobs/view/sr-manager-organic-growth-at-arb-interactive-4421521030,2026-08-12,no,linkedin
linkedin:9ec1e7495122,Confidential Jobs,SEO Lead (AI Search + Digital PR),https://www.linkedin.com/jobs/view/seo-lead-ai-search-%2B-digital-pr-at-confidential-jobs-4451921931,2026-08-12,yes,linkedin
linkedin:786b6437795a,Cisco,SEO / GEO Content Strategist,https://www.linkedin.com/jobs/view/seo-geo-content-strategist-at-cisco-4451514490,2026-08-12,yes,linkedin
linkedin:0e3f07229811,The Farmer's Dog,"Director, Growth",https://www.linkedin.com/jobs/view/director-growth-at-the-farmer-s-dog-4373399883,2026-08-12,no,linkedin
linkedin:1410f5e479a1,MongoDB,Answer Engine Optimization (AEO) Lead,https://www.linkedin.com/jobs/view/answer-engine-optimization-aeo-lead-at-mongodb-4441634486,2026-08-12,no,linkedin
linkedin:6c0c1f036633,Acrisure,"Sr. Director, Digital Experience & AI",https://www.linkedin.com/jobs/view/sr-director-digital-experience-ai-at-acrisure-4452491025,2026-08-12,no,linkedin
linkedin:43984a3b6b4c,SalaryGuide,"Associate Director, SEO Specialists",https://www.linkedin.com/jobs/view/associate-director-seo-specialists-at-salaryguide-4453082466,2026-08-12,yes,linkedin
linkedin:3c962073baff,Acrisure,"Sr. Director, Digital Experience & AI",https://www.linkedin.com/jobs/view/sr-director-digital-experience-ai-at-acrisure-4453032880,2026-08-12,no,linkedin
linkedin:c0e00a345fc0,elk Marketing,Senior SEO Strategist,https://www.linkedin.com/jobs/view/senior-seo-strategist-at-elk-marketing-4451932873,2026-08-12,yes,linkedin
linkedin:a1e2da69b985,Publicis Health Media,"SEO, Account Director",https://www.linkedin.com/jobs/view/seo-account-director-at-publicis-health-media-4430874537,2026-08-12,yes,linkedin
linkedin:66ab5fcaaed1,Blacksmith Agency,SEO (Search Engine Optimization) Manager (Remote US),https://www.linkedin.com/jobs/view/seo-search-engine-optimization-manager-remote-us-at-blacksmith-agency-4450675146,2026-08-12,yes,linkedin
linkedin:05bdbe90b35f,Plaid,Web Marketing Lead,https://www.linkedin.com/jobs/view/web-marketing-lead-at-plaid-4414294601,2026-08-12,yes,linkedin
linkedin:d1f166474d85,Legora,Marketing Operations Manager,https://www.linkedin.com/jobs/view/marketing-operations-manager-at-legora-4438418479,2026-08-12,yes,linkedin
linkedin:ad88ea097a4d,Cockroach Labs,Marketing Operations Manager,https://www.linkedin.com/jobs/view/marketing-operations-manager-at-cockroach-labs-4440257554,2026-08-12,yes,linkedin
linkedin:5f7f1006b56b,Basis,Marketing Operations Manager,https://www.linkedin.com/jobs/view/marketing-operations-manager-at-basis-4424457818,2026-08-12,yes,linkedin
linkedin:2267dbab4f8a,Navan,Senior Marketing Operations Manager,https://www.linkedin.com/jobs/view/senior-marketing-operations-manager-at-navan-4413594447,2026-08-12,yes,linkedin
linkedin:cb522ae25dc4,Wyllo,GTM Operations Manager,https://www.linkedin.com/jobs/view/gtm-operations-manager-at-wyllo-4452496890,2026-08-12,no,linkedin
linkedin:0baf6be5aacb,OX Security,Marketing Operations Manager,https://www.linkedin.com/jobs/view/marketing-operations-manager-at-ox-security-4451901378,2026-08-12,yes,linkedin
linkedin:baa761613d9b,SkinSpirit,Marketing Technology Operations Manager,https://www.linkedin.com/jobs/view/marketing-technology-operations-manager-at-skinspirit-4420135096,2026-08-12,no,linkedin
linkedin:4af3eb2e734f,Homebase,Senior Marketing Operations Manager (Hybrid),https://www.linkedin.com/jobs/view/senior-marketing-operations-manager-hybrid-at-homebase-4451352657,2026-08-12,yes,linkedin
linkedin:7dd30f159460,Nooks,Senior Marketing Ops Manager,https://www.linkedin.com/jobs/view/senior-marketing-ops-manager-at-nooks-4439957836,2026-08-12,no,linkedin
linkedin:289fd1c67384,Confidential Jobs,Marketing Operations Manager,https://www.linkedin.com/jobs/view/marketing-operations-manager-at-confidential-jobs-4450788240,2026-08-12,yes,linkedin
linkedin:92f56d2226c9,Zendesk,GTM Data & Automation Manager,https://www.linkedin.com/jobs/view/gtm-data-automation-manager-at-zendesk-4451961103,2026-08-12,no,linkedin
linkedin:e12870423c83,Salesforce,"Manager, Marketing Planning and Strategy",https://www.linkedin.com/jobs/view/manager-marketing-planning-and-strategy-at-salesforce-4433384217,2026-08-12,no,linkedin
linkedin:76403675c07b,NexHealth,Marketing Operations Lead,https://www.linkedin.com/jobs/view/marketing-operations-lead-at-nexhealth-4451879556,2026-08-12,yes,linkedin
linkedin:8cdedaccb1a1,Charta Health,Marketing Operations Manager,https://www.linkedin.com/jobs/view/marketing-operations-manager-at-charta-health-4450046752,2026-08-12,yes,linkedin
linkedin:2b277a36fccb,Reynolds American Inc.,Lead Manager Campaign Operations (Digital Marketing),https://www.linkedin.com/jobs/view/lead-manager-campaign-operations-digital-marketing-at-reynolds-american-inc-4441704792,2026-08-12,yes,linkedin
linkedin:72950aa0ee1c,Fanatics,"Senior Manager, Operations",https://www.linkedin.com/jobs/view/senior-manager-operations-at-fanatics-4443746177,2026-08-12,no,linkedin
linkedin:291540becdce,Fivetran,Senior Marketing Operations & Technology Manager,https://www.linkedin.com/jobs/view/senior-marketing-operations-technology-manager-at-fivetran-4423501932,2026-08-12,yes,linkedin
linkedin:f68ec60bbe34,Beth Israel Lahey Health,Marketing Operations Manager,https://www.linkedin.com/jobs/view/marketing-operations-manager-at-beth-israel-lahey-health-4452100359,2026-08-12,yes,linkedin
linkedin:6f42cae7b05b,TikTok,Marketing Strategy & Operations Manager - GIMC GBM,https://www.linkedin.com/jobs/view/marketing-strategy-operations-manager-gimc-gbm-at-tiktok-4451452330,2026-08-12,no,linkedin
linkedin:cdf2279eb122,Ulta Beauty,Media Operations Manager,https://www.linkedin.com/jobs/view/media-operations-manager-at-ulta-beauty-4450243178,2026-08-12,no,linkedin
linkedin:76c33007cabf,Sage Dental,Marketing Operations Manager,https://www.linkedin.com/jobs/view/marketing-operations-manager-at-sage-dental-4444191800,2026-08-12,yes,linkedin
linkedin:12ed102ce37c,Mapbox,Marketing Operations and Analytics Program Manager,https://www.linkedin.com/jobs/view/marketing-operations-and-analytics-program-manager-at-mapbox-4441605157,2026-08-12,yes,linkedin
linkedin:6cab136d66d1,SD;LC,Marketing Operations Manager,https://www.linkedin.com/jobs/view/marketing-operations-manager-at-sd-lc-4449862843,2026-08-12,yes,linkedin
linkedin:d143901d235e,Zendesk,GTM Data & Automation Manager,https://www.linkedin.com/jobs/view/gtm-data-automation-manager-at-zendesk-4451954746,2026-08-12,no,linkedin
linkedin:bd8d1304be2d,Monex Global,"Manager, Marketing Operations & Technology",https://www.linkedin.com/jobs/view/manager-marketing-operations-technology-at-monex-global-4449661015,2026-08-12,yes,linkedin
linkedin:466cbd9508ca,Enformion,Marketing Operations Manager,https://www.linkedin.com/jobs/view/marketing-operations-manager-at-enformion-4449910127,2026-08-12,yes,linkedin
linkedin:0d239dfe175a,Spotify,Marketing Technology Manager,https://www.linkedin.com/jobs/view/marketing-technology-manager-at-spotify-4442123161,2026-08-12,no,linkedin
linkedin:44bbe4451a20,Mapbox,Marketing Operations and Analytics Program Manager,https://www.linkedin.com/jobs/view/marketing-operations-and-analytics-program-manager-at-mapbox-4441489885,2026-08-12,yes,linkedin
linkedin:b4281fb77852,Cypress HCM,"Strategy, Planning and Operations Manager",https://www.linkedin.com/jobs/view/strategy-planning-and-operations-manager-at-cypress-hcm-4449762276,2026-08-12,no,linkedin
linkedin:c3cce67cf903,PartsSource Inc.,Marketing Operations & AI GTM Leader,https://www.linkedin.com/jobs/view/marketing-operations-ai-gtm-leader-at-partssource-inc-4432120301,2026-08-12,yes,linkedin
linkedin:16aaafbb434b,Fiserv,Workfront Administrator and Marketing Operations Manager,https://www.linkedin.com/jobs/view/workfront-administrator-and-marketing-operations-manager-at-fiserv-4451467074,2026-08-12,yes,linkedin
linkedin:7d7609cf4928,BambooHR,Sr. Marketing Operations Manager - Website,https://www.linkedin.com/jobs/view/sr-marketing-operations-manager-website-at-bamboohr-4452190308,2026-08-12,yes,linkedin
linkedin:7a388057c0ac,Box,Senior Marketing Operations Specilaist,https://www.linkedin.com/jobs/view/senior-marketing-operations-specilaist-at-box-4451836180,2026-08-12,yes,linkedin
linkedin:358f019871e0,Givens Communities,Marketing Operations Manager,https://www.linkedin.com/jobs/view/marketing-operations-manager-at-givens-communities-4448042305,2026-08-12,yes,linkedin
linkedin:0b1e78f83c39,Fivetran,Senior Marketing Operations & Technology Manager,https://www.linkedin.com/jobs/view/senior-marketing-operations-technology-manager-at-fivetran-4423513224,2026-08-12,yes,linkedin
linkedin:6c80a83b6674,Salesforce,"Manager, Marketing Planning and Strategy",https://www.linkedin.com/jobs/view/manager-marketing-planning-and-strategy-at-salesforce-4433374824,2026-08-12,no,linkedin
linkedin:dcdab51d01a5,H&R Block,Marketing Operations Manager,https://www.linkedin.com/jobs/view/marketing-operations-manager-at-h-r-block-4432153244,2026-08-12,yes,linkedin
linkedin:6451a5857a05,USAA,Marketing Manager Senior,https://www.linkedin.com/jobs/view/marketing-manager-senior-at-usaa-4452326724,2026-08-12,yes,linkedin
linkedin:3479a5c93021,Subway,"Senior Manager, Loyalty",https://www.linkedin.com/jobs/view/senior-manager-loyalty-at-subway-4448432578,2026-08-12,no,linkedin
linkedin:25ff05cae072,EōS Fitness,Manager of Marketing Technology,https://www.linkedin.com/jobs/view/manager-of-marketing-technology-at-e%C5%8Ds-fitness-4432298214,2026-08-12,no,linkedin
linkedin:0469a426577f,Edmentum,"Sr. Manager, Marketing Operations",https://www.linkedin.com/jobs/view/sr-manager-marketing-operations-at-edmentum-4432037053,2026-08-12,yes,linkedin
linkedin:e35b6e3a4ba9,Morning Consult,"Senior Analyst, Marketing Operations",https://www.linkedin.com/jobs/view/senior-analyst-marketing-operations-at-morning-consult-4451974738,2026-08-12,yes,linkedin
linkedin:55e64fc01783,"Gameday Couture, LLC",Senior Manager of Digital Lifecycle & Ecommerce Operations,https://www.linkedin.com/jobs/view/senior-manager-of-digital-lifecycle-ecommerce-operations-at-gameday-couture-llc-4449765092,2026-08-12,no,linkedin
linkedin:d1ef97d81b7e,Field Nation,Senior Marketing Operations Manager,https://www.linkedin.com/jobs/view/senior-marketing-operations-manager-at-field-nation-4452488655,2026-08-12,yes,linkedin
linkedin:8c8aaebe1c45,DoubleVerify,Sr. Marketing Programs & Operations Manager,https://www.linkedin.com/jobs/view/sr-marketing-programs-operations-manager-at-doubleverify-4414263562,2026-08-12,no,linkedin
linkedin:06d14fc095ab,PSECU,"Manager, Marketing Operations - Delivery & Planning",https://www.linkedin.com/jobs/view/manager-marketing-operations-delivery-planning-at-psecu-4440252442,2026-08-12,yes,linkedin
linkedin:2cb2ccfe789c,Box,Senior Marketing Operations Specilaist,https://www.linkedin.com/jobs/view/senior-marketing-operations-specilaist-at-box-4451832227,2026-08-12,yes,linkedin
linkedin:720b619d5a58,Experity,Senior Marketing Operations Strategist,https://www.linkedin.com/jobs/view/senior-marketing-operations-strategist-at-experity-4450665218,2026-08-12,yes,linkedin
linkedin:7193e66ca98c,Anthropic,Product Marketing Operations Manager,https://www.linkedin.com/jobs/view/product-marketing-operations-manager-at-anthropic-4452356578,2026-08-12,yes,linkedin
linkedin:e2ad8ba4cac8,Turn/River Capital,"Manager, AI Agent Operator - Marketing",https://www.linkedin.com/jobs/view/manager-ai-agent-operator-marketing-at-turn-river-capital-4405452536,2026-08-12,no,linkedin
linkedin:7a4b99cfbecf,Cornelis Networks,Campaign and Marketing Operations Manager,https://www.linkedin.com/jobs/view/campaign-and-marketing-operations-manager-at-cornelis-networks-4449979174,2026-08-12,yes,linkedin
linkedin:c36393cf8be3,Meta,"Marketing Strategy, Planning, and Operations Manager, Reality Labs",https://www.linkedin.com/jobs/view/marketing-strategy-planning-and-operations-manager-reality-labs-at-meta-4438086140,2026-08-12,no,linkedin
linkedin:157eaf9823d5,"AtriCure, Inc.",Marketing Operations Manager,https://www.linkedin.com/jobs/view/marketing-operations-manager-at-atricure-inc-4439227913,2026-08-12,yes,linkedin
linkedin:f728696c496c,RingCentral,Creative Operations Manager,https://www.linkedin.com/jobs/view/creative-operations-manager-at-ringcentral-4434135827,2026-08-12,no,linkedin
linkedin:b21392581e7f,Firstup,Head of Marketing Operations,https://www.linkedin.com/jobs/view/head-of-marketing-operations-at-firstup-4433292375,2026-08-12,yes,linkedin
linkedin:a41e5a418d3f,USAA,Marketing Manager Senior,https://www.linkedin.com/jobs/view/marketing-manager-senior-at-usaa-4452308783,2026-08-12,yes,linkedin
linkedin:8d130a8f7227,Amazon,"Sr. Marketing Operations Manager, Amazon Leo",https://www.linkedin.com/jobs/view/sr-marketing-operations-manager-amazon-leo-at-amazon-4450673373,2026-08-12,yes,linkedin
linkedin:c398cb1b810d,Holley,CRM Manager,https://www.linkedin.com/jobs/view/crm-manager-at-holley-4450289909,2026-08-12,no,linkedin
linkedin:453fcb01a12b,Nike,"Lead, Energy Marketing Operations, Global",https://www.linkedin.com/jobs/view/lead-energy-marketing-operations-global-at-nike-4453046740,2026-08-12,yes,linkedin
linkedin:f3480ee04315,Planet,Senior Marketing Business Ops Manager,https://www.linkedin.com/jobs/view/senior-marketing-business-ops-manager-at-planet-4432806996,2026-08-12,no,linkedin
